weight_holes,weight_height,weight_bumpiness,weight_line_clear,weight_hollow_columns,weight_row_transition,weight_col_transition,weight_pit_count,weight_to_consider ,score
0.9169706844591561,0.4281731280525396,-0.396530521430303,0.9385735058965377,0.5164876182153815,-0.21104803573309527,0.13533153303883383,0.9981318570421334,"[0, 1, 2, 3, 4, 5, 6, 7]",15.034999999999997
0.3865086621110281,-0.352356407501762,-0.9920539233493633,0.3293906172067178,-0.8035373318935819,0.3285933420313698,0.1333981026167752,-0.06443331646440753,"[0, 1, 2, 3, 4, 5, 6, 7]",29.079000000000036
0.07340941139298907,0.3361870912978797,0.8807990871496147,0.4574907626847047,0.5244650038622904,0.9678077672997658,-0.5646798665164945,-0.5513223731555377,"[0, 1, 2, 3, 4, 5, 6, 7]",10.026
-0.5106534446245286,-0.6273615429323034,0.5871662430740969,-0.4011684569658296,0.16526754585629844,-0.8008418735656202,0.8218477263087651,0.5337651144663316,"[0, 1, 2, 3, 4, 5, 6, 7]",13.034000000000002
0.8003208804273443,-0.3447682296233825,-0.5214272452266648,-0.6225298555714971,0.16192885408943902,-0.393290122639149,0.7091947830279695,-0.5876636915437161,"[0, 1, 2, 3, 4, 5, 6, 7]",20.052000000000007
0.7140596391082998,0.6236261045616656,-0.9481668459886983,-0.1509910864474835,0.8715795163832052,-0.1881876584311788,-0.8917809091813385,-0.6554965664895749,"[0, 1, 2, 3, 4, 5, 6, 7]",17.04
0.9431614474311159,0.934310502418088,-0.0382928046628257,0.7992550443645396,0.3265008788252788,0.3853071420941536,0.04979010794909966,-0.8354018810415074,"[0, 1, 2, 3, 4, 5, 6, 7]",18.04199999999999
-0.756401300927622,-0.033206940211884195,0.6564636129077022,-0.6214474491989299,-0.7372324248910915,0.8684159909826095,0.8304180889053192,-0.10527190778668372,"[0, 1, 2, 3, 4, 5, 6, 7]",10.024000000000003
0.5777997979408016,-0.6047141110853405,0.8627565917215065,-0.6005571748629572,-0.39285842831363693,-0.4456107404058871,-0.2156788914200023,-0.8184002169797466,"[0, 1, 2, 3, 4, 5, 6, 7]",16.047999999999988
