weight_holes,weight_height,weight_bumpiness,weight_line_clear,weight_hollow_columns,weight_row_transition,weight_col_transition,weight_pit_count,weight_to_consider ,score
0.35558558744752644,-0.3139712487890971,-0.03488521962296054,0.3753702968804491,0.6064461003945525,-0.3474356501611726,0.21870799441190303,0.7212489185179662,"[0, 1, 2, 3, 4, 5, 6, 7]",24.05900000000002
-0.6964003387282904,0.7990252990373181,0.47183625292069475,-0.6367472620107548,0.7463046076139486,0.38450930251337256,0.8434396695283819,0.4849762236533688,"[0, 1, 2, 3, 4, 5, 6, 7]",11.028000000000002
-0.5459489108969484,-0.15408451003123447,0.2654321495241396,0.674104654363644,-0.9328642769002342,-0.7956371706318464,0.3927740922580043,-0.42800817954362125,"[0, 1, 2, 3, 4, 5, 6, 7]",19.054999999999993
0.6033040566907162,-0.5947723197862873,-0.14586501290666365,0.74446773945845,-0.7423876828292422,-0.9048787018716218,0.18233665280076394,-0.587260749549912,"[0, 1, 2, 3, 4, 5, 6, 7]",19.046000000000006
-0.0687346620048892,-0.6224198224257191,-0.8155042762364928,-0.8849110225074173,-0.1385520396492872,-0.49158451263991765,0.4074062802981766,-0.8332737386785589,"[0, 1, 2, 3, 4, 5, 6, 7]",57.09699999999993
0.33771131781403163,0.01770360201754806,0.4285282006473181,-0.07778855898967652,-0.7515794244552276,0.5292925136142854,-0.4404141539196802,0.5497109161369054,"[0, 1, 2, 3, 4, 5, 6, 7]",10.029
0.48858291905203766,-0.7899943084902286,-0.8963274229626241,-0.2896182332872903,0.00920360674458709,0.024625187992637132,0.2946585378687516,0.013905360855813509,"[0, 1, 2, 3, 4, 5, 6, 7]",90.13300000000012
0.7762734448351014,-0.7608185559292024,0.893493479061493,0.03012817335297524,0.5892425932492271,0.6084895997344097,0.7767791926617933,0.5220479748008438,"[0, 1, 2, 3, 4, 5, 6, 7]",16.051999999999992
-0.3985411060189854,0.87432291423556,-0.5152389889148539,0.24765516449189295,-0.6137298890407381,-0.7689989859829531,0.27859173984834396,-0.9066610471683276,"[0, 1, 2, 3, 4, 5, 6, 7]",20.049
