weight_holes,weight_height,weight_bumpiness,weight_line_clear,weight_hollow_columns,weight_row_transition,weight_col_transition,weight_pit_count,weight_to_consider ,score
0.3034644921458094,0.11197441164165767,0.519605204546284,-0.881693651292927,0.8849669906233693,-0.37403932991571254,-0.355448031575041,0.531074656302748,"[0, 1, 2, 3, 4, 5, 6, 7]",11.028
-0.402370729145735,-0.9911680542527157,-0.25917771505976983,0.2399488420693583,-0.06710838331105107,0.37962472898599,-0.9027927088124126,0.32292251494498836,"[0, 1, 2, 3, 4, 5, 6, 7]",22.059
-0.1024237590909256,-0.5376764669267062,0.599398126601639,0.8023166967446806,-0.7851473341919315,0.3141141449330571,-0.14485602620342264,-0.634975105016852,"[0, 1, 2, 3, 4, 5, 6, 7]",11.027
-0.7167064586197867,0.8873315337363528,0.6672771724811231,0.3180017202906944,-0.3426493816159957,0.9294730771062241,-0.7061555965450526,0.8104291140406872,"[0, 1, 2, 3, 4, 5, 6, 7]",10.025000000000004
-0.7767040848175926,0.41655851874906324,0.3516776564246826,0.8885042159986383,0.9167260517249509,0.9557551306045275,0.21579176820922386,-0.22265971203881119,"[0, 1, 2, 3, 4, 5, 6, 7]",14.033999999999997
0.8292637373873728,-0.7137546538798385,-0.5764102148848735,0.08830532819800219,0.27315252284289304,-0.6498236154070087,0.4368194867258004,0.3307211653474389,"[0, 1, 2, 3, 4, 5, 6, 7]",23.060000000000002
0.8469200548954263,0.4314337946951585,-0.18310901301996685,-0.8515386695354883,-0.0912153657327528,-0.5744619668946673,0.21029660847799847,0.48822418974533854,"[0, 1, 2, 3, 4, 5, 6, 7]",15.032999999999996
0.9038568346690226,0.9381706271298424,-0.0543892755336981,0.5077505568987029,-0.31633386237749295,0.574043203858486,0.9783776859430373,-0.8197495835614628,"[0, 1, 2, 3, 4, 5, 6, 7]",17.036999999999992
0.28206970161407496,0.7195644612981154,0.3915598471393984,0.48149056256032563,-0.05588836583735257,-0.6356931522754756,-0.8786921186089021,-0.43584395036191226,"[0, 1, 2, 3, 4, 5, 6, 7]",10.030000000000001
