weight_holes,weight_height,weight_bumpiness,weight_line_clear,weight_hollow_columns,weight_row_transition,weight_col_transition,weight_pit_count,weight_to_consider ,score
0.706828593746677,-0.7905305586549938,0.7450828717114941,-0.0768375008467368,0.4540220069750893,0.09918974057282348,-0.14888269070074855,-0.6071595841182167,"[0, 1, 2, 3, 4, 5, 6, 7]",10.028000000000002
-0.725053725026225,-0.13607847756999925,0.10974633071942841,-0.2761663929424123,-0.9612118106518579,0.9112405792956815,-0.11265723978716657,-0.9649874568870538,"[0, 1, 2, 3, 4, 5, 6, 7]",13.035999999999996
-0.040137716780735966,-0.7395956662611431,-0.001722820468299302,-0.45607474830172445,0.4776290335909812,-0.2789886014392824,0.5675096362027894,0.5062158017824618,"[0, 1, 2, 3, 4, 5, 6, 7]",26.063000000000027
0.8328607616139831,-0.7027511474068675,-0.40555280307236896,0.11644694486368556,0.2702088958679183,0.3565655969906818,-0.3810471080363944,-0.8699401139487823,"[0, 1, 2, 3, 4, 5, 6, 7]",28.066000000000027
-0.5003969982273193,-0.6198027153031127,-0.7567816336222852,0.41508304333948143,-0.0426615960611576,-0.5554718232534059,-0.10107739607883648,0.41761890258673473,"[0, 1, 2, 3, 4, 5, 6, 7]",299.35499999999945
-0.18518962279092066,0.877161698079207,-0.2602344112313475,-0.08917711187976662,-0.030445410544760243,0.5482617600980608,-0.6890021130497421,-0.9231545259213836,"[0, 1, 2, 3, 4, 5, 6, 7]",12.033
0.21918998497445208,0.18730458413428885,0.10486173070996041,-0.573390891382453,-0.12623184932341425,-0.26528104794769214,0.8305358326966323,0.1936311907776025,"[0, 1, 2, 3, 4, 5, 6, 7]",12.025999999999998
0.9070512404692248,0.07688774850089786,0.5211000128252274,-0.48486547294104465,-0.7928780592777112,-0.4068302078649424,-0.34258850787848916,0.43602944943680044,"[0, 1, 2, 3, 4, 5, 6, 7]",14.042999999999997
-0.6659452425870263,-0.47994819589642,0.797083964395715,-0.09120560688669799,-0.8999779385605797,0.879245139780634,0.7529790948049657,0.8468434092289587,"[0, 1, 2, 3, 4, 5, 6, 7]",11.029999999999998
