weight_holes,weight_height,weight_bumpiness,weight_line_clear,weight_hollow_columns,weight_row_transition,weight_col_transition,weight_pit_count,weight_to_consider ,score
0.9531043421079068,-0.9146614671440132,0.9639094152840377,0.709911902125921,-0.651735892644723,0.25231551840882815,0.7895797995129841,0.2890622097474955,"[0, 1, 2, 3, 4, 5, 6, 7]",14.040999999999997
-0.924258910147856,-0.08323158286808452,-0.19614330922803735,0.27358645002385273,0.06437865965952416,0.8805727668185257,-0.14033211509464083,0.32713101239901565,"[0, 1, 2, 3, 4, 5, 6, 7]",13.035
-0.5086210422492399,0.2288897376464316,0.31290233669388945,0.12583749520813403,-0.20219505463844922,0.9364949483822222,0.5861854334059218,-0.42335569011757257,"[0, 1, 2, 3, 4, 5, 6, 7]",13.031999999999996
0.4439319087214395,0.7135729505942074,-0.18309287942772468,0.18548810444006625,-0.19744146260518125,0.12065945592373328,-0.46748643001257517,0.7680916384599292,"[0, 1, 2, 3, 4, 5, 6, 7]",12.032999999999998
-0.08615237866449998,0.23579974602805254,0.6874069515251464,-0.032143693045757926,-0.3532643792589236,0.06395511093478534,-0.2680178140183316,0.018977355026326137,"[0, 1, 2, 3, 4, 5, 6, 7]",11.026000000000002
-0.6714811598478125,0.7092562609420541,0.2619765775736287,0.538097232018736,-0.34230364176510264,0.6070363194105086,-0.9723433694782078,-0.42114724428721817,"[0, 1, 2, 3, 4, 5, 6, 7]",12.029999999999998
0.8286485625615878,-0.529124585827264,0.351874171001328,0.783542110931819,0.9508279960932886,-0.5569664058730488,-0.49872077776503,-0.5043879789306125,"[0, 1, 2, 3, 4, 5, 6, 7]",12.037
0.4321505539241197,0.9230477187281625,0.9024762164729538,-0.42585580393802225,-0.40451666718628543,-0.7714683846835986,-0.014802754895976156,-0.6096101036748098,"[0, 1, 2, 3, 4, 5, 6, 7]",16.035999999999994
0.5223615803085684,0.9988794683020672,-0.6503455363888531,0.4515161842587716,-0.15671821352155857,0.3853734644880491,-0.667948235358534,-0.35256986343952823,"[0, 1, 2, 3, 4, 5, 6, 7]",17.042999999999996
