weight_holes,weight_height,weight_bumpiness,weight_line_clear,weight_hollow_columns,weight_row_transition,weight_col_transition,weight_pit_count,weight_to_consider ,score
-0.9145675776219131,0.06970365617168794,0.8032280235064728,-0.18320755247371112,0.01751898789073425,-0.1271952401231835,-0.1308212026085127,0.11723074676502421,"[0, 1, 2, 3, 4, 5, 6, 7]",18.046999999999993
-0.041850512596705025,0.8328135279817395,0.386820238019586,0.6448867327983343,0.7265508559878302,0.19655730960096807,-0.20951905711895802,0.9379310246228647,"[0, 1, 2, 3, 4, 5, 6, 7]",12.026
-0.5176075899565511,-0.3297863777215686,-0.32879741870811174,0.8466216250278311,-0.7666430770019486,0.23312373699666078,0.25094325023072717,-0.36227556708646036,"[0, 1, 2, 3, 4, 5, 6, 7]",415.368999999998
0.07566974589593634,-0.0775578583094827,0.9508945333153849,0.05055075184570068,0.3233137299512181,-0.2263476957796029,0.5602503265356606,-0.1477707534019852,"[0, 1, 2, 3, 4, 5, 6, 7]",11.031000000000002
0.9424399260262495,0.7114367976515847,0.893401498432477,-0.9622992871272407,0.5325436182441625,-0.6154507237312346,0.41641093173711785,-0.14629395267678347,"[0, 1, 2, 3, 4, 5, 6, 7]",12.033000000000003
-0.9662325591603236,-0.294136517923852,0.9108418475626376,0.05667194270730502,0.3962577356154964,0.03657794385026669,0.5692742489686833,-0.34333176089350204,"[0, 1, 2, 3, 4, 5, 6, 7]",16.04999999999999
-0.3397302324336837,0.9555833644316769,-0.44876384982550355,0.6451169158959815,0.815856272853315,0.9370831150793362,-0.6234134826603761,-0.12808447375967758,"[0, 1, 2, 3, 4, 5, 6, 7]",9.028000000000004
0.17174575709115758,0.22714557788002643,-0.45483847730940163,0.2560421822168333,-0.4460149798682558,0.4656304967307765,0.3673270280382619,0.22933012830155652,"[0, 1, 2, 3, 4, 5, 6, 7]",14.036
-0.24900531461718134,0.21873882000031797,0.6552149446334219,0.8941095252318227,0.005694240589927402,-0.17549950332844722,-0.5710931739032892,-0.2098118476054558,"[0, 1, 2, 3, 4, 5, 6, 7]",12.030000000000003
