weight_holes,weight_height,weight_bumpiness,weight_line_clear,weight_hollow_columns,weight_row_transition,weight_col_transition,weight_pit_count,weight_to_consider ,score
-0.8169008280807162,-0.9774169666010104,0.5425981303008593,0.3043106095805328,0.8720664372700133,-0.954160215291298,-0.7212792126376686,0.24233326894064144,"[0, 1, 2, 3, 4, 5, 6, 7]",18.044999999999995
0.8307664675104851,-0.518660446259317,0.6588615260697925,0.14806815321439548,0.11145316114381743,-0.24090543049028001,-0.7836975059210307,-0.8521251052414458,"[0, 1, 2, 3, 4, 5, 6, 7]",14.036999999999997
0.11918580044010985,0.4790013457591107,0.5140498020619673,-0.5754723157461497,0.764014762245822,-0.4543968515175387,0.8486722940224325,0.304381096595973,"[0, 1, 2, 3, 4, 5, 6, 7]",14.035999999999994
0.9120892373268086,-0.59811647037183,-0.32501183029752,0.4837639196064516,0.4719263360967676,-0.2494948073176788,0.5632086630391595,-0.3597646309807023,"[0, 1, 2, 3, 4, 5, 6, 7]",18.046999999999993
-0.6953008342407727,0.3072850537975984,-0.5974769737677881,-0.33532717393133327,-0.2808834877086206,-0.7565614341920939,-0.53414551695054,0.23358790855552436,"[0, 1, 2, 3, 4, 5, 6, 7]",27.05300000000002
-0.4199999250945563,-0.4826586423490171,0.8617580279285126,-0.2912387591660337,0.13421418749574543,-0.5869626357537225,-0.5230933577012387,0.8680365973352582,"[0, 1, 2, 3, 4, 5, 6, 7]",10.035000000000005
0.6705331118835278,-0.04443188547701871,0.4318521986874049,0.0874902902949255,-0.91837627474442,0.5327937736031301,-0.7140725420940475,0.6275402044690932,"[0, 1, 2, 3, 4, 5, 6, 7]",10.020000000000001
-0.5202001045719304,-0.38667501455406517,-0.08678621104617879,-0.4619336217148118,-0.5954144690375933,0.6838678660813418,-0.6289711943572396,-0.272828197055901,"[0, 1, 2, 3, 4, 5, 6, 7]",12.028999999999996
-0.7389205746772589,-0.22628622334919757,-0.24244091591028938,0.11679243056012867,0.01919132751150099,0.34250906087417166,-0.3593941383049484,-0.48402268993027664,"[0, 1, 2, 3, 4, 5, 6, 7]",17.04799999999999
