weight_holes,weight_height,weight_bumpiness,weight_line_clear,weight_hollow_columns,weight_row_transition,weight_col_transition,weight_pit_count,weight_to_consider ,score
0.5250023554250618,0.6251213509203188,-0.0271962030221109,-0.5558361206628768,0.6337783038763749,-0.02785817912924604,0.41068666004932197,0.1544070073249162,"[0, 1, 2, 3, 4, 5, 6, 7]",14.027999999999995
0.5136496558422365,0.4433848122484465,0.9181225290690487,0.12180260853473857,-0.9141299729535504,0.7106244306969884,0.41701830849098376,-0.4945867640562811,"[0, 1, 2, 3, 4, 5, 6, 7]",13.036999999999999
0.37415262824609985,0.8336296720038006,-0.8165141086826506,0.02343676980512277,-0.9146617032703621,0.4081034241299144,-0.2943165351324819,-0.47738144941745375,"[0, 1, 2, 3, 4, 5, 6, 7]",16.04399999999999
-0.4344253878499704,-0.4689407860940795,-0.9305215112593259,-0.5262083008962506,-0.22689622136518794,-0.6584906822249996,0.5103821876357837,0.36681800808436194,"[0, 1, 2, 3, 4, 5, 6, 7]",74.11699999999999
-0.07271545194563456,0.8239967195713891,0.026699394284870115,-0.22502143093259774,-0.9832616429564589,0.9077360668554002,-0.587051319337319,-0.72941748062257,"[0, 1, 2, 3, 4, 5, 6, 7]",14.034999999999997
0.3735614409229986,-0.05629754876370807,0.05381292976225849,0.5352300750901058,-0.8625175067637354,-0.15349696409192193,0.6734299459842448,0.916054727487049,"[0, 1, 2, 3, 4, 5, 6, 7]",10.021
-0.012397973219733016,-0.3780409591271807,-0.7186906253678149,-0.36533456005127674,0.6866519228104868,-0.342186657005384,-0.5072933563867503,-0.15841458961288302,"[0, 1, 2, 3, 4, 5, 6, 7]",339.36099999999857
-0.5127936977556646,-0.5062882690699106,0.7942058680762456,-0.5891205599112972,-0.8349101816061304,0.9776279890359545,-0.3300177157586861,0.3245705097683529,"[0, 1, 2, 3, 4, 5, 6, 7]",10.024000000000001
0.6053170926171525,-0.11118233542175293,-0.05041633721384664,0.1251974725365892,0.08940789420513151,-0.3476855269626491,-0.15019453399010074,-0.351676567859986,"[0, 1, 2, 3, 4, 5, 6, 7]",16.033999999999992
