weight_holes,weight_height,weight_bumpiness,weight_line_clear,weight_hollow_columns,weight_row_transition,weight_col_transition,weight_pit_count,weight_to_consider ,score
-0.12628049238038086,0.48194241034139074,-0.259050005618807,0.49763233417740405,0.37331262321740466,0.7846896572297712,0.1830381843358473,0.49283523390362816,"[0, 1, 2, 3, 4, 5, 6, 7]",15.038999999999996
-0.008702788783556459,0.1544596852339004,-0.20189922858531206,-0.03911621107174379,-0.7585641171988531,0.03678035150248671,-0.841933105250706,0.7152685820102898,"[0, 1, 2, 3, 4, 5, 6, 7]",13.034999999999998
-0.8224723103437397,-0.9360378074822691,0.892239077356183,0.8806290861225694,-0.49735331688627515,-0.8748634650412619,-0.7915076094821836,-0.13814491982946198,"[0, 1, 2, 3, 4, 5, 6, 7]",18.05
0.6976065879398965,0.2913912129174818,0.26816279620060457,0.061458773557141244,-0.8022805285908152,-0.6893980643546527,-0.2265374409767018,-0.6698850286200608,"[0, 1, 2, 3, 4, 5, 6, 7]",12.028
-0.6615293704897025,0.9342875240402302,-0.25802659124752525,-0.24719758560063032,0.45921432125299977,-0.9710010642295277,-0.6663598886857123,0.38791251805175175,"[0, 1, 2, 3, 4, 5, 6, 7]",20.051000000000002
0.3741401109891478,-0.36577198227982577,-0.5637673543790376,0.5294271413820515,0.05557620288709142,-0.8916459432320587,-0.21614378852980276,-0.3049815090750534,"[0, 1, 2, 3, 4, 5, 6, 7]",147.18700000000047
0.748504612612453,-0.029544843967120427,0.5122621292459488,0.11068913633667976,0.6328105954405274,0.9376744559539012,-0.39389708923726996,0.07102610945218313,"[0, 1, 2, 3, 4, 5, 6, 7]",11.027000000000001
-0.784149669788551,0.8002111958660287,-0.08690518592414032,0.9175206051345646,0.11478173546483106,0.29720134164468814,0.9121483089815714,0.5790766138045658,"[0, 1, 2, 3, 4, 5, 6, 7]",16.03799999999999
0.3322263172670066,0.40646618218729014,-0.786069392321012,0.7083165948010963,-0.9200672217399504,-0.24418919566793118,-0.002148773173179519,-0.08299801224719694,"[0, 1, 2, 3, 4, 5, 6, 7]",12.026999999999997
