weight_holes,weight_height,weight_bumpiness,weight_line_clear,weight_hollow_columns,weight_row_transition,weight_col_transition,weight_pit_count,weight_to_consider ,score
-0.30915029512332226,0.5264962477963278,0.3402926104574,-0.1402857042971346,-0.513551031821315,-0.40157322610206436,0.1188377849724036,0.15172679317695548,"[0, 1, 2, 3, 4, 5, 6, 7]",10.023
-0.3060835273199971,-0.7680017233952716,0.6687305659514868,-0.9133387808833087,0.35943954886635976,0.18613742922773668,0.6343324352657953,0.1874536831719198,"[0, 1, 2, 3, 4, 5, 6, 7]",16.04699999999999
-0.1874802707522223,0.9391896227160279,-0.3753633039365376,-0.5298985183792775,-0.07110780784707416,0.814878881167352,0.514897822742612,0.3270219890925139,"[0, 1, 2, 3, 4, 5, 6, 7]",12.028
-0.4100596767810121,-0.15161275326565127,0.2750736376673417,0.8429601554524195,-0.6913680995594667,0.9284165871196988,-0.7168968497311423,0.5593886933718815,"[0, 1, 2, 3, 4, 5, 6, 7]",13.03
-0.34503398402658636,0.9989674388046579,-0.17008071016827975,-0.09873642450599585,-0.20282386773108874,0.9596961634346772,-0.34912385405307966,-0.7091205816147355,"[0, 1, 2, 3, 4, 5, 6, 7]",12.026999999999997
0.865397096575742,-0.35311153253488503,0.5028570085581168,0.772448537018189,0.6886953627619099,0.2850739798941313,-0.46942963759492073,0.03199535780038887,"[0, 1, 2, 3, 4, 5, 6, 7]",12.027000000000003
0.68168360125029,0.8964627109297116,0.8429911207807654,0.3166039764933386,-0.33218610235137147,-0.43284987803009556,0.8036697955158423,-0.2376048610358461,"[0, 1, 2, 3, 4, 5, 6, 7]",11.022999999999998
0.2934138322069644,-0.33359553055750113,-0.811320347698699,-0.6096178159294439,0.6964208150413362,0.5369756325578678,0.15554815704041114,0.32680795551693276,"[0, 1, 2, 3, 4, 5, 6, 7]",36.08400000000002
0.6791131988834518,0.7833464048131693,-0.02666325460728669,-0.21766018902358475,-0.4254706996848745,-0.04441129867966076,0.2975505264385814,-0.16904114591745945,"[0, 1, 2, 3, 4, 5, 6, 7]",14.036999999999997
