weight_holes,weight_height,weight_bumpiness,weight_line_clear,weight_hollow_columns,weight_row_transition,weight_col_transition,weight_pit_count,weight_to_consider ,score
-0.06181538253649177,-0.6352782280829725,0.6339904636526621,0.8767196670699564,0.7236609418366022,-0.8486625415714408,-0.6110067431760864,0.6518771677042299,"[0, 1, 2, 3, 4, 5, 6, 7]",17.043999999999993
0.6672912958072035,-0.03830433913301756,0.15937806078754124,0.6890064329411598,-0.17676603704104332,-0.4853483831654859,0.7194761278938862,0.5379840844918113,"[0, 1, 2, 3, 4, 5, 6, 7]",15.029999999999996
0.9946151857072949,0.643365170788079,-0.989838268485874,0.6053547064018214,-0.3618380226686737,0.9087961765927381,-0.4321539759967714,0.18414950307679345,"[0, 1, 2, 3, 4, 5, 6, 7]",14.036999999999994
0.26600810506429906,0.4093004945667016,-0.8611391110038706,-0.4806628280596077,0.3935377681438901,-0.16515141556665025,-0.9326505757085184,-0.7340244359998791,"[0, 1, 2, 3, 4, 5, 6, 7]",36.08100000000002
-0.08328711494639318,-0.34942533528644004,0.9013268139952009,0.7825985908743198,0.9813695912037317,0.6247630055629567,-0.8824974994330912,-0.9735079382717589,"[0, 1, 2, 3, 4, 5, 6, 7]",14.039999999999992
0.4343912987480043,0.17666402599410524,0.6913335162207765,-0.4916613825212519,0.777517505448166,0.44049427336829905,0.4381609611956845,-0.24570285403186976,"[0, 1, 2, 3, 4, 5, 6, 7]",9.023000000000001
0.7324874030808615,0.8640321745282842,-0.011574077016330175,-0.7646560951428891,0.6862266899549634,-0.13606022696457454,-0.8430587527804028,0.5109009183562143,"[0, 1, 2, 3, 4, 5, 6, 7]",14.038999999999998
-0.09115772342285866,0.32395357523802915,0.03355562826002667,-0.13085701510929604,-0.48640236314243857,-0.960927689832004,0.8589092263672007,-0.3202940503651106,"[0, 1, 2, 3, 4, 5, 6, 7]",15.027999999999995
-0.4240517991084687,0.4164560501451702,-0.27411801898754784,-0.03531764455340625,0.9609077191068498,-0.4906964414548203,0.5088006704265999,-0.8711863727591078,"[0, 1, 2, 3, 4, 5, 6, 7]",22.063000000000006
