weight_holes,weight_height,weight_bumpiness,weight_line_clear,weight_hollow_columns,weight_row_transition,weight_col_transition,weight_pit_count,weight_to_consider ,score
-0.24406668166558054,-0.3595825845539884,0.9659738859393956,-0.9128581402419937,0.5922895217326323,0.9849356382498631,-0.13296720554502972,0.6459868347573785,"[0, 1, 2, 3, 4, 5, 6, 7]",17.05099999999999
-0.35951437047993484,-0.9842446550094963,0.6746491258160807,-0.8515448795378249,0.37738964784659323,0.7936195659558272,0.7323609327799518,-0.533269066067773,"[0, 1, 2, 3, 4, 5, 6, 7]",17.049999999999994
-0.4763841719654327,-0.6381069738482201,0.6164477410627633,0.07828576760450456,0.9489235863839198,-0.0683961496886154,0.0008551976679387341,0.83460719814153,"[0, 1, 2, 3, 4, 5, 6, 7]",15.040999999999991
0.8781423534061659,0.11641974976773994,0.6003511794497938,-0.21475309920342922,0.7633254223484587,-0.3864621361405387,-0.31208891242296155,0.7866899278681099,"[0, 1, 2, 3, 4, 5, 6, 7]",11.023
-0.606210126283286,0.35794145605639005,0.880028485896384,-0.38756733062469073,-0.8037668766775496,-0.5606119335574657,-0.5334263037970783,-0.26198574904423744,"[0, 1, 2, 3, 4, 5, 6, 7]",11.034999999999998
0.14535219006053257,0.7858008823653935,-0.13316742857391972,-0.5087532469886624,0.6815685580457587,-0.08146041239467139,0.7350785357755278,0.6366600291592175,"[0, 1, 2, 3, 4, 5, 6, 7]",17.039999999999996
0.27571256369881914,-0.9870768493760105,-0.6429030243419329,-0.3464086272215412,-0.836514376331285,-0.061918694579343736,-0.6254871558162731,-0.5603850717443983,"[0, 1, 2, 3, 4, 5, 6, 7]",359.36899999999764
0.48089628803819195,-0.9027185763521481,-0.27295873804792814,-0.5334802647290398,0.9138317172513484,0.10362977361461745,0.8708317640937722,0.74686987984054,"[0, 1, 2, 3, 4, 5, 6, 7]",26.06200000000002
0.29754174342268036,-0.008507412354285204,0.49829863899923277,-0.9081085786749112,-0.5996257674481358,0.10440561587805086,0.9958500983592984,0.6797990220456567,"[0, 1, 2, 3, 4, 5, 6, 7]",10.022000000000002
