weight_holes,weight_height,weight_bumpiness,weight_line_clear,weight_hollow_columns,weight_row_transition,weight_col_transition,weight_pit_count,weight_to_consider ,score
0.38511839642475376,0.37402947218757565,-0.7954110803552696,-0.49600686367465485,-0.7472490818885922,0.8309470051603862,0.6230624519721526,0.8609296482382929,"[0, 1, 2, 3, 4, 5, 6, 7]",18.047999999999995
-0.5354825270393275,-0.1801519309789188,-0.8531115920415742,-0.6083780445213198,0.9478260577360609,-0.6427692308259356,-0.29878026128436797,0.2774086499835884,"[0, 1, 2, 3, 4, 5, 6, 7]",117.17400000000023
0.5953537079080711,-0.12010736370744635,-0.6429384149564057,0.4807473762164416,0.18936689496014325,0.20107285497699445,-0.800579712363114,-0.007578903189997543,"[0, 1, 2, 3, 4, 5, 6, 7]",33.06300000000002
-0.07787482963158632,-0.7017202684506669,-0.5050349237464067,0.3040670737535329,0.5976335993732862,-0.6988084003406811,-0.43995413749329515,-0.7684440908601271,"[0, 1, 2, 3, 4, 5, 6, 7]",342.3659999999985
-0.8743718188616334,0.5552104780067166,0.8606772795923003,-0.7763228657329317,0.13884673287606897,0.5820904311685275,0.5365959134572234,0.3813251206545685,"[0, 1, 2, 3, 4, 5, 6, 7]",12.030999999999999
0.23700008365970504,0.1922397776853484,-0.10407674906330655,-0.17982315303399798,0.4078837582055945,-0.1789060145159791,0.8289180965862688,-0.693119661427881,"[0, 1, 2, 3, 4, 5, 6, 7]",14.031999999999995
0.8977226730276393,0.751171754030473,0.27491765423834913,0.9100104820663,0.7215788418014859,-0.27902612455723985,0.6003502804634349,0.8640110041031863,"[0, 1, 2, 3, 4, 5, 6, 7]",15.035999999999992
0.8412870413487956,0.42810415686247727,0.048190459648075334,0.04240195749688791,-0.0606271958005733,0.18086401516418338,0.5984409130315131,0.5680329251948033,"[0, 1, 2, 3, 4, 5, 6, 7]",13.030999999999997
-0.38977930026516283,0.5481060465363894,0.2023734202152483,-0.22519272080218244,0.7288153476063617,-0.8877427929623662,0.23000085867280373,0.9364409262283795,"[0, 1, 2, 3, 4, 5, 6, 7]",12.027999999999999
