weight_holes,weight_height,weight_bumpiness,weight_line_clear,weight_hollow_columns,weight_row_transition,weight_col_transition,weight_pit_count,weight_to_consider ,score
0.13286621022475553,0.27200276978152216,0.8151366300557019,0.8837181001542498,0.5439935483984477,0.1570598208220062,-0.9660853361318993,0.6267863944948775,"[0, 1, 2, 3, 4, 5, 6, 7]",10.030000000000001
0.9876353203433257,-0.3478202176792873,0.859547920126033,0.3330637675991437,-0.715644512603183,-0.13018692550250988,0.3373139141961279,0.5721009948259277,"[0, 1, 2, 3, 4, 5, 6, 7]",12.033
-0.6543213594030404,-0.7270795708050795,-0.6000125077580054,-0.10011420748364142,0.9892290780914796,-0.9161210368793347,0.3203858790393799,0.8165596983085273,"[0, 1, 2, 3, 4, 5, 6, 7]",20.05599999999999
0.11774247562519102,0.26232495645072507,-0.4675583434010637,-0.3338168469359961,0.2365528594649111,-0.844141437965761,-0.11208394405467415,0.8447745970320815,"[0, 1, 2, 3, 4, 5, 6, 7]",18.039999999999996
0.4957464495820805,-0.4445391455923564,-0.07200689246981962,0.4618918366918756,0.8850285167489367,0.8042859769521045,-0.05737260750033557,0.20460013113503006,"[0, 1, 2, 3, 4, 5, 6, 7]",15.036999999999995
-0.19656525614990716,0.1564959141753688,0.46430085406744226,0.6845750822687806,-0.7300260198514184,0.4691032072912735,-0.09965505012230413,0.7624041420227525,"[0, 1, 2, 3, 4, 5, 6, 7]",9.027000000000003
0.6227232248287566,0.042140672056807604,0.8442501967872358,0.8324757506081337,-0.0807791641327611,-0.9091171517473353,0.18721932468849523,0.35122912815746754,"[0, 1, 2, 3, 4, 5, 6, 7]",10.024000000000003
-0.4485741258380067,-0.4640971771252631,0.6442078064263899,-0.7995038327946198,0.10081845729692906,-0.7855041439837096,-0.9012974988297602,-0.8676180884035953,"[0, 1, 2, 3, 4, 5, 6, 7]",19.049999999999994
0.7074397468563023,0.5922756136949874,0.876903720431351,0.3327422941328795,0.5946045831541495,-0.9783273873390121,0.30020988455065245,0.6702743331877159,"[0, 1, 2, 3, 4, 5, 6, 7]",11.026
