weight_holes,weight_height,weight_bumpiness,weight_line_clear,weight_hollow_columns,weight_row_transition,weight_col_transition,weight_pit_count,weight_to_consider ,score
0.24000805213936172,0.7950646652033841,-0.11484765441024103,0.33260554193963765,0.5716707742187295,-0.44612049401729137,0.23546453945074064,-0.9071901625288199,"[0, 1, 2, 3, 4, 5, 6, 7]",14.031999999999995
0.8388225985638635,-0.014403362523186969,0.03531791304569776,-0.28301991866592635,0.6298849822931294,0.24726304530422283,-0.6392973999865679,-0.16757971803492389,"[0, 1, 2, 3, 4, 5, 6, 7]",10.022000000000006
-0.8140762773550279,-0.8988188057983812,-0.1453807731054959,0.2035263689906417,-0.9449097608630683,-0.3648092465808048,-0.22788336255852637,0.2916458877158157,"[0, 1, 2, 3, 4, 5, 6, 7]",362.36999999999875
0.6868462540381892,-0.1540531190018608,0.38786845173927786,0.027682491859746472,-0.3498008412621174,-0.2787769797853896,-0.3437304752977608,0.45698130099293777,"[0, 1, 2, 3, 4, 5, 6, 7]",14.035999999999994
-0.3775116134205283,-0.13273818365664036,-0.7238017777771653,0.19765956260874917,0.666923616364764,0.664455920639428,-0.18083975339062985,-0.6164114660206435,"[0, 1, 2, 3, 4, 5, 6, 7]",26.06500000000002
0.9496842305319209,0.09806164170685405,-0.21471659500366158,0.6258164702134388,-0.265514745404956,-0.4599329430254999,0.23756501844578515,0.9431306747086332,"[0, 1, 2, 3, 4, 5, 6, 7]",11.024000000000001
-0.4037112650870729,0.23068676147755163,-0.6428174297874152,0.8961720761246157,0.047319370921613535,0.35655576076540685,-0.7780926537986785,-0.7429376235449958,"[0, 1, 2, 3, 4, 5, 6, 7]",34.083000000000034
-0.7272651577875373,0.6348489810107931,-0.18179714599680263,-0.8632390579329654,0.3576500502895652,-0.19652519228599274,0.7990793295793654,-0.74595780351922,"[0, 1, 2, 3, 4, 5, 6, 7]",20.054000000000002
-0.1789918995692339,-0.7835887603545257,-0.33729834584195917,0.2980928707601942,0.2556830411858344,0.517934050146031,0.7815082017171351,-0.6122644786926217,"[0, 1, 2, 3, 4, 5, 6, 7]",23.06600000000001
