weight_holes,weight_height,weight_bumpiness,weight_line_clear,weight_hollow_columns,weight_row_transition,weight_col_transition,weight_pit_count,weight_to_consider ,score
0.464249591161606,-0.9534111352788428,-0.26787328215673534,0.6846059329447007,-0.8419475940328085,0.22210981912868122,0.7248566516862966,-0.3029293336964016,"[0, 1, 2, 3, 4, 5, 6, 7]",19.047000000000004
0.7822529668754106,0.2675277970761696,-0.8857542507010772,-0.9465909402467245,-0.9651746656776088,0.04844349641160428,-0.19420906078575761,-0.745762522703469,"[0, 1, 2, 3, 4, 5, 6, 7]",19.046
0.8834497938725674,-0.13192109277946074,-0.604233122331395,-0.727066191606673,-0.16174442629738017,-0.21309619824775194,-0.2940426424491165,0.5509268197604145,"[0, 1, 2, 3, 4, 5, 6, 7]",17.042999999999992
0.11531237527615423,0.45169619155415863,0.7096837645798606,0.15624622658199128,-0.8143857702379427,0.6387851039075081,0.996760515448099,-0.120818374400119,"[0, 1, 2, 3, 4, 5, 6, 7]",12.02
0.13220704716633724,-0.22533421736257564,-0.9219181553546889,-0.24983030799767736,0.6095355851490636,0.9380275100998972,-0.9133316378525367,-0.9021792215963524,"[0, 1, 2, 3, 4, 5, 6, 7]",21.063000000000006
0.5105332664609064,-0.9837622661363319,0.9030550253173766,-0.01451317816904596,-0.2624455009516453,0.9400006076662502,-0.7171062533500205,-0.6674912435555378,"[0, 1, 2, 3, 4, 5, 6, 7]",12.027
-0.9209152346338607,0.184446755532931,-0.31430411715100304,0.3454800664279285,-0.7554532897803954,-0.6791689560255632,-0.03771929468829294,-0.22380808719338408,"[0, 1, 2, 3, 4, 5, 6, 7]",29.07300000000003
0.2208238738667252,-0.4388428480265525,-0.2976717476347053,-0.7962955882552534,0.8114306589192994,0.9890878982043465,0.908211893171986,0.41304642450835916,"[0, 1, 2, 3, 4, 5, 6, 7]",18.038999999999987
-0.12275304587263514,0.7071446824998715,-0.4518516052958923,-0.8713642424497108,0.7772653557477534,-0.7460753003514893,-0.5321215506480574,0.40707485431834156,"[0, 1, 2, 3, 4, 5, 6, 7]",18.040999999999993
