weight_holes,weight_height,weight_bumpiness,weight_line_clear,weight_hollow_columns,weight_row_transition,weight_col_transition,weight_pit_count,weight_to_consider ,score
0.6081382073505097,-0.7184961062733202,0.21539822420444654,-0.3550730946533547,0.622717817289806,-0.21360389381578848,-0.7142351133502516,-0.05862181151692769,"[0, 1, 2, 3, 4, 5, 6, 7]",15.044999999999993
-0.2668062362218644,-0.058025739988965874,0.8548127735191893,-0.6642973238653478,-0.22125285844626186,0.7796058618923807,-0.8400406276877974,-0.47724835922537734,"[0, 1, 2, 3, 4, 5, 6, 7]",18.056999999999995
-0.4872370383860858,-0.9619679676341071,-0.4684255240936479,-0.9669368344883562,0.6510488795769771,0.3860088937007511,-0.2000422936075088,0.6934590065628758,"[0, 1, 2, 3, 4, 5, 6, 7]",43.09899999999998
0.05800466411411653,0.2249413890207974,-0.5356634263611095,0.13426836215279359,-0.6208453420370037,-0.9014090721495189,-0.05954445541788167,-0.553249813146748,"[0, 1, 2, 3, 4, 5, 6, 7]",33.07300000000003
0.5151055029572369,0.3669208198525604,0.14799752636801866,-0.1864360298188965,0.9538214752412622,0.741285690938287,0.08845707599838049,-0.02133988479824178,"[0, 1, 2, 3, 4, 5, 6, 7]",11.027
0.001806267433603459,0.2156026250883818,0.7794442003849835,0.5366244696793485,0.022666572018801956,0.9914775837947196,0.8385295309689833,-0.564664273406061,"[0, 1, 2, 3, 4, 5, 6, 7]",10.026000000000003
-0.22780543951274113,-0.8151472602490359,-0.2800609996159762,-0.6975014390425429,-0.7823939944809193,0.748639795650444,-0.5376614605982644,0.010737697764670484,"[0, 1, 2, 3, 4, 5, 6, 7]",13.035999999999994
0.6693734846823896,0.13509219552903184,0.3215395275869355,-0.6472434435818788,0.5236013119363248,0.023095733157792786,0.5849176784513892,0.7031886493279755,"[0, 1, 2, 3, 4, 5, 6, 7]",13.033999999999999
-0.786171933004888,-0.3550549582488902,0.8980782235389837,-0.13563079601122552,-0.6955825233250572,-0.3585921888497756,-0.07263626035354243,-0.9336015759497189,"[0, 1, 2, 3, 4, 5, 6, 7]",22.057000000000006
