weight_holes,weight_height,weight_bumpiness,weight_line_clear,weight_hollow_columns,weight_row_transition,weight_col_transition,weight_pit_count,weight_to_consider ,score
0.35906052508924646,0.27249817275400723,0.11141100096494094,-0.4035861876565068,0.117474314246089,-0.7721378870473201,-0.1749948863509596,-0.6048218684355251,"[0, 1, 2, 3, 4, 5, 6, 7]",12.036999999999997
-0.9736364227777525,-0.012002753452732717,-0.5672498392101939,0.38571660703356825,0.23827650399326727,0.919943780587483,0.6000553583268391,-0.08747771776463109,"[0, 1, 2, 3, 4, 5, 6, 7]",18.04399999999999
0.19269546832708118,-0.3763900692383044,0.3390803413615764,-0.06321890979856004,0.7312706795125823,0.11897307073228824,-0.8602368152101385,-0.8393461263610331,"[0, 1, 2, 3, 4, 5, 6, 7]",15.036999999999994
0.9415947455863878,-0.7404311820825835,0.3753363636960749,0.7501719407775926,-0.15711372856464334,-0.9997952309480744,0.6006614045128582,-0.9926210097617783,"[0, 1, 2, 3, 4, 5, 6, 7]",12.021999999999998
-0.23721421044744084,0.8604966985910203,0.05229484963777731,0.6124116399483404,0.6738957274447623,0.0412944604526293,-0.5742498223298032,0.2977274355973383,"[0, 1, 2, 3, 4, 5, 6, 7]",12.031999999999998
0.9187145855741559,-0.8693061645887039,-0.8478152005230732,0.9929140146554445,-0.8086739740674813,-0.9297186960077071,-0.1448357074716664,0.4971059517880496,"[0, 1, 2, 3, 4, 5, 6, 7]",87.13000000000007
0.3370794798118071,-0.7306795814799931,-0.49607174161677636,-0.5646482303068368,0.707684730847308,0.1417873556713718,0.04074453792031307,-0.8976802916745068,"[0, 1, 2, 3, 4, 5, 6, 7]",286.29599999999994
-0.15012739536760678,0.24502250356997135,-0.6996470907328334,0.036464659975928404,-0.7900135000905815,-0.3933097532498091,0.2207012135535671,0.4738623350924773,"[0, 1, 2, 3, 4, 5, 6, 7]",37.07500000000002
0.6085715319289449,0.3481027865236066,0.2691497988463907,0.4535248568235546,-0.3351258685434668,0.8745020925722877,0.32445912069068594,-0.4687744252768584,"[0, 1, 2, 3, 4, 5, 6, 7]",9.018000000000002
