weight_holes,weight_height,weight_bumpiness,weight_line_clear,weight_hollow_columns,weight_row_transition,weight_col_transition,weight_pit_count,weight_to_consider ,score
-0.0630028548817283,0.135417434374554,-0.5521662077400795,-0.16255443904613354,-0.024113180471176276,-0.47343033295590664,-0.8120171416046267,0.6807685702105801,"[0, 1, 2, 3, 4, 5, 6, 7]",14.036999999999995
0.1405638725160221,0.16921673610621424,0.5711962441636114,-0.3674997912811562,-0.9870585244333259,0.0063985072863348424,-0.35416454114184304,0.8491437378508853,"[0, 1, 2, 3, 4, 5, 6, 7]",8.020000000000001
-0.46668794895483834,-0.8645005037477096,-0.5149055045440367,-0.1258505758631323,0.42618502398475866,-0.31268512185760167,0.5851518998398746,-0.9901935010491782,"[0, 1, 2, 3, 4, 5, 6, 7]",145.20900000000043
-0.6348641414987746,-0.6376959347338202,0.5625668145195049,0.3269015356224796,-0.08786912061681518,0.5262523640208505,-0.04491434896036828,0.4443405127168185,"[0, 1, 2, 3, 4, 5, 6, 7]",12.029999999999998
-0.6902844532806358,0.0858767717758393,0.18528269529191332,-0.9176058333531547,-0.937435732372252,-0.572123372433893,-0.9863310787710864,-0.19920090765362164,"[0, 1, 2, 3, 4, 5, 6, 7]",17.046999999999993
0.3207433245561555,0.6614841742067576,0.376791283570334,-0.024852564077883388,-0.7193242796131107,0.621172350139672,-0.005239595943250741,-0.4528491738513718,"[0, 1, 2, 3, 4, 5, 6, 7]",14.033999999999995
-0.36045751564231177,-0.9884058992108495,-0.8795151673992632,0.39827889615780365,0.3432634822419962,0.3560137955778844,0.3711666083198888,-0.5554173242629892,"[0, 1, 2, 3, 4, 5, 6, 7]",86.13500000000013
-0.6382756196848685,-0.44838270093269195,0.5503228237304352,0.6413975944424435,0.42723195246294376,-0.9985860708902945,0.641958855389168,-0.61367250550616,"[0, 1, 2, 3, 4, 5, 6, 7]",11.024
-0.9140662279700607,0.5856615533920415,0.9567875429509047,0.7406026293017207,0.6724484277022864,-0.6875476112500658,-0.5040679435387716,-0.45232213108772146,"[0, 1, 2, 3, 4, 5, 6, 7]",11.029999999999998
