weight_holes,weight_height,weight_bumpiness,weight_line_clear,weight_hollow_columns,weight_row_transition,weight_col_transition,weight_pit_count,weight_to_consider ,score
0.13296861866982956,0.9297834602737283,0.9600846256112756,-0.2446956076510265,0.3458621544222691,0.18381189704279288,0.4732505570060854,-0.6128580188887245,"[0, 1, 2, 3, 4, 5, 6, 7]",11.023
0.9828975260275861,-0.19870968420206103,-0.906224593008665,0.011373081878657043,0.9443556666029522,-0.5767371358242843,0.7237123270502397,0.6285448914314311,"[0, 1, 2, 3, 4, 5, 6, 7]",17.041999999999994
-0.1565447266372093,-0.2580911482800463,0.2094649699176072,-0.2523634083011961,-0.8617475049629209,0.026050556084297405,-0.8144094852631887,0.0264839000704733,"[0, 1, 2, 3, 4, 5, 6, 7]",24.077000000000012
-0.2436762483811965,-0.5167310620039474,-0.44412396144852706,-0.1795196164971251,-0.7340781447493521,-0.041265121913078406,0.7441571336739758,0.14145316944141095,"[0, 1, 2, 3, 4, 5, 6, 7]",64.11099999999988
0.0006938440924162403,0.630863646737575,0.9034555271333327,0.2601681382236605,0.07430506827248529,-0.8584039337357274,0.9617671427930092,0.7951188462952135,"[0, 1, 2, 3, 4, 5, 6, 7]",11.02
-0.6253111828708415,0.5670321641393761,-0.8876108476525679,0.6986667297694664,-0.6921805634342524,0.8162065877817364,0.6736651500422983,0.6067761638941589,"[0, 1, 2, 3, 4, 5, 6, 7]",24.063000000000013
0.4519863582874548,0.7191293450551481,0.12326637867743462,0.9985754650832206,-0.9239264052511067,-0.8707179521954196,0.2128331093407807,-0.6685476297110824,"[0, 1, 2, 3, 4, 5, 6, 7]",11.023
0.5217923988504569,0.6254552639597457,0.02085149349287385,-0.9428719359325803,-0.4493804407548434,0.6227900768377759,-0.22472257188263045,0.7548184389901835,"[0, 1, 2, 3, 4, 5, 6, 7]",10.020999999999999
-0.5024663690828473,-0.16849591223070948,0.004163094456923311,0.004961715823220247,0.7175742921171329,0.5747059266243997,-0.20565534171674638,-0.045381235371111606,"[0, 1, 2, 3, 4, 5, 6, 7]",13.033999999999997
