weight_holes,weight_height,weight_bumpiness,weight_line_clear,weight_hollow_columns,weight_row_transition,weight_col_transition,weight_pit_count,weight_to_consider ,score
0.9621324382207608,-0.1228949907072392,-0.9494018175680365,-0.5066368714456639,0.2316585543895635,0.5929563421381818,0.9401587624112293,-0.34029857047593737,"[0, 1, 2, 3, 4, 5, 6, 7]",20.052000000000003
-0.7480187894127885,-0.26838416772645957,-0.4928829262568464,0.16314018473992853,-0.9462239057878294,0.5619304832669523,0.1739657184436214,-0.6272438484365896,"[0, 1, 2, 3, 4, 5, 6, 7]",29.064000000000025
0.6046149209820779,-0.8002617055521399,0.6547298274470847,-0.8776517956572674,-0.6797601045716597,0.7516324261596485,0.04997498572125236,-0.07213506922108692,"[0, 1, 2, 3, 4, 5, 6, 7]",11.027
0.2322250448983305,-0.9658621300827921,-0.08953582476073585,-0.0877823559664721,0.1429971464651667,0.8561042922191862,0.537634227178285,0.9428658002626085,"[0, 1, 2, 3, 4, 5, 6, 7]",11.027
0.5188974667648472,-0.08802042273371158,-0.44656895586202183,-0.4603896128107561,-0.47123633147618693,0.30274546171377303,-0.10192243645988741,-0.08910104129831353,"[0, 1, 2, 3, 4, 5, 6, 7]",16.037
0.9917088950394572,0.8141678326061277,-0.16639447126974583,0.030809435062025603,0.9281928257483578,0.9731506286955156,-0.5206877174356879,0.7700218372560059,"[0, 1, 2, 3, 4, 5, 6, 7]",15.034999999999997
-0.6148845458586096,0.22091288905557271,0.5374585374346303,0.2174733628294283,-0.04636413325351629,0.5561528602808965,0.7915840010655768,-0.5982497478074447,"[0, 1, 2, 3, 4, 5, 6, 7]",13.033999999999997
-0.6157676537713068,0.7597869955059915,-0.7923440243543625,0.2805166539700672,-0.8480932081267367,0.4216048092985192,0.6962885015894804,-0.35302720931543874,"[0, 1, 2, 3, 4, 5, 6, 7]",25.066000000000017
-0.4805711266275303,-0.662341377234202,-0.44468294819937504,-0.1368710300855922,0.6483771627238921,-0.2993821110913941,0.21846702505295168,0.21060209262570107,"[0, 1, 2, 3, 4, 5, 6, 7]",321.36699999999894
