weight_holes,weight_height,weight_bumpiness,weight_line_clear,weight_hollow_columns,weight_row_transition,weight_col_transition,weight_pit_count,weight_to_consider ,score
-0.6037971049676409,-0.8471310498055742,-0.6834132922316607,0.09675878482962075,-0.6035736387750266,-0.0026943855711174525,0.35275408849844103,-0.5715126700757414,"[0, 1, 2, 3, 4, 5, 6, 7]",334.36999999999887
-0.2322814700561764,-0.7002886020622452,-0.26946641259732407,0.004351946440562138,0.29046254182551,-0.14248702606372943,0.6089421299750701,0.9803909313444574,"[0, 1, 2, 3, 4, 5, 6, 7]",17.048999999999992
-0.3945808649959577,0.021623329475427555,-0.5850227786229099,-0.9129817248978525,-0.3364152932203692,-0.5729434930885877,-0.7633673053349357,-0.25414227296184433,"[0, 1, 2, 3, 4, 5, 6, 7]",23.065000000000005
-0.13981297720104902,0.2980612115989214,0.9677717692463983,0.4132156006175587,0.10234589401373606,0.949826167255811,-0.32725522501724336,-0.7620867678821581,"[0, 1, 2, 3, 4, 5, 6, 7]",8.022000000000002
0.992744072505696,-0.10230580719452043,0.6123528535347398,0.9078492345621629,0.843143176219102,0.9577725353395328,-0.7878170796416013,-0.7595974130794845,"[0, 1, 2, 3, 4, 5, 6, 7]",10.025000000000002
-0.7549925516618334,-0.8502269286523407,0.2385969938894934,0.5920716256890262,-0.13554289112900264,-0.29468913158164733,0.7168829240735617,-0.8666100744754821,"[0, 1, 2, 3, 4, 5, 6, 7]",17.047999999999995
-0.7655479822040754,0.5745877260425538,-0.706901564515769,-0.6360409621328835,-0.24560941168456085,-0.3795409312832072,0.4710503293468635,-0.964384999859228,"[0, 1, 2, 3, 4, 5, 6, 7]",20.045000000000005
0.7861138941893433,0.9411381544653974,0.9643536453478037,0.9458920686980559,0.19768201105290295,0.41909261931727726,-0.42922036300112665,0.1673572167238251,"[0, 1, 2, 3, 4, 5, 6, 7]",11.031
0.1199562665645224,0.47972148738404763,-0.33559891040708667,-0.35868793619452455,0.8243284560468036,-0.6219814770952947,-0.4246143514602656,0.8492204719056191,"[0, 1, 2, 3, 4, 5, 6, 7]",20.048999999999996
