weight_holes,weight_height,weight_bumpiness,weight_line_clear,weight_hollow_columns,weight_row_transition,weight_col_transition,weight_pit_count,weight_to_consider ,score
-0.7303001461508307,0.9884641645482575,0.9916985928197428,-0.01650156992376317,0.13332896937717398,0.7552615558869402,0.06380447425387681,-0.9429459451271707,"[0, 1, 2, 3, 4, 5, 6, 7]",13.041999999999994
0.030026491643005526,0.0013337543282607722,-0.1488841920532984,0.7510500519660885,-0.6016329079465812,-0.25466382559860845,0.8204468931004134,-0.7169835446833803,"[0, 1, 2, 3, 4, 5, 6, 7]",18.047999999999995
-0.3147000240099369,0.5645751640796357,0.3057107114707929,0.09457542217101222,0.08167588402589954,-0.0894512464898114,-0.42556363833734,-0.06780619545955435,"[0, 1, 2, 3, 4, 5, 6, 7]",11.028999999999998
0.6254061154535673,-0.47582338675543645,-0.7253659317056127,-0.7790422618062787,0.7301960345402099,0.08402754908880872,-0.9143233691008095,-0.24084429466475643,"[0, 1, 2, 3, 4, 5, 6, 7]",360.36399999999816
0.9369045035757737,-0.8764369577074962,-0.8959260823385629,0.911666760541304,0.461041833640887,-0.05916714788562549,0.35181051480685155,-0.1419828157868983,"[0, 1, 2, 3, 4, 5, 6, 7]",53.09099999999997
-0.19667143594756697,-0.32064632045293906,0.9249549687947525,0.49319300585614845,-0.6575731882780518,0.38408182985340455,-0.3154641863580243,0.5696324262760568,"[0, 1, 2, 3, 4, 5, 6, 7]",8.017000000000003
0.9373611328870386,0.2808989684736005,0.46932941560506536,-0.9528633347393083,-0.898225569040225,0.6955195213372929,0.32035166235632917,-0.6764757063809073,"[0, 1, 2, 3, 4, 5, 6, 7]",12.028999999999998
0.9040416989855502,0.606222563146052,-0.26653182211672855,-0.6784767845575939,-0.6169919946903164,0.8620988040878261,-0.6057975207921467,-0.8018907599623053,"[0, 1, 2, 3, 4, 5, 6, 7]",13.028
0.5102251484726144,0.39414483269131995,0.9791559310596747,0.5505000561262092,0.9344566807921151,0.5599233151999283,0.12253309163445958,0.19574620972725176,"[0, 1, 2, 3, 4, 5, 6, 7]",10.024000000000003
