weight_holes,weight_height,weight_bumpiness,weight_line_clear,weight_hollow_columns,weight_row_transition,weight_col_transition,weight_pit_count,weight_to_consider ,score
-0.6174244114613376,-0.9600244032356104,0.10039696842295887,0.296294032789318,0.42783832707549174,0.9485478808126364,-0.0112122790086564,-0.7179409508654002,"[0, 1, 2, 3, 4, 5, 6, 7]",18.06
-0.5384536705546255,0.5548913651308045,0.5138174067593675,-0.7218702261661056,-0.3948753367000233,-0.5428675918499146,-0.24391278258631544,-0.5573663875070893,"[0, 1, 2, 3, 4, 5, 6, 7]",10.025000000000002
0.5671842301556305,-0.2025802625503641,0.9174207490830861,-0.7394747776115491,0.05264753037681458,0.9709742290933454,-0.08383228585355895,0.5490295140368073,"[0, 1, 2, 3, 4, 5, 6, 7]",12.028999999999998
0.8749374264507255,0.0785949460032469,0.650284062002026,0.07425564402807838,0.9625856617469619,0.04699694626611728,-0.7334590021578822,0.3322753399073666,"[0, 1, 2, 3, 4, 5, 6, 7]",15.036999999999999
-0.14683633461908352,0.024430211506437205,-0.3864093863843592,0.7467730034898725,0.7282927747656875,-0.12113058485350137,0.9380439460224668,0.5034901984631381,"[0, 1, 2, 3, 4, 5, 6, 7]",27.064000000000018
0.04549821715408875,-0.7774965017678497,0.894790671882312,-0.1821913597465199,-0.7229522483033877,-0.26646240463856885,0.09325470902708277,-0.05891796490841594,"[0, 1, 2, 3, 4, 5, 6, 7]",13.035999999999998
-0.20496093633550583,-0.23303696231764337,0.6609103538202046,-0.7832175948890567,0.2654152068723359,-0.9216680952891483,-0.5437134934631509,0.3301257358550167,"[0, 1, 2, 3, 4, 5, 6, 7]",18.06499999999999
0.40832474099157845,0.7756692450799585,-0.25775054315377055,-0.7641805389806466,-0.37631286963835,0.13137481300553122,0.7965187887715917,0.5881464272665946,"[0, 1, 2, 3, 4, 5, 6, 7]",11.027
-0.07755605122394083,-0.002721400019722875,-0.3250245701067376,0.9535498586024087,0.9764676910986929,-0.8022161111177741,-0.6105618727077287,-0.39893640224971105,"[0, 1, 2, 3, 4, 5, 6, 7]",25.05500000000001
