weight_holes,weight_height,weight_bumpiness,weight_line_clear,weight_hollow_columns,weight_row_transition,weight_col_transition,weight_pit_count,weight_to_consider ,score
0.6168360992986479,0.04632508998383611,0.29101583123511454,0.10793814108471755,-0.24504338118419744,-0.5326053608224346,0.9410070494422909,0.4108042970133181,"[0, 1, 2, 3, 4, 5, 6, 7]",16.038999999999994
-0.7339431282546991,0.4918265422348065,-0.6745725522949426,-0.9151143567712763,0.969566150130069,-0.39215452043433996,0.6137283346856961,-0.7407202396437558,"[0, 1, 2, 3, 4, 5, 6, 7]",28.066000000000024
-0.5973009691449547,0.7209974123365541,0.6310761234739648,0.8608207136961048,-0.607010028350226,-0.029002070630569587,0.09343275246946958,-0.21255109063931354,"[0, 1, 2, 3, 4, 5, 6, 7]",10.029000000000005
-0.8872473192158985,-0.4925879161660853,-0.30416551249859314,0.732438969849887,-0.12524680176948744,0.8558010658093114,-0.9015930324148613,0.8527624325018646,"[0, 1, 2, 3, 4, 5, 6, 7]",16.039999999999992
-0.853557190776691,-0.060746388135704654,-0.16208672518835865,0.02989585890779556,0.7568541126600548,0.5240596133510154,0.16663036574983048,-0.07674981860530217,"[0, 1, 2, 3, 4, 5, 6, 7]",15.04299999999999
0.5530460500138672,0.10802328745678547,-0.0038135273710708795,-0.7416210090647641,-0.019529767050565194,-0.7112049378957901,-0.24205187986442178,-0.7205119305754462,"[0, 1, 2, 3, 4, 5, 6, 7]",12.035999999999998
-0.07740897883681197,0.7238459369328551,0.04646193835372725,-0.07509969607214084,0.8208287992214289,-0.050385957951236016,-0.16382973114114763,0.12805780315052995,"[0, 1, 2, 3, 4, 5, 6, 7]",14.027999999999997
-0.2996740504812101,0.62175339646045,0.5177170839503311,-0.2302590532303146,0.3105122523629342,0.5764915109426165,0.34744847187500705,-0.38455494967382786,"[0, 1, 2, 3, 4, 5, 6, 7]",13.030999999999997
0.48749387932979094,-0.6818340439358461,0.6031693866927048,-0.047428847518549366,0.792042490540239,0.5105078622015471,0.696859475937553,-0.6511798142870144,"[0, 1, 2, 3, 4, 5, 6, 7]",20.06
