weight_holes,weight_height,weight_bumpiness,weight_line_clear,weight_hollow_columns,weight_row_transition,weight_col_transition,weight_pit_count,weight_to_consider ,score
0.016417168066845456,0.5338996275646646,-0.4120106002401165,-0.7853381171912472,0.1102318124392665,-0.31257950521031264,-0.4001568090229095,0.04854882969978136,"[0, 1, 2, 3, 4, 5, 6, 7]",21.047000000000004
0.5120378151268823,-0.4299731939526763,-0.5608914627942894,-0.5588164554914903,0.5753056921906932,-0.260977077063699,-0.8253852638012469,0.9974304393822011,"[0, 1, 2, 3, 4, 5, 6, 7]",15.036999999999995
0.10792208331660835,-0.5328438889861769,-0.32623575728623466,-0.6370194705590575,-0.16972830555570684,0.7230098272131318,-0.7522745880340509,-0.5832627869567997,"[0, 1, 2, 3, 4, 5, 6, 7]",21.055
0.14099640401300495,-0.15161495753957266,-0.734645071996807,0.9119910204543464,-0.0004135859238529882,-0.9322512599380153,0.019010366457455907,-0.08639805736445538,"[0, 1, 2, 3, 4, 5, 6, 7]",44.09999999999999
0.8179673107695877,-0.5710866781237773,0.40119335449107196,-0.8510143714522793,-0.2030942781229288,-0.7989562308923042,-0.43771762883499066,0.27017757818989274,"[0, 1, 2, 3, 4, 5, 6, 7]",9.029000000000002
-0.8522020291709718,0.8789176286696647,-0.5754181642368421,-0.9777036325366628,-0.10902158348067714,0.3536336439771173,0.9747575490982172,0.8968851490506631,"[0, 1, 2, 3, 4, 5, 6, 7]",22.059000000000008
-0.5570133069280692,0.37212191742570533,-0.09275529527011983,0.15897002056944198,-0.918099181469112,0.1951299272700342,0.7196404448321196,0.10516048652631849,"[0, 1, 2, 3, 4, 5, 6, 7]",11.024
0.1662949273177543,0.25886688008914316,-0.09183319108831056,-0.4365073401298001,-0.5203937582076144,-0.8993877787227245,0.11916242952548695,0.25964425161617166,"[0, 1, 2, 3, 4, 5, 6, 7]",13.029999999999996
-0.30811126822911516,-0.069688464905034,-0.4297316804566391,-0.28729663810001194,-0.12302026430491342,-0.28154851729998276,-0.9118406574144204,0.383686722693112,"[0, 1, 2, 3, 4, 5, 6, 7]",27.060000000000027
