weight_holes,weight_height,weight_bumpiness,weight_line_clear,weight_hollow_columns,weight_row_transition,weight_col_transition,weight_pit_count,weight_to_consider ,score
-0.6207269016725991,-0.9625196360477837,0.7010794472964279,0.885370149057227,0.44814177664941224,-0.02555522454527348,0.8960737352954318,0.29697910518737847,"[0, 1, 2, 3, 4, 5, 6, 7]",14.039999999999996
-0.2398930131609298,-0.979025116253641,0.14839909783430527,0.9369506635901801,0.5681188267644428,-0.3972967972168602,-0.6193151722258001,-0.8253001758682228,"[0, 1, 2, 3, 4, 5, 6, 7]",248.31100000000094
-0.05137699539600371,0.31731963161476995,-0.8311611487705388,-0.9355480755600898,-0.9993877794191051,0.5265320916443101,0.3564692371964653,-0.43799187240641757,"[0, 1, 2, 3, 4, 5, 6, 7]",24.06100000000001
0.522385827791662,0.7966691607374645,-0.5642597760140309,0.7757336239418504,0.1543690599014822,-0.457112062899093,0.4270630849745498,-0.7416702029784146,"[0, 1, 2, 3, 4, 5, 6, 7]",15.033999999999994
-0.9024252806125834,-0.5388350016353987,0.5901087010975026,-0.20384975062244393,0.10073359156414674,0.05539595956495491,-0.7418461688642142,0.24228609832182824,"[0, 1, 2, 3, 4, 5, 6, 7]",17.04899999999999
-0.13920579500898644,0.39462809465574966,0.6796978285035764,-0.5892158449463025,-0.0016616926380452757,0.7200186865135367,0.9068038905749132,-0.03143230810348707,"[0, 1, 2, 3, 4, 5, 6, 7]",10.026000000000003
0.5857343594098114,0.08267769931811064,0.7889975054616278,-0.681981349273403,0.21191636221985344,0.5337822306258087,-0.6774022730609301,-0.5678893005639107,"[0, 1, 2, 3, 4, 5, 6, 7]",8.017
-0.17693619426535268,0.43376791092072664,-0.8551250934934329,0.41147209332615375,0.06121390737915067,0.4432606192028119,-0.4649143745431612,-0.2050719134151906,"[0, 1, 2, 3, 4, 5, 6, 7]",31.06600000000003
0.9313262607757256,-0.13570458701037502,-0.17335477696124268,0.7470895027668345,0.5812256564037761,-0.3346774369367509,-0.8800103572922129,-0.5283898117100447,"[0, 1, 2, 3, 4, 5, 6, 7]",10.025000000000002
