weight_holes,weight_height,weight_bumpiness,weight_line_clear,weight_hollow_columns,weight_row_transition,weight_col_transition,weight_pit_count,weight_to_consider ,score
0.8826807966908077,0.5086545743012456,0.15095267180547367,-0.5643644718027443,0.6589074395553516,0.9542732021427331,-0.602785050695531,-0.38606979728434254,"[0, 1, 2, 3, 4, 5, 6, 7]",16.036999999999992
-0.1618054355970555,0.38591008377137115,0.8228997638472486,0.24773313399156516,-0.26285660590739,0.9069233120951439,0.23924029070387953,0.42434906736938394,"[0, 1, 2, 3, 4, 5, 6, 7]",9.023000000000001
0.5343758226092059,-0.8828278092431436,0.6455504862360735,-0.6467933168138091,-0.40994910275004925,0.2827524933313357,0.5415910875530967,-0.9943603604980471,"[0, 1, 2, 3, 4, 5, 6, 7]",18.05799999999999
0.9645326797649372,-0.9149170175534203,-0.7468562557864653,-0.5132060329375028,0.6012428512134893,0.7475216148581636,0.4910910765192684,-0.8853230872813842,"[0, 1, 2, 3, 4, 5, 6, 7]",24.059000000000008
0.34227541293004315,0.5994969965110297,-0.2350169299260838,-0.14147481631743308,-0.5532236254298122,-0.5041869805762182,0.7217780000428089,0.6007087069357582,"[0, 1, 2, 3, 4, 5, 6, 7]",15.036999999999992
-0.07759869737684322,0.09033816924015103,0.9819126563692284,0.5187810117711882,0.9161557493880124,-0.5830433262692853,0.845765002790287,-0.3713061413420988,"[0, 1, 2, 3, 4, 5, 6, 7]",13.029999999999996
-0.15723783409705905,0.35466662242959446,-0.12133548185170895,0.8792964907549756,-0.8699066261202475,0.28631209694252124,-0.9221469487612675,-0.8347462597674407,"[0, 1, 2, 3, 4, 5, 6, 7]",13.031999999999998
0.06800675336674589,0.7332105750952425,0.4679082634525169,-0.8496300729352904,0.3039411354992121,-0.5505329770364857,-0.28300333271224365,0.552408292789915,"[0, 1, 2, 3, 4, 5, 6, 7]",11.025
-0.10662553527918783,-0.44458835801891405,0.5773951512811959,-0.9738712881427782,-0.7204645798644549,-0.12727091322281203,0.2350917147347511,-0.45471590974996867,"[0, 1, 2, 3, 4, 5, 6, 7]",18.048999999999992
