weight_holes,weight_height,weight_bumpiness,weight_line_clear,weight_hollow_columns,weight_row_transition,weight_col_transition,weight_pit_count,weight_to_consider ,score
-0.10081425928567822,0.5175442420421112,0.9735059972617244,-0.05577573299762717,-0.6060949849346489,-0.6156262953805698,-0.6580623953501252,0.0224173696306611,"[0, 1, 2, 3, 4, 5, 6, 7]",12.027999999999997
0.41504129110588117,0.16201851502250153,0.9986979971097143,0.7800925523978774,-0.5956267156410828,0.400181601781165,-0.9576874034804124,-0.3818748491403492,"[0, 1, 2, 3, 4, 5, 6, 7]",10.020000000000003
-0.6773757995262224,-0.6335837123947461,-0.08520839779939937,-0.1170563616397362,-0.7589428395257967,-0.8269388761009115,0.48351029154723113,-0.7964367283647544,"[0, 1, 2, 3, 4, 5, 6, 7]",390.3659999999975
0.17366211801361264,-0.1486120551625456,-0.11748447733454892,0.8506490477750468,-0.05005504290986096,0.9015648605217714,0.5278808513086939,-0.2440340257504907,"[0, 1, 2, 3, 4, 5, 6, 7]",17.043999999999993
-0.7646422785371909,-0.822428920473667,-0.937725491193361,-0.7573206636785603,-0.6732301619524326,0.35184809139802664,0.10114568648342503,-0.3216285280268263,"[0, 1, 2, 3, 4, 5, 6, 7]",367.36499999999785
0.015228210353906757,0.6839808013650512,-0.13070182231092575,-0.9673851803479199,-0.8767626210693058,0.6524039144546137,0.8790127841537907,0.26553705498489166,"[0, 1, 2, 3, 4, 5, 6, 7]",12.026
0.10676452120786672,0.14180756918921134,0.836223291601023,0.08544967464965336,0.9425824962326599,0.09580902042675588,0.9204717576461092,0.22334584752860231,"[0, 1, 2, 3, 4, 5, 6, 7]",10.027999999999999
-0.8182977406229672,-0.21554215745769456,0.23606042574769326,0.5118895703320263,0.12472736488941916,0.10746765248463097,-0.5907488105004794,0.003172492496659851,"[0, 1, 2, 3, 4, 5, 6, 7]",21.053000000000004
-0.15238157161886678,-0.3907947319271696,-0.5520315098845963,0.1967677554014604,-0.7847239445461098,0.9141914396750155,0.9703097133102043,-0.036618076577359826,"[0, 1, 2, 3, 4, 5, 6, 7]",19.049999999999997
