weight_holes,weight_height,weight_bumpiness,weight_line_clear,weight_hollow_columns,weight_row_transition,weight_col_transition,weight_pit_count,weight_to_consider ,score
-0.6114969010156608,0.5461959729712498,-0.03164196869547542,0.4945023525836556,0.26604653843969617,-0.19504738679099032,0.008821594523968246,-0.15534098783623906,"[0, 1, 2, 3, 4, 5, 6, 7]",28.06100000000003
-0.7736020542593967,0.834948276793537,0.06540977284590488,-0.9054890594504204,-0.7324241340258091,-0.47947838054238834,0.5819763846700254,-0.9870936754357558,"[0, 1, 2, 3, 4, 5, 6, 7]",13.031999999999995
-0.9233216758748042,0.534923576026864,0.554280942016331,-0.9990154118241958,0.8235411420338268,0.15235258810518948,0.8349938938418411,0.6053441417758458,"[0, 1, 2, 3, 4, 5, 6, 7]",16.043
-0.03832289569573821,-0.9911551646414543,0.13401982774324006,-0.8028481914483694,-0.9932494562448029,0.7883271115116128,0.5142907746970076,0.6291465777250438,"[0, 1, 2, 3, 4, 5, 6, 7]",11.025000000000002
-0.22278409096327856,-0.44449174631201105,-0.4890212649144239,0.4100791501509409,-0.012222355861570167,0.523486124359968,-0.5916283958371991,-0.5236937271195727,"[0, 1, 2, 3, 4, 5, 6, 7]",20.051999999999996
-0.7472476991230266,-0.10547514018006865,0.24348505037807966,0.1210154731102957,0.4155831385855959,0.07151530474584811,-0.5891092044564024,-0.6315461586389066,"[0, 1, 2, 3, 4, 5, 6, 7]",18.05399999999999
-0.1728367324997484,-0.9415122747938558,-0.9385823757402563,-0.5043464500162356,-0.046350644920498674,0.6660717785406838,0.7938674373566093,-0.15727499997849193,"[0, 1, 2, 3, 4, 5, 6, 7]",35.08300000000003
-0.06272779007251561,0.9920036999316459,-0.7766594310700543,-0.24918650210893145,-0.8217142354854983,0.8754025834702643,0.18949559693007245,0.5537481623144589,"[0, 1, 2, 3, 4, 5, 6, 7]",17.049999999999994
-0.4726703138250057,0.4745781891012846,-0.705797888040594,0.43552334689839056,0.10373301338095531,0.6661930416736794,0.2563432852265233,0.7369070165979748,"[0, 1, 2, 3, 4, 5, 6, 7]",17.045999999999992
