weight_holes,weight_height,weight_bumpiness,weight_line_clear,weight_hollow_columns,weight_row_transition,weight_col_transition,weight_pit_count,weight_to_consider ,score
0.7816371996363365,0.7041929250063603,0.4681431064739745,-0.7879861526384597,-0.12474329420486896,-0.6040408705575291,0.7962906332653699,0.6571282796490658,"[0, 1, 2, 3, 4, 5, 6, 7]",13.025999999999996
-0.19883013082617285,0.9798513196786125,0.8536018649564658,0.8965076266382517,0.7891481429815639,0.7276052226791145,0.47673266300356176,-0.6104873849300605,"[0, 1, 2, 3, 4, 5, 6, 7]",10.022
0.33628351427740766,-0.3049372250055853,-0.17958453773033067,0.39562062599460734,0.1977934127242107,0.4238397698077776,-0.8980818034121316,0.7398121364655936,"[0, 1, 2, 3, 4, 5, 6, 7]",17.042999999999996
0.6030374981587134,-0.10711851309734421,-0.090150108680497,-0.39390374165400854,0.3412715323238835,-0.6775027290352822,0.6653209302819281,0.2617903339516998,"[0, 1, 2, 3, 4, 5, 6, 7]",14.033999999999999
0.28123076223905596,-0.16065998667611225,0.9076509141621076,0.02333115998083568,-0.29746208650599226,-0.8740245787174226,-0.6905463745789986,0.3425730986180522,"[0, 1, 2, 3, 4, 5, 6, 7]",14.042999999999994
0.36999020158481666,-0.14924142500405058,0.469959592597621,-0.5608657554618826,-0.9678894779355376,0.563964273660144,0.8717869852050808,-0.855685477708106,"[0, 1, 2, 3, 4, 5, 6, 7]",13.038999999999998
0.12861185599573632,-0.05578669796365654,0.26539815919738463,-0.34806547204296434,0.8068665240894539,-0.20899633177167187,-0.09319721307019524,0.8334998547154007,"[0, 1, 2, 3, 4, 5, 6, 7]",9.02
0.11590977260003466,-0.8389904781281907,-0.6447382770649002,0.8283007772033242,0.4750968177733632,-0.0007210351724284969,-0.9272535328764933,0.2346825811181643,"[0, 1, 2, 3, 4, 5, 6, 7]",311.31899999999905
0.6279191525942125,-0.1315077934701805,-0.9773839388790151,-0.5232720620599123,0.6636098335171365,0.07803001215060301,0.3387070566131818,0.009015074414671531,"[0, 1, 2, 3, 4, 5, 6, 7]",21.055000000000003
