weight_holes,weight_height,weight_bumpiness,weight_line_clear,weight_hollow_columns,weight_row_transition,weight_col_transition,weight_pit_count,weight_to_consider ,score
0.6979809640666921,0.3651555023026585,0.9263375030834391,-0.3471817100783845,-0.19294387114914313,0.586009508263339,-0.3613594394916335,0.5772708558946449,"[0, 1, 2, 3, 4, 5, 6, 7]",13.030999999999997
0.9115455996568198,0.48689413406127,-0.2872788097532133,-0.2847600047535028,-0.3285820657769978,0.9060397414706101,-0.08372338058016071,0.4751223999177092,"[0, 1, 2, 3, 4, 5, 6, 7]",12.027999999999999
0.6829990114358544,0.8356781740178734,-0.11280841154905175,0.6607664380769032,0.648375109963576,0.8670364874787739,-0.520076836460905,0.11876768147347261,"[0, 1, 2, 3, 4, 5, 6, 7]",11.022
-0.27309055766413315,0.7742221415072441,-0.5189049010072739,-0.29721383743528507,0.6141839796681814,-0.36788266842221873,0.9077308124578389,0.5997601096458807,"[0, 1, 2, 3, 4, 5, 6, 7]",19.044999999999995
0.4310917655557318,-0.04513735718412337,-0.3728036929880514,-0.1843832963402916,-0.10030650124022888,-0.6618857873605135,0.06532338859644504,-0.9771872703895133,"[0, 1, 2, 3, 4, 5, 6, 7]",21.054000000000002
0.8739088727274296,-0.4120803291998638,0.09637238612957955,-0.37695896992292144,0.8287791815373413,-0.9623073115956355,0.47949422647488515,-0.09921725307996443,"[0, 1, 2, 3, 4, 5, 6, 7]",12.028
-0.7716505054021419,0.6068026093261683,-0.5774531084231145,-0.9361880081539731,-0.6496126376761089,0.6288746032933821,0.48644299810441716,-0.18017255464864257,"[0, 1, 2, 3, 4, 5, 6, 7]",21.060000000000006
-0.5823765069508338,-0.27870477422176787,-0.525614980733081,0.6597592807220765,-0.32953500725756224,0.375852534891959,-0.022246106918890618,0.6519064957473539,"[0, 1, 2, 3, 4, 5, 6, 7]",485.370999999995
-0.3428520676485243,-0.6751987159853063,0.06065614751120818,-0.039048813943187266,-0.7255677209826725,0.027488863410191522,-0.4851111505607577,0.5771679068296298,"[0, 1, 2, 3, 4, 5, 6, 7]",18.060999999999996
