weight_holes,weight_height,weight_bumpiness,weight_line_clear,weight_hollow_columns,weight_row_transition,weight_col_transition,weight_pit_count,weight_to_consider ,score
-0.17977705744833972,-0.30271073609539556,-0.36135735264723934,-0.014247899514298279,-0.0862967042079994,0.7388167495322464,-0.6744258113850499,0.46940418126802563,"[0, 1, 2, 3, 4, 5, 6, 7]",14.040999999999991
-0.31672624563899876,-0.5152783036460271,0.5959573338762036,-0.07724907266246772,0.7738921172513227,-0.30767257371336854,-0.3133480523324943,0.022568324516589522,"[0, 1, 2, 3, 4, 5, 6, 7]",16.03799999999999
0.1511126824269009,-0.3056850377223177,-0.5144276571988922,-0.9232046712140571,0.03569319934585469,0.2939429568819778,-0.2832874080829302,0.08454571043177617,"[0, 1, 2, 3, 4, 5, 6, 7]",80.13200000000006
-0.293777550186336,0.9245516216982905,0.5525028425146479,0.36013574730960274,-0.544543505711161,-0.6617712363961454,0.3887894604596567,-0.16096553447502449,"[0, 1, 2, 3, 4, 5, 6, 7]",14.033
0.6448425366314416,-0.017428722008691944,0.8979233418658692,-0.46658218010619557,0.4264318513745402,-0.023499341830579112,0.5017226492701985,-0.42903537266836644,"[0, 1, 2, 3, 4, 5, 6, 7]",10.023000000000001
-0.2192004324296728,-0.9731374328092017,-0.31772846590844095,0.037209438954740826,-0.18338684126023375,-0.19139418513938677,0.3064037752321922,-0.7216956791001621,"[0, 1, 2, 3, 4, 5, 6, 7]",360.3599999999985
0.831266093228195,-0.5975128239115559,-0.7676983586967636,0.9873467754393619,0.8673421515990718,-0.6116437396443415,0.7774767243148841,0.15151058477333845,"[0, 1, 2, 3, 4, 5, 6, 7]",19.041999999999998
0.6599207762717416,-0.0024840248222723904,-0.9297957295398511,-0.015388336043906659,-0.19383218927512402,-0.7140371108492645,0.4388723400350205,0.22350373141493107,"[0, 1, 2, 3, 4, 5, 6, 7]",21.046999999999997
0.5541497774274953,-0.8070703562944754,-0.0258616021707172,-0.4286152391121403,0.08051002400862295,-0.3605168967700316,0.18322620889047192,0.16037435371953013,"[0, 1, 2, 3, 4, 5, 6, 7]",15.040999999999997
