weight_holes,weight_height,weight_bumpiness,weight_line_clear,weight_hollow_columns,weight_row_transition,weight_col_transition,weight_pit_count,weight_to_consider ,score
0.160783114556303,0.9941732243859007,-0.5052428267409788,0.8805049840387627,0.9377076483150906,-0.44411124227060195,-0.5010360812126509,-0.9920124976016176,"[0, 1, 2, 3, 4, 5, 6, 7]",11.024
-0.28215571434472464,0.972675746182531,0.42164591217919445,-0.6224263798186791,-0.4429434678204882,0.6896363848467482,-0.33393193740471805,0.3941117241856764,"[0, 1, 2, 3, 4, 5, 6, 7]",8.021000000000003
-0.570973647576922,-0.9855462400324013,0.5415285040003612,-0.6056217618806876,0.3310371216141743,-0.7445626208243055,-0.34733175407039374,0.7870126012487264,"[0, 1, 2, 3, 4, 5, 6, 7]",17.05599999999999
-0.5931277994173239,0.8113789589833782,-0.22281724391232594,0.4788337314018891,-0.5294858835938505,0.21177304324300628,-0.7581302779045029,0.22811932983763428,"[0, 1, 2, 3, 4, 5, 6, 7]",10.030999999999999
0.9418678499415598,0.3851700214568925,0.18213324318229884,0.22209665039448434,0.29479361460019127,-0.7084095979658622,0.18684128003978984,0.7788459421479756,"[0, 1, 2, 3, 4, 5, 6, 7]",15.033999999999995
-0.7850897909073322,-0.7931097696896132,-0.2851946340001952,-0.5490526552879225,0.0772156477361634,-0.8744599656745011,0.6677442404758163,0.3111262334503335,"[0, 1, 2, 3, 4, 5, 6, 7]",29.055000000000025
-0.22331865899088665,-0.008968842154007062,0.1353120126478664,-0.8701987293441817,0.2131606416301226,-0.8458202591547475,-0.6888332552945178,-0.8143454568059336,"[0, 1, 2, 3, 4, 5, 6, 7]",19.043999999999993
-0.907836550606417,0.9990088369871044,0.1553678541724659,-0.7478400275586254,0.3706483735181969,-0.729564917665946,0.5175105872929961,-0.010997573539296202,"[0, 1, 2, 3, 4, 5, 6, 7]",12.027
-0.6832752187671007,0.01605348916611593,0.1836591448911944,-0.19884692703150453,0.5298915652252993,-0.7183120051524052,0.6668864713474019,0.5721569432407694,"[0, 1, 2, 3, 4, 5, 6, 7]",8.022000000000002
