weight_holes,weight_height,weight_bumpiness,weight_line_clear,weight_hollow_columns,weight_row_transition,weight_col_transition,weight_pit_count,weight_to_consider ,score
0.36747118941209944,-0.9583518020718316,0.07246406322841437,-0.9531919035583876,0.7827829492478371,-0.19445366391047902,0.9773662608647999,0.472208852034917,"[0, 1, 2, 3, 4, 5, 6, 7]",28.06400000000003
-0.020451672965886347,-0.5602325453884016,0.8904881458164504,0.40906214874975055,-0.767695694239686,-0.9816710521102645,0.14433609133679326,-0.462499236968412,"[0, 1, 2, 3, 4, 5, 6, 7]",12.029999999999996
0.40586190775998787,0.596472264952397,-0.9092830118774065,0.28016647606462364,0.5903156413713457,-0.19500314044750655,0.6393117874588807,-0.7011920868853645,"[0, 1, 2, 3, 4, 5, 6, 7]",18.041999999999994
-0.11197651616807303,0.5532437247590465,0.714597322761477,-0.6801714305699877,0.6390649236663013,-0.32858483307038955,0.6553666843188255,0.9801519933548277,"[0, 1, 2, 3, 4, 5, 6, 7]",11.026999999999997
-0.8475890802808688,0.4389600018637112,-0.07688505397426182,-0.49485321562532025,-0.9130530997847486,-0.16264408527718222,0.45548316262062216,-0.8710876405192951,"[0, 1, 2, 3, 4, 5, 6, 7]",19.062000000000005
-0.000575959983189156,0.757313318848311,-0.46818757930486976,0.6316916672665076,-0.46217755499191226,-0.27632290298919804,0.27822455649375755,-0.8358903401243853,"[0, 1, 2, 3, 4, 5, 6, 7]",16.040999999999993
-0.813935308367276,0.20674660275898815,0.3060439143336622,0.8535980710275446,-0.5769537236107891,0.20916654629254627,0.5807775313193295,0.2235460365622528,"[0, 1, 2, 3, 4, 5, 6, 7]",16.04799999999999
0.7884927259721386,-0.06369061307534096,0.13605086344759632,0.6378289838658249,-0.7591003956454179,-0.2958367664437336,0.9440395515431896,0.9323287297316891,"[0, 1, 2, 3, 4, 5, 6, 7]",15.028999999999996
0.5104273491058489,-0.5703770836366329,-0.8098723058171948,0.2295703183770299,0.5569922033379433,0.7987759806360304,-0.6599845505324231,-0.6799874118374651,"[0, 1, 2, 3, 4, 5, 6, 7]",31.07700000000004
