weight_holes,weight_height,weight_bumpiness,weight_line_clear,weight_hollow_columns,weight_row_transition,weight_col_transition,weight_pit_count,weight_to_consider ,score
-0.020870359258689408,-0.6096325316839941,0.5846295331013767,0.18561886345781375,-0.35658225934323284,-0.08295955055943827,0.5383188596418857,0.2751839384810624,"[0, 1, 2, 3, 4, 5, 6, 7]",11.031
0.6368654955634587,-0.8165627089281835,-0.1834784921420307,-0.8493240019336661,0.5644901113322596,-0.48096582738652205,-0.5930166997339303,0.3237987287065074,"[0, 1, 2, 3, 4, 5, 6, 7]",16.04699999999999
0.705092434394736,0.6522812465679884,0.20413460535172367,-0.6438362766830588,-0.10442602840314352,-0.859954312143909,0.775725259713199,-0.7529103825079544,"[0, 1, 2, 3, 4, 5, 6, 7]",16.034999999999993
0.821122729861739,0.8209636174110198,-0.5162433625165059,-0.36436637031960184,-0.5863784475949558,-0.2906347694462703,0.4571685981517579,0.012703169099946399,"[0, 1, 2, 3, 4, 5, 6, 7]",11.023
0.5102909324733791,0.4884456687514791,-0.6700471662496816,0.8199454007474114,-0.3115885667457241,0.19386181416538673,0.947777347851176,0.7824188192145547,"[0, 1, 2, 3, 4, 5, 6, 7]",14.031999999999995
0.4789606438346443,0.16158712339917947,0.47679173596723845,0.3005514599564332,0.5694416962942246,0.10459832115751411,0.27573693325516735,0.13739401277606667,"[0, 1, 2, 3, 4, 5, 6, 7]",13.026999999999997
-0.8099862804971873,0.024682596496884424,0.5200844008222822,0.5254895560072244,-0.9251234677496407,-0.5219649370422796,0.5531564630300558,-0.38934205041911474,"[0, 1, 2, 3, 4, 5, 6, 7]",15.036999999999997
-0.059566362116524774,-0.06723937517520162,-0.8136989309160538,-0.015577968732375824,0.7948064475215193,0.7544114419382548,0.11507521641430163,-0.21248307819649215,"[0, 1, 2, 3, 4, 5, 6, 7]",23.05600000000001
0.6086522256780391,-0.7097546913663326,0.5386518151011563,-0.973610536425058,0.9995868410671107,0.40452699187732555,-0.3533851218225432,0.0005611070802724605,"[0, 1, 2, 3, 4, 5, 6, 7]",16.050999999999988
