weight_holes,weight_height,weight_bumpiness,weight_line_clear,weight_hollow_columns,weight_row_transition,weight_col_transition,weight_pit_count,weight_to_consider ,score
-0.3342956302253415,-0.8681812845178747,-0.1695999048789092,0.35663908215291285,-0.04651256394574199,0.2887170598332178,-0.5738975535074644,-0.2553776849632927,"[0, 1, 2, 3, 4, 5, 6, 7]",24.07500000000002
-0.4670848790880453,0.38111128778891934,0.2931650438584936,0.3021640983037759,-0.7911413178953377,-0.025492022436420347,0.6896021522474285,0.17209389773986872,"[0, 1, 2, 3, 4, 5, 6, 7]",12.03
0.9109362666647751,0.7922191173825468,-0.3052426255073868,0.7412178351187093,-0.5386475070940693,-0.09794473520819325,0.9142208650064185,-0.3327485821762808,"[0, 1, 2, 3, 4, 5, 6, 7]",13.032999999999994
-0.46007144036799197,0.5761635235324676,-0.2529358583642467,-0.10324275874436939,-0.10475911718155273,-0.19511686220633595,-0.13007296868875806,0.17449671551407842,"[0, 1, 2, 3, 4, 5, 6, 7]",18.043999999999997
0.20614127715892172,-0.6244855690888289,-0.41614174688970196,0.5118587546818671,-0.11580636788267196,-0.049976220200318,-0.10317016248942212,-0.9744568316114557,"[0, 1, 2, 3, 4, 5, 6, 7]",464.3679999999952
-0.515751134356605,-0.7059535987298289,-0.796061043176753,0.5518763480137148,-0.47004261836321226,-0.36309527776458084,-0.07225655921346807,-0.14993149645613313,"[0, 1, 2, 3, 4, 5, 6, 7]",330.36999999999944
-0.2568866308648783,0.20948033935958366,-0.031612707690241715,-0.1180083588466998,0.17100649883086483,0.4633217674020542,0.5869974898881154,0.2991062732851637,"[0, 1, 2, 3, 4, 5, 6, 7]",14.033999999999995
-0.043501404948694145,0.5894922348076586,0.5803496262110253,0.9856571266686467,0.1071567830798903,0.9581881579445903,0.332109107950322,0.8755915830111782,"[0, 1, 2, 3, 4, 5, 6, 7]",11.023000000000001
-0.8556582407921192,-0.39272351018469376,-0.5519458566315569,-0.14183557856669893,0.46138195973068985,-0.9818348226835254,0.8419620414446556,-0.2930916908957646,"[0, 1, 2, 3, 4, 5, 6, 7]",32.08900000000004
