weight_holes,weight_height,weight_bumpiness,weight_line_clear,weight_hollow_columns,weight_row_transition,weight_col_transition,weight_pit_count,weight_to_consider ,score
-0.3084640708660542,0.04473405117693274,0.3920774273211587,-0.3327950609906769,-0.9634240369557603,0.96420987562135,-0.3628023857008309,-0.21350321331517153,"[0, 1, 2, 3, 4, 5, 6, 7]",11.031
-0.1785622712301722,0.45523877725716644,-0.23393687835912313,0.6802046409822069,0.045623490782676246,0.9200526067057624,0.45069000615464305,0.466263827885,"[0, 1, 2, 3, 4, 5, 6, 7]",11.030000000000003
0.5509331861712163,0.15364628521482482,0.1881811057473015,-0.620888967266743,0.038189368096905874,-0.10643168512764944,0.5934476755158282,-0.10399163408756085,"[0, 1, 2, 3, 4, 5, 6, 7]",11.022999999999998
0.6389812059237705,-0.3024095501792894,-0.19884556526331232,-0.9753398804113251,-0.05483322914138067,0.45321479083133975,0.6787260910104396,-0.1310584807610864,"[0, 1, 2, 3, 4, 5, 6, 7]",10.021
0.3971528580271859,0.8725289609734754,0.31434726181208195,0.5490391387589608,0.5647237487569916,0.8242441115413257,-0.028057734499394416,0.026458226276535157,"[0, 1, 2, 3, 4, 5, 6, 7]",14.034999999999998
-0.2932114194799571,0.8013731356562279,0.3977172496035677,-0.10587200358906901,-0.11160756854626586,0.5227397361683781,0.362065019217245,-0.1962162101821463,"[0, 1, 2, 3, 4, 5, 6, 7]",13.024
0.3824658485053243,0.9367827160511712,0.20520902877897673,0.5530649263628284,-0.8422724100031702,0.1518237153775086,-0.7828576442427759,-0.33500810249135426,"[0, 1, 2, 3, 4, 5, 6, 7]",13.027000000000001
0.016795972598107722,0.08476415244365243,-0.4740978524433719,-0.9368546100662432,-0.15320543343762494,-0.2049627963696521,-0.12038842523476734,-0.36642558736105935,"[0, 1, 2, 3, 4, 5, 6, 7]",32.07100000000003
0.7724861915159664,-0.5712979831004747,0.09307388682164475,0.013702508947474046,-0.7023786945688253,-0.5344852403444011,-0.3094664351030112,0.8921568710488363,"[0, 1, 2, 3, 4, 5, 6, 7]",9.032000000000002
