weight_holes,weight_height,weight_bumpiness,weight_line_clear,weight_hollow_columns,weight_row_transition,weight_col_transition,weight_pit_count,weight_to_consider ,score
-0.7540745319450053,-0.5473595167715768,-0.48841353459852943,0.7742267915596961,-0.8274116756727863,-0.9156692443641379,0.16569666671949235,-0.836509550752973,"[0, 1, 2, 3, 4, 5, 6, 7]",364.36799999999835
0.47164394841569135,-0.8987466183081791,-0.7658056766441472,-0.4326573221739536,0.9142924348580657,0.45928873005993465,0.09982718346631314,-0.049200127867330856,"[0, 1, 2, 3, 4, 5, 6, 7]",45.09399999999998
-0.008136249949938668,0.8073543695488292,-0.4701957300866595,-0.8964021133543105,-0.32004046803823427,-0.05320204156273256,0.6091731657188486,-0.9943496021620417,"[0, 1, 2, 3, 4, 5, 6, 7]",18.042999999999992
-0.3243803413782105,0.4123801568236245,0.3165623796503376,0.6841007888817601,-0.5593980654648456,-0.954021325275364,-0.675189713690701,0.995190627227567,"[0, 1, 2, 3, 4, 5, 6, 7]",12.030000000000001
-0.9169096435496158,-0.38104694779969495,-0.031963919230957094,0.3628922568047257,-0.014275627239805688,0.1929781865305722,0.9272164277905173,-0.5825693078962226,"[0, 1, 2, 3, 4, 5, 6, 7]",14.028999999999998
0.17038238846519094,-0.9849945861964367,0.7392672009648988,-0.7498321714941389,0.6702579425788882,0.12438241006494466,0.1661330204725373,-0.32066925966150217,"[0, 1, 2, 3, 4, 5, 6, 7]",20.063000000000002
0.6894302550107285,-0.4265578525658966,-0.003860100761494456,-0.08708775465356067,-0.6230237702086323,0.6776803877531288,0.16237371786909693,-0.4302971435628855,"[0, 1, 2, 3, 4, 5, 6, 7]",14.040999999999997
0.5424275056587808,0.5879479920312427,0.881617706017354,-0.20584661051919317,0.7247352151971507,-0.9971524312072768,0.7203460332124947,-0.5128664124457545,"[0, 1, 2, 3, 4, 5, 6, 7]",15.029999999999998
-0.3206747498183762,-0.7538582340296076,-0.29528227401014284,-0.9129677786851518,0.7304622880319778,0.1289508538660462,0.8616512477227911,-0.05999975580868644,"[0, 1, 2, 3, 4, 5, 6, 7]",34.06600000000004
