weight_holes,weight_height,weight_bumpiness,weight_line_clear,weight_hollow_columns,weight_row_transition,weight_col_transition,weight_pit_count,weight_to_consider ,score
-0.1414612553433996,0.03224112208766727,-0.43072954033791655,0.4442566404946884,0.20011242355142111,0.22919301268572112,0.24317238967090327,0.05529952112655079,"[0, 1, 2, 3, 4, 5, 6, 7]",26.070000000000018
-0.7253026400232065,0.6242068904930635,-0.5883980558981292,0.11742139555202935,-0.49400030464422073,-0.4647042275821889,-0.32502492936839067,-0.7836447756418217,"[0, 1, 2, 3, 4, 5, 6, 7]",32.08000000000004
-0.4953892506605311,-0.06937903577705207,-0.8029653552356959,-0.7880840891837335,0.017967557516527455,0.17425072330045177,-0.7516575802429764,0.31447313044102243,"[0, 1, 2, 3, 4, 5, 6, 7]",360.3719999999978
-0.699046823084625,0.7562631784211082,0.18666272943925666,-0.14444456347525403,-0.5844657665934341,0.5342727320354259,-0.9648308756839441,-0.3365930371534034,"[0, 1, 2, 3, 4, 5, 6, 7]",20.053000000000004
-0.6223040833138278,-0.5850732918750365,-0.9844714660085825,0.9827570108262147,-0.7328683425084537,-0.9829895321575641,0.1486273967084506,0.7022903914404397,"[0, 1, 2, 3, 4, 5, 6, 7]",337.36699999999917
0.4339344066234987,0.7167053829606922,0.780148924654017,-0.5379544891010664,0.6716027193690488,-0.9977331042933233,-0.7768375470790083,0.33621839910884077,"[0, 1, 2, 3, 4, 5, 6, 7]",11.023000000000001
-0.6988814844005982,-0.23933214254183532,0.5376855751031155,-0.8698427570772036,-0.04343911807866219,-0.7785594221054823,-0.26760478726776293,-0.43689518479357203,"[0, 1, 2, 3, 4, 5, 6, 7]",18.04699999999999
0.6230974351614722,-0.2473489762312926,0.149267301730601,-0.9948624163144029,0.38577732355534056,-0.8010749593373241,0.7655396825023575,-0.7171795691182152,"[0, 1, 2, 3, 4, 5, 6, 7]",12.023999999999997
-0.5543210930654145,0.452114959812179,0.25004869192305557,0.02369253430187057,0.6408792393711653,0.8472274911797408,0.8886920190224852,-0.036856684648881366,"[0, 1, 2, 3, 4, 5, 6, 7]",15.043999999999995
