weight_holes,weight_height,weight_bumpiness,weight_line_clear,weight_hollow_columns,weight_row_transition,weight_col_transition,weight_pit_count,weight_to_consider ,score
-0.4943064415885623,0.24015026856718769,0.5345680579992227,0.7324957508314685,-0.09299615800752759,-0.5622959313647689,0.5214507022617927,0.3793581808437132,"[0, 1, 2, 3, 4, 5, 6, 7]",10.021000000000003
0.6222078262378032,0.6554505070433103,-0.35405852855378117,-0.5207744157913181,0.4317524169723037,-0.5740813508999041,0.8876567708632643,0.8033823747512729,"[0, 1, 2, 3, 4, 5, 6, 7]",14.030999999999995
-0.18193245079240028,-0.4643504130548668,-0.008933709504325593,0.562087575560966,0.8436759585361393,-0.7944641724622261,-0.7025369907861319,0.3147602585693854,"[0, 1, 2, 3, 4, 5, 6, 7]",14.039999999999996
-0.8191363686371509,-0.5920866327423175,-0.5792814888317559,-0.9042070067301842,0.8678815700986708,0.6030274555981845,0.2592918032732445,0.43402461802777137,"[0, 1, 2, 3, 4, 5, 6, 7]",20.056
0.8640087272644292,-0.7501165170633814,-0.9723583694631512,-0.6610471820746022,0.4242410475006584,-0.5812345584953762,0.15687302584200147,-0.9064030969335222,"[0, 1, 2, 3, 4, 5, 6, 7]",30.072000000000035
0.9788426108686918,0.27080016112640193,0.24400755975918353,-0.24523341296991719,-0.2054807542066337,0.9476437939254563,-0.44337781889952543,-0.8091282082766671,"[0, 1, 2, 3, 4, 5, 6, 7]",12.028999999999998
0.6164350148093916,0.11936655139889107,-0.10192109803688187,0.4919258100112569,0.9729577099711315,-0.5068057499829821,-0.1695726357943157,0.9331132630301293,"[0, 1, 2, 3, 4, 5, 6, 7]",14.035999999999994
-0.19100327325517563,-0.5038711488284886,-0.7085339341150867,-0.9284451282765185,-0.9659277560341875,0.9046064889470629,0.6637323484397302,0.7066353624138006,"[0, 1, 2, 3, 4, 5, 6, 7]",16.044999999999987
-0.23071421187277674,0.09588495318277368,0.06801239505219248,-0.007600518805160661,-0.11862882263857721,0.7997154371179078,-0.26611356200931624,-0.6801560476945605,"[0, 1, 2, 3, 4, 5, 6, 7]",14.036999999999994
