weight_holes,weight_height,weight_bumpiness,weight_line_clear,weight_hollow_columns,weight_row_transition,weight_col_transition,weight_pit_count,weight_to_consider ,score
0.3155625820789034,0.798152228225115,-0.46708026513258405,-0.3502970715119347,-0.9313735501401419,0.6661891110424454,-0.9347384116000339,-0.32597199297632673,"[0, 1, 2, 3, 4, 5, 6, 7]",14.034
-0.433361900973948,-0.7510679389064274,0.09033367553692284,0.3622126079916357,0.22590650259350586,-0.6961624397058312,0.5383433973690783,0.7352147057956335,"[0, 1, 2, 3, 4, 5, 6, 7]",26.064000000000025
0.7681942427297517,0.1281758365563228,-0.5945031256381021,0.31601361870017985,0.1896592028768853,0.6645641670066795,-0.6414716927241149,0.930953801077447,"[0, 1, 2, 3, 4, 5, 6, 7]",13.034999999999997
0.8778770904388955,-0.7170884343291462,-0.3326842379333952,0.7088036106556159,0.00963422159656524,-0.6933719114756449,0.6079226960997768,-0.09329364621807223,"[0, 1, 2, 3, 4, 5, 6, 7]",19.042999999999996
-0.298663979999807,-0.5540264814743194,0.4300666693931947,-0.9223281005408481,-0.01852542899290821,0.620921110428021,-0.7401301825059212,0.07871932596577857,"[0, 1, 2, 3, 4, 5, 6, 7]",10.024999999999999
-0.24514642606270587,-0.19933234433546265,-0.0781922530833854,-0.5464131265528236,-0.07852445634197314,0.6845587111742681,0.9764063472822411,-0.1589347926918816,"[0, 1, 2, 3, 4, 5, 6, 7]",14.027999999999997
-0.4591508737832162,0.39344675035722654,0.28070870473685794,-0.8218101721721249,-0.997063837013632,-0.9315826483195111,0.9923565696014123,0.094015418772182,"[0, 1, 2, 3, 4, 5, 6, 7]",15.025999999999996
0.922484882114287,-0.30956277233162477,-0.7806887821863853,0.3796454316904603,0.1610791758426664,0.9564231757188861,0.635664338966275,0.1830932433858259,"[0, 1, 2, 3, 4, 5, 6, 7]",14.031999999999995
0.26460438147175225,-0.09037114217461295,0.6500580355954155,-0.40463572825963623,0.3144246191368232,-0.9765646845999998,-0.19982578447429633,-0.9250086163019113,"[0, 1, 2, 3, 4, 5, 6, 7]",11.027999999999999
