weight_holes,weight_height,weight_bumpiness,weight_line_clear,weight_hollow_columns,weight_row_transition,weight_col_transition,weight_pit_count,weight_to_consider ,score
0.6892352872448038,-0.6862220793717877,0.23621712278804718,-0.4147997494383273,-0.15744364043620895,0.8964256705372327,0.6651211633152232,-0.7538315336478989,"[0, 1, 2, 3, 4, 5, 6, 7]",14.037999999999997
0.4947856537010733,0.09623711745775365,0.625313366264934,-0.17768769850805488,-0.4450446622063364,0.2168068976618811,0.6102369711461055,0.7683032268888086,"[0, 1, 2, 3, 4, 5, 6, 7]",13.030999999999997
0.9112587236301866,0.5964159539250702,0.19074078636442882,0.8206588769242427,0.8725588727992823,0.3221266843433621,0.5730818456232647,0.39616229438217787,"[0, 1, 2, 3, 4, 5, 6, 7]",15.034999999999998
-0.7745426267789375,-0.78299741865737,-0.31327609149711244,-0.9864633580392284,-0.5006509954654177,0.28269773294263234,0.9860747063798285,0.5673392154452248,"[0, 1, 2, 3, 4, 5, 6, 7]",68.12499999999993
-0.5969719848672645,-0.36117492807051277,-0.5922735422041727,-0.2766086455809391,-0.8461704887296451,-0.3705518164398871,-0.7329883372882209,-0.47305037549386086,"[0, 1, 2, 3, 4, 5, 6, 7]",336.3679999999989
0.6372044634363647,0.08054365760033266,-0.4447844120238502,0.7985131519225233,-0.5631118761067933,-0.18825905923354314,0.8503970145794901,0.11470418061982435,"[0, 1, 2, 3, 4, 5, 6, 7]",15.033999999999995
-0.8263755229900076,-0.6874727039931903,0.8025076235184223,0.1603796996710014,-0.8448768348450288,-0.16087129583466542,-0.186211884504764,0.11464445513998922,"[0, 1, 2, 3, 4, 5, 6, 7]",18.048999999999992
0.9323545822407786,-0.3358936619250781,-0.6299355220248497,-0.765122230658001,-0.5007883654614793,0.9023062324625943,0.5632550754113332,0.6864405759826566,"[0, 1, 2, 3, 4, 5, 6, 7]",14.034999999999998
0.3273830316195523,-0.6348233636906251,0.5889922267666425,-0.0662616972860659,0.39737263770074294,-0.45661568767410676,-0.6121026823108555,-0.9417796951458386,"[0, 1, 2, 3, 4, 5, 6, 7]",11.027000000000001
