weight_holes,weight_height,weight_bumpiness,weight_line_clear,weight_hollow_columns,weight_row_transition,weight_col_transition,weight_pit_count,weight_to_consider ,score
-0.9427908188421921,-0.6780119167681284,0.20954570410723639,-0.7456047661390752,-0.3957104244146592,0.3002211710435301,0.8692120454945074,-0.3061199819099425,"[0, 1, 2, 3, 4, 5, 6, 7]",13.037999999999998
0.36503767624994277,0.6805289523102798,0.9090994628938629,-0.25043801308702496,-0.7796502731266264,-0.3681669045388267,-0.07639316102707427,-0.17471897139689907,"[0, 1, 2, 3, 4, 5, 6, 7]",11.024999999999999
0.8571832414049037,0.4081174544839121,-0.23140386031383797,-0.30110402108826806,-0.7258791563869755,-0.11298818781090136,0.5404255287903068,-0.1234252768807087,"[0, 1, 2, 3, 4, 5, 6, 7]",13.027999999999997
-0.8058442470427252,0.877391935613963,-0.5599660700855349,0.9998799882817502,-0.7731541131392248,-0.24992486252484358,0.7262319235585244,-0.9478603538305832,"[0, 1, 2, 3, 4, 5, 6, 7]",24.063000000000013
0.6616617330548789,-0.9598304262121466,0.2560145769617801,0.16927063565959055,0.18717381693507518,0.640802821539336,-0.7528307516255346,-0.9931925634770771,"[0, 1, 2, 3, 4, 5, 6, 7]",13.033999999999999
0.882500076921336,0.14375622403049237,-0.27934462840884056,0.20644710572778346,0.18436106876941283,0.26008269874136225,0.2769130032786007,0.12520042928316322,"[0, 1, 2, 3, 4, 5, 6, 7]",16.041999999999994
-0.05101779397337203,-0.019542355742078188,-0.7651744525751552,0.5380649590134641,-0.651639222345737,-0.7103099494432139,0.29002265614871403,0.9062924985193004,"[0, 1, 2, 3, 4, 5, 6, 7]",25.05700000000002
-0.1933674210199572,0.27154792195858013,-0.9849406480141407,-0.2964693573937198,0.28786702514857443,-0.4431447872333487,0.7807109272573463,0.8511640528025788,"[0, 1, 2, 3, 4, 5, 6, 7]",21.056000000000008
0.6244407066166024,0.6828409695361666,-0.9714622853595194,0.7957772488570445,-0.1664853121041201,-0.447457935118309,0.9162809956472053,-0.4009545129544889,"[0, 1, 2, 3, 4, 5, 6, 7]",20.046000000000003
