weight_holes,weight_height,weight_bumpiness,weight_line_clear,weight_hollow_columns,weight_row_transition,weight_col_transition,weight_pit_count,weight_to_consider ,score
0.7330222946759031,0.2667505593821149,0.5981817643082428,0.17515752090416714,0.027385900736296875,-0.480266364849546,0.7448025852184472,-0.05852526802146385,"[0, 1, 2, 3, 4, 5, 6, 7]",13.023999999999997
-0.5224474372792778,-0.1954034455531819,0.0076015065843728635,0.9090984672047364,-0.42033501358605885,0.9999587325866661,-0.5359637633802359,0.5876649650438517,"[0, 1, 2, 3, 4, 5, 6, 7]",11.026000000000002
0.08627228284826072,-0.8395025983088105,0.7708489479977818,-0.09673424983200518,-0.7169700855885748,-0.8806751084942577,-0.3443348562974442,0.33875969940037853,"[0, 1, 2, 3, 4, 5, 6, 7]",15.039999999999992
-0.9066168813733915,-0.7091015993257257,-0.5989229280958821,-0.5711663757183418,-0.5706501566491653,-0.7854020351873552,0.4996081528389298,-0.5766070465852549,"[0, 1, 2, 3, 4, 5, 6, 7]",337.3629999999987
-0.579719738847932,-0.624216383414729,0.5905941409384197,0.02545391418585008,0.2979132004141405,0.37829724782018337,0.4962148091307428,0.9730059947869882,"[0, 1, 2, 3, 4, 5, 6, 7]",17.044999999999995
-0.8764379139218927,-0.21960975795446136,0.7963829006133156,0.5460706887436415,-0.42315912298941294,0.5200117548505714,0.19467326011235309,0.12815930841857637,"[0, 1, 2, 3, 4, 5, 6, 7]",16.04899999999999
-0.7720379386985852,-0.6694678248045931,0.8840622592522365,0.37139628801971325,-0.592837120886182,0.6698910329280765,0.4555334146457779,0.6707846720056285,"[0, 1, 2, 3, 4, 5, 6, 7]",14.043999999999997
-0.7789547677569204,0.9667840197085882,0.2158279686031399,0.7710226945692591,-0.4709442375346007,0.9223903618405516,0.7009362388441431,0.5141961422321375,"[0, 1, 2, 3, 4, 5, 6, 7]",8.017000000000003
-0.26192898966346956,-0.78319880508426,-0.06714928723166791,-0.039233966071812176,-0.12163614393427968,0.2877119950220244,-0.19831155766145447,0.7360000828183559,"[0, 1, 2, 3, 4, 5, 6, 7]",14.039999999999992
