weight_holes,weight_height,weight_bumpiness,weight_line_clear,weight_hollow_columns,weight_row_transition,weight_col_transition,weight_pit_count,weight_to_consider ,score
-0.6632649952165746,-0.9585361972773065,-0.609745431558532,-0.32478093226725413,-0.33271022686369056,0.009596532619419174,0.6800197118436804,0.37137888105623396,"[0, 1, 2, 3, 4, 5, 6, 7]",339.36899999999866
-0.7667820548230295,-0.6947061008843674,-0.2419756854444457,-0.2457088735820323,-0.09676359635448861,0.207465441716137,-0.8252658342234507,-0.1434319693368451,"[0, 1, 2, 3, 4, 5, 6, 7]",56.13199999999988
0.4475921626022652,0.911137105434527,0.5447887193662166,0.7032452020067181,-0.6633158993797001,-0.37974244140322955,0.3334250012649318,0.38730998358216207,"[0, 1, 2, 3, 4, 5, 6, 7]",14.032999999999998
0.7097386328983852,0.278713619729402,0.8181185020675217,0.8184102436040803,-0.058343191904198344,0.7095045627621384,-0.6328641792107754,0.8228088868980383,"[0, 1, 2, 3, 4, 5, 6, 7]",9.021000000000003
0.809754972639142,0.6696789071419458,0.9347866740774771,0.2348556276743552,0.2973546805042995,-0.29382964405441503,-0.02365593460474935,0.3281732248544791,"[0, 1, 2, 3, 4, 5, 6, 7]",15.031999999999995
-0.6727022345538249,-0.3932564172915043,0.29780659554839994,-0.9282531992569922,-0.3333625219454277,0.589945928106034,0.043493346682995426,-0.630167505473709,"[0, 1, 2, 3, 4, 5, 6, 7]",11.025000000000002
-0.7345644319301501,-0.5923599809262154,0.8312450308288983,-0.6506255989461263,0.2714206727280828,-0.7213374174879597,0.23687143183545478,-0.0041605686807895115,"[0, 1, 2, 3, 4, 5, 6, 7]",15.040999999999991
0.006279630563167604,0.4957220606414867,0.6617605321456792,-0.05608841353951077,0.57477147245324,-0.6637574185863755,0.8912528609766934,-0.3252857267391158,"[0, 1, 2, 3, 4, 5, 6, 7]",11.028
-0.039249125206231694,-0.798372092851702,0.698742372703981,-0.9392221837693628,0.47572451105241575,-0.33692904449929273,0.27157798705669123,0.5281105830566664,"[0, 1, 2, 3, 4, 5, 6, 7]",13.026
