weight_holes,weight_height,weight_bumpiness,weight_line_clear,weight_hollow_columns,weight_row_transition,weight_col_transition,weight_pit_count,weight_to_consider ,score
0.5610659195313323,0.03957715587941246,-0.9399899296988943,-0.049828943571950335,0.14773306366257577,0.9627317003753637,0.18094815933141906,0.1596701972734229,"[0, 1, 2, 3, 4, 5, 6, 7]",21.05700000000001
0.8525558343289474,0.5213345055127696,-0.6518704224922176,-0.7947433008314801,0.952347788699174,-0.5592850261577815,0.6822511739892707,-0.29272659395290246,"[0, 1, 2, 3, 4, 5, 6, 7]",16.036999999999992
-0.4106308651169561,0.7687657026729477,-0.002520436244419999,-0.4712177421225605,0.5087451600216824,-0.9174876982884486,-0.8483125154240798,-0.8615681617441426,"[0, 1, 2, 3, 4, 5, 6, 7]",20.045000000000005
0.7800542905237691,-0.6654206073183015,-0.9746610044734918,-0.2378031309356332,0.7709686528554367,-0.7222958650337066,-0.8651438785963241,-0.7272194644279555,"[0, 1, 2, 3, 4, 5, 6, 7]",80.124
0.7461121577404597,0.7147867991915022,-0.0907511796119207,0.7926040437143338,0.3161793864140323,-0.633138625446354,0.5496317830854522,0.3026967463130037,"[0, 1, 2, 3, 4, 5, 6, 7]",13.03
-0.3467372064251266,0.42986953410429773,0.808434760431187,0.14779588793237308,-0.6251174237825918,-0.15076135923518508,0.5332282398183517,0.451339649983572,"[0, 1, 2, 3, 4, 5, 6, 7]",13.031999999999998
-0.5515039051126904,-0.15420845845301545,-0.6020330524363384,0.7278523328453019,0.4199558162537136,0.6226442521597255,0.36976787886094686,-0.8012601281678784,"[0, 1, 2, 3, 4, 5, 6, 7]",27.075000000000024
0.40198098179535124,0.6766008964278818,0.2836324166909101,-0.6610629215668857,0.8021777922732742,-0.5463557664324472,0.7166617734828649,0.10855551953962972,"[0, 1, 2, 3, 4, 5, 6, 7]",16.033999999999995
0.10868663599793948,0.7351045557528306,0.05194880443523875,0.8629691088198594,0.3720791459006634,0.7039731551156572,-0.27445866221477977,0.990681814477872,"[0, 1, 2, 3, 4, 5, 6, 7]",11.025000000000002
