weight_holes,weight_height,weight_bumpiness,weight_line_clear,weight_hollow_columns,weight_row_transition,weight_col_transition,weight_pit_count,weight_to_consider ,score
-0.7358512056680486,0.4849889470656834,0.21705251046775698,0.010680443946350815,0.16609323165698586,0.08565255504536662,-0.9786827595871908,-0.6235950497752742,"[0, 1, 2, 3, 4, 5, 6, 7]",15.037999999999997
0.01774335004465133,-0.46209417348597426,-0.852509788890951,0.9482537230407873,0.665512825016267,-0.11983160430339224,0.442443696614635,-0.08068871408787293,"[0, 1, 2, 3, 4, 5, 6, 7]",35.07600000000002
-0.8307692586843198,0.9128789365681629,0.8398973770178828,-0.19748611168206698,-0.6624106577753146,0.3455574603392304,0.675714059815774,0.6036669073977188,"[0, 1, 2, 3, 4, 5, 6, 7]",14.038999999999994
-0.7499494570608101,0.20856320522486937,0.934450157801697,-0.29133555574354264,0.5593793051549516,0.14600187680510057,-0.057273520952932255,-0.11355677858358248,"[0, 1, 2, 3, 4, 5, 6, 7]",16.045999999999992
0.4942849524258113,0.05116897131860121,-0.7203889417708209,-0.2686900453346406,0.16851657634596262,-0.5206231937927568,-0.7612345052077734,0.2672980244928329,"[0, 1, 2, 3, 4, 5, 6, 7]",23.054000000000013
-0.7057988747134507,-0.066677332243253,-0.7090661844960484,-0.0031034462474825997,-0.8911380305442391,0.8891095496560464,0.9954847486498619,-0.17666019777157738,"[0, 1, 2, 3, 4, 5, 6, 7]",24.06100000000001
0.08513244586475754,-0.426673475837561,-0.8411885389084288,0.6581193464300057,-0.28964971812395834,-0.9054862593269566,0.18586954326920546,0.7931140246698893,"[0, 1, 2, 3, 4, 5, 6, 7]",92.14600000000016
-0.6378653616863432,0.5807024908675507,-0.9547829632405265,-0.31694661551928593,-0.4003042683265605,0.21755319351299351,-0.6607161273552955,0.5115776620890948,"[0, 1, 2, 3, 4, 5, 6, 7]",21.06300000000001
0.17377025352173314,0.3418674738813452,-0.1896202752882119,-0.018747194943437018,0.08900374936805555,-0.6254465336483541,0.9912656400305699,-0.04754768810329901,"[0, 1, 2, 3, 4, 5, 6, 7]",13.034999999999997
