weight_holes,weight_height,weight_bumpiness,weight_line_clear,weight_hollow_columns,weight_row_transition,weight_col_transition,weight_pit_count,weight_to_consider ,score
0.4368208863781282,0.29495707232155666,0.21944539507723948,-0.2904361343385067,0.9038340468794137,0.03607701990083756,0.9710689572236098,0.9867421730205768,"[0, 1, 2, 3, 4, 5, 6, 7]",15.037999999999993
-0.8084084760055574,-0.2958300045973856,0.27040335703777374,-0.0827282592417109,0.0991024790338415,-0.43770276627688975,0.07800927113405765,-0.2981916549296426,"[0, 1, 2, 3, 4, 5, 6, 7]",12.031
-0.9577747580243134,0.8875211036039563,-0.28940433286352674,-0.13613818668361244,-0.48305710758508225,0.634117777106008,-0.21866923322441356,-0.8167896911305024,"[0, 1, 2, 3, 4, 5, 6, 7]",15.038999999999996
-0.7437140134019748,-0.21051262414056437,0.5895908739449724,0.20416965672718512,0.07479742129438516,-0.502805047930794,-0.24406100696731392,-0.33139430178094,"[0, 1, 2, 3, 4, 5, 6, 7]",11.029
-0.26288221684729374,0.14919477949082038,0.8450087452300661,0.2846365831481583,-0.9608380357399764,0.09156754069735817,-0.012493877874208748,0.524863459812559,"[0, 1, 2, 3, 4, 5, 6, 7]",9.018
0.7410272669810725,0.8891294547794182,-0.4590694744233017,0.04221911133014267,-0.5498897454091982,0.939048409535804,0.448473152197739,-0.039988750913364735,"[0, 1, 2, 3, 4, 5, 6, 7]",13.037999999999997
0.9887028693409434,-0.5686418057078462,0.547365903236938,-0.23304121645533216,0.9103270570211273,-0.5899899790089416,0.7343851592549984,-0.5715717863668082,"[0, 1, 2, 3, 4, 5, 6, 7]",14.026999999999996
-0.7502724979328663,0.8584569024632571,0.6683678324861422,0.7645275814161312,-0.8796397689401139,0.7794257225473009,0.3458686080682094,-0.3704510369717857,"[0, 1, 2, 3, 4, 5, 6, 7]",16.046999999999993
0.1237691950502875,0.415843476737386,0.7004924232865442,-0.3897604113267976,0.9517437629997403,0.7888037614208727,-0.1825219176126145,0.6811700739433677,"[0, 1, 2, 3, 4, 5, 6, 7]",12.027000000000001
