weight_holes,weight_height,weight_bumpiness,weight_line_clear,weight_hollow_columns,weight_row_transition,weight_col_transition,weight_pit_count,weight_to_consider ,score
-0.22286924387803708,-0.6419374342301105,-0.04543676417131759,0.8655201441027527,-0.2429248168990803,0.8239591596251488,-0.7790995430753884,-0.6837662523121455,"[0, 1, 2, 3, 4, 5, 6, 7]",20.058000000000003
-0.9553451038279319,-0.43150158218776546,-0.07754883627796505,0.6578923448808838,0.4878968969063704,-0.8786817200283246,-0.5204161856004395,0.2765610300371817,"[0, 1, 2, 3, 4, 5, 6, 7]",23.064000000000007
0.9147829910371965,-0.027899503245685242,-0.2547976087377213,0.8831097373273575,0.866190095770198,0.38953547117831344,0.7451184250374372,0.09672348889854421,"[0, 1, 2, 3, 4, 5, 6, 7]",15.033999999999995
-0.5695309100284729,-0.1446408014752445,0.1606276214488953,-0.9996133365366713,-0.5443029445023377,0.5902443105353385,-0.3848645680947933,-0.7305620787920792,"[0, 1, 2, 3, 4, 5, 6, 7]",13.030999999999997
0.13943933993299606,-0.5466279478684664,-0.48280094070898594,-0.2038429376583919,-0.15888078579045573,-0.2660600535460236,0.7156541874358835,0.8286669053171352,"[0, 1, 2, 3, 4, 5, 6, 7]",14.035999999999996
-0.08525025578822398,-0.22581421061861806,-0.014206395188128385,0.28674946110037736,0.4409223364407997,0.28693860358111634,-0.6092349031224815,-0.7977648077522685,"[0, 1, 2, 3, 4, 5, 6, 7]",13.03
-0.19272320303262047,0.59610701770897,0.7478533977974622,0.39515861301110666,-0.9300158960641645,-0.9732658884156442,0.8917105322273347,0.5399802371354714,"[0, 1, 2, 3, 4, 5, 6, 7]",11.025
-0.6090903072114777,0.17522460781399007,0.943121247171621,-0.18273510384584735,-0.6071901361833516,0.5609305442133685,0.6132468931763693,-0.3410629711134947,"[0, 1, 2, 3, 4, 5, 6, 7]",10.023
0.08726223640429098,-0.9410446351501429,0.7068531907075117,0.8677732888660681,0.5223263362190147,-0.5587918821285487,0.08078998710848095,0.1535540250158478,"[0, 1, 2, 3, 4, 5, 6, 7]",18.054999999999986
