weight_holes,weight_height,weight_bumpiness,weight_line_clear,weight_hollow_columns,weight_row_transition,weight_col_transition,weight_pit_count,weight_to_consider ,score
-0.844935355040825,0.8480011358898012,-0.14457207810093564,0.02226528731354427,0.400249675097325,-0.1821002670669909,-0.5725972475240619,0.6579240370491697,"[0, 1, 2, 3, 4, 5, 6, 7]",10.026000000000002
0.8751977123175987,-0.21489088061901884,0.8812348930296927,-0.5596830155383372,-0.7459038811787195,-0.3023335585211433,0.7051041616367915,0.8362438674206423,"[0, 1, 2, 3, 4, 5, 6, 7]",11.020000000000001
0.4669821088845527,-0.2165047991203648,-0.11473568461403261,-0.6961755519606292,0.7072196459649753,0.24106492530249635,-0.5597125585613796,-0.883224924213819,"[0, 1, 2, 3, 4, 5, 6, 7]",14.032999999999998
-0.5566889894557125,0.41855964249598343,0.06755542774339118,0.3885390396198911,-0.1994893203131558,0.22334440444730053,0.5543525476954481,0.7809454688817823,"[0, 1, 2, 3, 4, 5, 6, 7]",14.032999999999992
0.6464965038007149,-0.8043167664820716,0.42571075792328394,-0.9755764730149661,0.6686072639838658,-0.43877558845782927,-0.39557994400756225,0.8766858429482642,"[0, 1, 2, 3, 4, 5, 6, 7]",10.023000000000001
0.7702426179507862,-0.09937065946281676,0.6409319044320514,-0.23669574243685076,-0.6625147142444954,-0.009959067962738377,-0.6707869243208782,0.07968983818332998,"[0, 1, 2, 3, 4, 5, 6, 7]",11.023
0.9535730037201791,0.4093761762939656,0.09607518322785946,0.826105224931823,0.8374392015380239,-0.3279105124878514,-0.3076955976790161,0.8337653952950572,"[0, 1, 2, 3, 4, 5, 6, 7]",12.030000000000001
0.8373103096438141,0.866270899820196,-0.6591807786770487,-0.07314600671102278,0.052428153021035984,-0.5408528615267332,-0.7723981599741994,-0.5773834149527377,"[0, 1, 2, 3, 4, 5, 6, 7]",15.034999999999995
0.033741754217208264,0.972927835001284,-0.33298775830851324,-0.9147539848466577,0.41360862499930606,-0.5075144185961875,0.1882834344048976,0.7342394415534377,"[0, 1, 2, 3, 4, 5, 6, 7]",12.03
