weight_holes,weight_height,weight_bumpiness,weight_line_clear,weight_hollow_columns,weight_row_transition,weight_col_transition,weight_pit_count,weight_to_consider ,score
-0.9002342525529015,0.34600540961927084,-0.1920026166282407,0.7629259514919426,-0.7658357752436469,0.6452552937774159,0.4463862928995357,-0.8169927158125261,"[0, 1, 2, 3, 4, 5, 6, 7]",20.057
-0.8966070806758872,0.5104158812441553,0.8927219244881517,-0.006806067873309063,0.9416997349057168,0.055492034069184015,0.07164127804023757,0.4733104612258763,"[0, 1, 2, 3, 4, 5, 6, 7]",17.041999999999994
0.11345647198900055,-0.021308115724492316,0.9723346606251613,0.12573135988420625,0.7650441042015867,0.39670727937721995,-0.12416580628419616,0.952597783825808,"[0, 1, 2, 3, 4, 5, 6, 7]",8.017
0.36605644486681244,0.6089121376539206,0.8544147500670327,-0.7938372693833262,-0.7210521548992406,-0.25553695738215954,0.6865580319502336,0.2108391809566479,"[0, 1, 2, 3, 4, 5, 6, 7]",13.025999999999998
0.9863351779585716,0.2639583622805579,0.24960596219038855,-0.6534713279309041,0.43859785628683023,0.9867485659986557,0.5569470831309233,0.37944242105278314,"[0, 1, 2, 3, 4, 5, 6, 7]",14.036999999999997
0.2893255356904805,-0.381827366387248,0.22025460636481453,-0.8843820190572118,-0.16296118393546277,0.4530662961056853,0.1794181946733553,-0.9971140168545136,"[0, 1, 2, 3, 4, 5, 6, 7]",15.039999999999994
0.8688022289204012,0.3842053031045871,-0.22426338359302567,0.5002190440658199,-0.17998788711817748,0.6477458022866431,-0.32631533044624983,-0.8659669294871915,"[0, 1, 2, 3, 4, 5, 6, 7]",11.027999999999999
0.024171234986082757,-0.5283897956417394,0.16251995848586676,0.06688331953321724,0.5267376142628917,-0.11172959697427509,0.4861091808839546,0.17163630341526415,"[0, 1, 2, 3, 4, 5, 6, 7]",13.028999999999996
-0.8078489665511999,-0.8506305183931557,0.38829840201639443,-0.5758363958066932,-0.9095129117600438,-0.8181991304601532,0.9451396705870594,-0.7671865105410862,"[0, 1, 2, 3, 4, 5, 6, 7]",19.057
