weight_holes,weight_height,weight_bumpiness,weight_line_clear,weight_hollow_columns,weight_row_transition,weight_col_transition,weight_pit_count,weight_to_consider ,score
-0.12544517974791858,0.422808598546649,0.33850713171870006,-0.4861915704118649,-0.8057625215119382,0.3246776149710391,-0.1188020849143987,-0.7372011107124163,"[0, 1, 2, 3, 4, 5, 6, 7]",9.025
-0.5582103146054451,0.9676598262677902,0.2669110885696444,-0.9458529655647734,-0.5095185537944016,-0.7294534085704789,0.9030864838969157,-0.6559419728663971,"[0, 1, 2, 3, 4, 5, 6, 7]",14.029999999999996
0.3059725372743045,-0.07890579932917574,-0.9736159504687278,0.04501931896895517,-0.04721026983204113,-0.22220881440519547,-0.9678533222742651,-0.2944345768954222,"[0, 1, 2, 3, 4, 5, 6, 7]",363.33699999999817
-0.49193078926303224,-0.09545130551518488,0.16712491479868552,-0.7376641227500791,-0.26302980846547985,0.81293070196533,-0.48581443716199013,0.24391848951214357,"[0, 1, 2, 3, 4, 5, 6, 7]",17.049999999999997
0.876794579759451,0.8212495307349192,0.9874014718527075,-0.5903470666702502,-0.2517539815642975,0.015038976116920733,0.5796663224685037,0.33882499432131885,"[0, 1, 2, 3, 4, 5, 6, 7]",13.031999999999996
0.31295697264623423,0.4432309350675001,-0.9329110687926214,0.7113067762332326,-0.6056779881037497,0.9056927375971084,0.7754664586121107,-0.511256560819793,"[0, 1, 2, 3, 4, 5, 6, 7]",19.045999999999996
-0.41208302170726996,0.24251580419517071,0.9971682814401295,0.08746855213848881,-0.6805431127320261,-0.5597052946081629,-0.07077341664816417,0.4655403684333017,"[0, 1, 2, 3, 4, 5, 6, 7]",10.022000000000004
0.10059852600437003,0.6640272431698484,0.20502880315030847,-0.9151412282706779,-0.15475093741156187,0.674735882475088,0.4596305008942607,0.7350595713731973,"[0, 1, 2, 3, 4, 5, 6, 7]",9.019000000000002
0.05404443340819087,-0.8437358174012408,0.4124424727203506,-0.20282493489539233,0.4406647738855858,0.6601070563147344,-0.21360722497335072,-0.9139629860372533,"[0, 1, 2, 3, 4, 5, 6, 7]",20.059
