weight_holes,weight_height,weight_bumpiness,weight_line_clear,weight_hollow_columns,weight_row_transition,weight_col_transition,weight_pit_count,weight_to_consider ,score
0.5529119962711042,-0.06671109286523658,-0.3843754051398862,-0.07141204791443867,0.18814638719385912,-0.7730020901094319,-0.668009887177909,-0.8209760921285576,"[0, 1, 2, 3, 4, 5, 6, 7]",40.07399999999999
0.34873355514427584,0.7824234972591833,0.5906713505074297,0.450667828537749,0.026139307940153067,-0.47021065081090785,-0.36172420633636904,-0.6552297840756007,"[0, 1, 2, 3, 4, 5, 6, 7]",13.023999999999997
-0.31119882949922895,-0.688681799207387,-0.6426655922865161,0.9728154275670788,-0.08003375449285444,0.0077810650935303816,0.2622541572420294,0.11730876895830189,"[0, 1, 2, 3, 4, 5, 6, 7]",319.36899999999923
-0.7659070817422704,-0.0814582897446936,0.9046545414412654,-0.9198150614227689,0.4520167346923838,0.1467536581703559,0.5847511110089931,0.23929245742354666,"[0, 1, 2, 3, 4, 5, 6, 7]",14.036999999999995
-0.9770635287619549,0.1617671790184163,0.05661647074288467,-0.08985046166342658,-0.9046553146968399,0.7474324996546251,-0.4073029568069917,0.31993716397714334,"[0, 1, 2, 3, 4, 5, 6, 7]",22.062999999999995
0.03567911939577928,0.23888130216217696,0.9929387029885137,-0.7805415746693014,0.36901088099265045,0.7903772207416204,0.10428560035404111,-0.4571433766501902,"[0, 1, 2, 3, 4, 5, 6, 7]",16.047999999999995
0.4031493847935652,0.3574200244423835,-0.9617715018963799,-0.7887890280228445,0.2348541293838491,-0.7811139647737944,-0.45098083482099494,-0.26555524712577694,"[0, 1, 2, 3, 4, 5, 6, 7]",24.05700000000001
0.38970369358848655,-0.19477094698973652,-0.33096697951070775,0.9161698300997239,0.49098200281455506,-0.955413838769178,-0.8899580864528149,-0.6172096622839367,"[0, 1, 2, 3, 4, 5, 6, 7]",229.27400000000083
0.8200550800515276,-0.4664395979559097,-0.16554537539339798,0.3572139403002068,0.19119652031481538,0.9050343995356198,-0.1453176256641291,0.22630839212464227,"[0, 1, 2, 3, 4, 5, 6, 7]",11.036
