weight_holes,weight_height,weight_bumpiness,weight_line_clear,weight_hollow_columns,weight_row_transition,weight_col_transition,weight_pit_count,weight_to_consider ,score
0.7221772482571462,-0.42353019677991455,-0.820365319527036,-0.8995194061325433,-0.3511170558976324,0.2545471922043172,-0.19493970365429258,0.15573978589215565,"[0, 1, 2, 3, 4, 5, 6, 7]",78.12100000000001
-0.20334041806474512,0.9492582182053579,-0.1262292144485373,0.06262821054559975,-0.49964590895474514,0.31606363742020394,-0.2421078257121776,-0.9180532719487327,"[0, 1, 2, 3, 4, 5, 6, 7]",13.029
-0.3417422551865166,-0.8700023000752142,-0.9374238190163813,0.4616688084282763,-0.3250184341321982,0.1608205892057215,0.16395373752300868,-0.2528627238444301,"[0, 1, 2, 3, 4, 5, 6, 7]",357.36699999999865
0.9633485635395969,-0.6786242553478541,-0.9645525907382491,-0.4873070019913559,-0.532245401447097,0.9616702514724902,-0.8860491783599909,-0.5000104354593682,"[0, 1, 2, 3, 4, 5, 6, 7]",26.074000000000016
0.1324820725528959,-0.5925348188568262,0.8085466041101874,-0.16869803143746864,0.01989256498746239,-0.2509690689574344,0.10466113709539471,0.00976775511062522,"[0, 1, 2, 3, 4, 5, 6, 7]",12.029000000000002
0.5028073465599776,-0.8466566763330958,0.0986364520657399,-0.7388682055278732,0.4273593820792414,-0.19988771076548195,-0.9861644441307471,-0.8943256481312423,"[0, 1, 2, 3, 4, 5, 6, 7]",23.04800000000002
0.7570321009257734,0.9288180592569324,0.04378598305252335,-0.03301595206619057,-0.8872313889154655,0.58304593159672,-0.5730230611093532,-0.2047290140959943,"[0, 1, 2, 3, 4, 5, 6, 7]",17.039999999999996
-0.16294506494725547,-0.557579416849266,-0.02037427204078801,0.07059586776155946,-0.9634793013632694,0.9363552238542376,0.25762239917798,-0.16649912405631873,"[0, 1, 2, 3, 4, 5, 6, 7]",13.035999999999998
0.9729037130634428,-0.5161526349889731,-0.47278163026974185,0.09970455705308279,0.7446910321171665,-0.1944872360793244,-0.9018566566100583,0.573673648852479,"[0, 1, 2, 3, 4, 5, 6, 7]",84.11700000000002
