weight_holes,weight_height,weight_bumpiness,weight_line_clear,weight_hollow_columns,weight_row_transition,weight_col_transition,weight_pit_count,weight_to_consider ,score
-0.7681109610267798,0.8132467734637341,-0.478479067969368,-0.7178063034360107,-0.6943775273443578,0.1388628614557732,0.377381465317554,0.26052547811564675,"[0, 1, 2, 3, 4, 5, 6, 7]",24.05800000000001
-0.7466421796679708,-0.5156835116570238,0.3127988974856668,0.0026517548495137433,0.6597924854553401,-0.6544767455666474,-0.500832020689689,0.4953370082527111,"[0, 1, 2, 3, 4, 5, 6, 7]",13.030999999999999
-0.15413524683339075,-0.30371110706570503,-0.11798024989365152,0.20479399849730995,-0.59470295499008,0.087611656258334,-0.7593507625851441,-0.28429078622661885,"[0, 1, 2, 3, 4, 5, 6, 7]",28.061000000000014
0.6515418446913182,0.9379137580432515,-0.07906129984016586,0.11331509063280909,-0.9565578481102934,0.295632862841976,-0.7247923313246698,-0.4637593296434319,"[0, 1, 2, 3, 4, 5, 6, 7]",13.034999999999997
0.8887118810591674,-0.04192047876828364,0.399713008375574,0.5695407611490702,0.4946216888812145,-0.937545389300545,0.04555667011448583,-0.10425442986258182,"[0, 1, 2, 3, 4, 5, 6, 7]",13.033999999999997
-0.5976653153995624,-0.15079426721171485,-0.7851967343092559,0.9209310703737961,-0.7218130709695121,-0.7707098712801006,-0.4935671494834266,-0.6338647097131482,"[0, 1, 2, 3, 4, 5, 6, 7]",435.3609999999977
-0.8653885850259375,-0.7360768210838202,-0.3496808922837511,-0.1776401400394727,0.9824339557616484,0.1096928807628792,0.7037819583056064,0.9432537511027896,"[0, 1, 2, 3, 4, 5, 6, 7]",128.1820000000004
-0.4428869511913014,-0.4715731190675294,0.5432073867171139,-0.4070850151440857,0.911339677561805,-0.4179272530826037,-0.9463950681782973,0.14517881375449493,"[0, 1, 2, 3, 4, 5, 6, 7]",15.036999999999995
-0.6834520451091879,-0.609651624223372,0.6284043899889835,-0.9688214384444898,-0.9476195827734815,0.43442189603858017,0.8452528920371465,0.6213825481353734,"[0, 1, 2, 3, 4, 5, 6, 7]",11.027000000000001
