weight_holes,weight_height,weight_bumpiness,weight_line_clear,weight_hollow_columns,weight_row_transition,weight_col_transition,weight_pit_count,weight_to_consider ,score
-0.2440769927461206,-0.5017644931063376,0.8361844937863216,-0.8207541251561741,-0.7681280300035858,-0.44902154966945007,-0.46826599181268524,-0.6433644318607319,"[0, 1, 2, 3, 4, 5, 6, 7]",13.035
0.05958845374300514,0.9448952450923469,0.8501630005282002,-0.42512095461966437,0.9710709515579452,0.8699820622982579,-0.3848381307916833,0.9825678741334789,"[0, 1, 2, 3, 4, 5, 6, 7]",10.026000000000003
0.5898457023168415,0.6082995111466767,-0.9316196386354463,-0.75337896544504,0.540110792998338,-0.4846661871926734,-0.42618289972366785,0.8693294906453564,"[0, 1, 2, 3, 4, 5, 6, 7]",17.03899999999999
-0.7934568771455908,-0.6872899922681364,0.34865130195319693,0.6857756127551695,0.46350667588363703,-0.07795079961897922,-0.1552577419379655,-0.30515540142656805,"[0, 1, 2, 3, 4, 5, 6, 7]",19.051999999999992
-0.5986816220736044,0.7944610546578679,-0.8787403252714876,0.8476901667872969,-0.013858886816340732,0.4339488755411818,0.9616733850837704,-0.6283545972740621,"[0, 1, 2, 3, 4, 5, 6, 7]",22.054000000000016
-0.4772119635007288,-0.2781401081570045,0.5263617496566733,-0.16176547426353816,-0.8425693399120151,-0.08802049487522878,0.5532021572444166,-0.5459205565545575,"[0, 1, 2, 3, 4, 5, 6, 7]",14.030999999999999
-0.2814253757630385,0.23955392665773312,0.18364411559361926,-0.33881337333158035,-0.9445545163020195,0.6076673104090842,-0.03248717222466979,-0.040125410391726346,"[0, 1, 2, 3, 4, 5, 6, 7]",14.032999999999998
-0.5781643786854918,0.10660309155365466,-0.7966743837041097,0.7739637034189144,-0.3470789708917892,0.4968700708574689,0.799076694507243,0.7362512162394157,"[0, 1, 2, 3, 4, 5, 6, 7]",26.06700000000002
0.3283389412483384,-0.7372389853358488,0.043931989423479756,-0.22558463236325066,0.6204998699658626,0.551040165440793,-0.3986347003877935,-0.11234070943556884,"[0, 1, 2, 3, 4, 5, 6, 7]",16.045999999999992
