weight_holes,weight_height,weight_bumpiness,weight_line_clear,weight_hollow_columns,weight_row_transition,weight_col_transition,weight_pit_count,weight_to_consider ,score
-0.2965173545489943,-0.9303294725045439,-0.02915766063920877,-0.1378353611547285,0.12627442979452885,-0.6188777047081198,0.8617419504921393,-0.6097827475199202,"[0, 1, 2, 3, 4, 5, 6, 7]",55.088999999999906
0.6770937407357431,-0.8834418864444245,0.8850758019175284,-0.2879698008864222,0.07517305539727559,-0.9824624699307605,0.09628624227849292,-0.24027333147332253,"[0, 1, 2, 3, 4, 5, 6, 7]",21.064000000000004
-0.6572254197248628,-0.8972029711165359,0.3181807179202849,0.07154272517297744,0.11577602778224083,-0.4476138762347166,-0.19918120555365704,-0.06413946006020499,"[0, 1, 2, 3, 4, 5, 6, 7]",40.09899999999999
0.2422700973623746,-0.936638716393936,-0.3546822370079401,-0.14962390971903572,0.7047327613802941,0.4702771224862654,0.9402428639298923,-0.3990004934407998,"[0, 1, 2, 3, 4, 5, 6, 7]",36.07400000000001
0.9411319372867044,-0.5923500705134359,-0.46127624749051477,-0.3623403517627839,-0.22285038117414846,0.40308857080404015,-0.4968329560585958,-0.9272677056729637,"[0, 1, 2, 3, 4, 5, 6, 7]",26.060000000000013
0.9698608790147061,0.7696944211218164,-0.9297464406422586,-0.8618273652720789,-0.3689807982111937,-0.07135074493105287,-0.2997024914568911,-0.43875532708773846,"[0, 1, 2, 3, 4, 5, 6, 7]",15.035999999999992
0.510367544161356,0.3375865263006739,0.6732443554399479,-0.8032848244191719,-0.9916433623234082,0.17988746831141444,0.9692345608528503,-0.7061366210418039,"[0, 1, 2, 3, 4, 5, 6, 7]",12.025
0.1670593046890565,0.168537415128569,-0.18122917763469948,0.8401493327554612,-0.2980040487538511,-0.235896355251064,0.9181791206770304,-0.07513773638057519,"[0, 1, 2, 3, 4, 5, 6, 7]",20.045999999999996
0.986668116439944,-0.643252912661221,0.8343080601758526,-0.9753530171630251,0.6453356592679722,-0.3316992300874184,-0.984920921852263,-0.20772662856181578,"[0, 1, 2, 3, 4, 5, 6, 7]",13.033999999999997
