weight_holes,weight_height,weight_bumpiness,weight_line_clear,weight_hollow_columns,weight_row_transition,weight_col_transition,weight_pit_count,weight_to_consider ,score
-0.7511555395605378,-0.46321718794956257,-0.9858534108399972,0.4095568824391844,-0.5187980449744549,0.7386232524345164,0.14275518798775,0.022679942212796123,"[0, 1, 2, 3, 4, 5, 6, 7]",109.16200000000038
0.6463284076447933,0.8326210722921634,0.8353954937514156,-0.8750831485484465,-0.4674261899511931,0.12248458330720302,-0.983291409263195,-0.6008879301270658,"[0, 1, 2, 3, 4, 5, 6, 7]",14.032999999999996
0.6131310489862771,-0.017355790739513655,-0.09151096805384507,0.4670390960902544,-0.5582687662087429,0.8906101949842773,-0.08231871448586348,0.7322596299419903,"[0, 1, 2, 3, 4, 5, 6, 7]",10.028000000000004
-0.26748592051459963,-0.9110948197945348,-0.908375996054587,0.637782767434653,0.6117048608699491,0.21238743010744177,-0.20381684003060152,0.9586526264869979,"[0, 1, 2, 3, 4, 5, 6, 7]",453.3709999999952
-0.6610551054703966,0.7562571380377989,-0.18623693171735245,0.63818045577874,-0.21657092766352704,0.4343800167995733,-0.5567745579618704,0.31530856153262143,"[0, 1, 2, 3, 4, 5, 6, 7]",15.039999999999996
-0.6329883276098629,-0.058418745235359504,-0.7539630977059999,0.06585398103257623,-0.5718235557676401,-0.5017633191217057,-0.4329757568469732,-0.9543746736167387,"[0, 1, 2, 3, 4, 5, 6, 7]",452.3639999999973
0.853353644478912,0.5871199778389979,-0.2525192460261818,-0.5631815279672703,-0.8077484031910458,0.46667018890483813,-0.2870875211463719,0.10325347690095876,"[0, 1, 2, 3, 4, 5, 6, 7]",11.03
0.5881528201024442,-0.487589136246122,0.9206739811610452,0.28521866176463617,0.644853229715094,-0.9389514183389733,-0.6554000535737603,-0.5734431896354462,"[0, 1, 2, 3, 4, 5, 6, 7]",8.021
0.931779219326909,-0.08172069618045708,0.9684836082436101,0.4859678677183843,-0.6137349924989477,0.4462368527200611,0.3389154086227264,0.35617872848969445,"[0, 1, 2, 3, 4, 5, 6, 7]",8.020000000000003
