weight_holes,weight_height,weight_bumpiness,weight_line_clear,weight_hollow_columns,weight_row_transition,weight_col_transition,weight_pit_count,weight_to_consider ,score
0.314007820054544,-0.8056305063590039,-0.39755588331681024,0.804515001780927,-0.47556152249975536,-0.13581122597081707,-0.9859584474127259,-0.9577073488357963,"[0, 1, 2, 3, 4, 5, 6, 7]",399.36899999999815
-0.2614204833743752,-0.6147351945240287,0.8443352637032988,-0.7920214008518391,0.7177442707428967,-0.20902589049117348,0.7776501688147635,0.07966508439194087,"[0, 1, 2, 3, 4, 5, 6, 7]",11.027
0.8058130017643654,-0.35585397934910445,0.7585533295321407,-0.7346917334258944,0.5565475985607591,0.21002101033157428,0.21915450409224513,-0.7391463537125593,"[0, 1, 2, 3, 4, 5, 6, 7]",12.032000000000002
0.8437925816751977,-0.7206872311918917,0.7788209118164964,-0.2294087392944577,-0.44182124025965797,0.5861811003025004,-0.6546103408458575,-0.4935812276074041,"[0, 1, 2, 3, 4, 5, 6, 7]",11.029000000000002
0.22305194822295626,-0.6615317409398584,-0.6247661750710201,-0.31039639306562705,-0.17269436740882438,-0.39471306515860194,-0.3278984680783794,-0.8555833228377809,"[0, 1, 2, 3, 4, 5, 6, 7]",397.3669999999978
0.26411349082857716,-0.4515085246756809,-0.09901665958055594,0.17235382860019688,-0.72060862844722,0.4034482787631619,0.15405795514170229,-0.23349635625129928,"[0, 1, 2, 3, 4, 5, 6, 7]",14.035999999999996
0.183899172851679,-0.09305224148181535,0.06995628856975089,0.11703849715238279,0.6041879602067517,-0.41003936942450636,-0.9642507973706467,0.07205080656639806,"[0, 1, 2, 3, 4, 5, 6, 7]",11.031
-0.5977332316435109,-0.3561088652133404,0.9199761788973959,0.48068695143887297,-0.6414428022654319,-0.7755455513090221,0.3782187768628893,0.625538182333617,"[0, 1, 2, 3, 4, 5, 6, 7]",15.036999999999992
-0.8333782711972921,0.14430263194714765,0.845121485248046,0.2794331036257507,0.8934028506711016,-0.0780326162762619,0.6579616791459006,-0.415637774340196,"[0, 1, 2, 3, 4, 5, 6, 7]",11.025
