weight_holes,weight_height,weight_bumpiness,weight_line_clear,weight_hollow_columns,weight_row_transition,weight_col_transition,weight_pit_count,weight_to_consider ,score
0.16725779841974986,-0.7442785775722072,0.7023369225110578,0.19349582634246332,0.045407763267692136,0.44135586262151394,-0.5401043278957871,-0.2423282889153069,"[0, 1, 2, 3, 4, 5, 6, 7]",14.038999999999996
-0.792453474824159,0.8634101798835947,-0.7665444405207364,-0.7210412493517113,0.5431190302020792,0.5773739431490517,0.9770981520782012,-0.7509060362356985,"[0, 1, 2, 3, 4, 5, 6, 7]",24.062000000000012
0.9836198342377129,0.9660342788466738,0.7124061168627889,0.1592612015539232,0.5321432710483491,0.4921484670162848,0.5738307887517284,0.14084356850115531,"[0, 1, 2, 3, 4, 5, 6, 7]",12.024000000000001
0.9737911944487656,-0.3170076839790523,0.8256911923153265,-0.7730021210664326,0.21664964748681115,-0.09304826068941496,0.6336479748485464,0.0757022374967411,"[0, 1, 2, 3, 4, 5, 6, 7]",11.027
0.5447674126335915,0.757032910645655,0.01734582570409393,0.9054285054305871,0.8368856259674664,0.2897667473283556,0.3059796731624027,0.6358763012260094,"[0, 1, 2, 3, 4, 5, 6, 7]",16.037999999999993
-0.9345388227461315,-0.49197042278047665,-0.8246447961489707,0.6333104466077171,0.4071116129689125,-0.49923316888082403,0.5294664911016675,-0.7887850672521253,"[0, 1, 2, 3, 4, 5, 6, 7]",188.23000000000064
0.8201737997579928,0.37852193477400364,0.9342418263354617,0.21842385349407922,0.9741632963171312,-0.04240670876156516,-0.5946972048089727,0.7851144492102153,"[0, 1, 2, 3, 4, 5, 6, 7]",10.020000000000003
-0.31010843684996936,-0.06751198542133308,-0.9075424348939285,0.06146745442330781,-0.6559626392683837,0.8694514328097556,0.8620710328990344,-0.717473030866786,"[0, 1, 2, 3, 4, 5, 6, 7]",26.066000000000017
0.4240792234310897,-0.2884201811973033,-0.4595444238082125,-0.7667741503419898,-0.5219821673855143,0.9424400585579644,0.465178185220398,-0.4107849257046159,"[0, 1, 2, 3, 4, 5, 6, 7]",21.046999999999997
