weight_holes,weight_height,weight_bumpiness,weight_line_clear,weight_hollow_columns,weight_row_transition,weight_col_transition,weight_pit_count,weight_to_consider ,score
-0.559248647338888,-0.6597505515788062,0.3554067259935405,-0.7217790969152216,0.30230940868876344,0.8906387828011515,0.7015763719888155,-0.24981729393980445,"[0, 1, 2, 3, 4, 5, 6, 7]",10.029000000000003
0.6633235103196844,0.16696919441188052,-0.7451662733829909,0.7711103409832076,-0.32494928583574456,-0.36770868494592324,0.41541028521553414,0.6302955760503384,"[0, 1, 2, 3, 4, 5, 6, 7]",19.048
-0.22998878737812678,-0.8159000051387861,0.4861740070050422,-0.09451219115502552,-0.3698293062457543,-0.751900979122553,-0.9897162003505413,0.5536610306709946,"[0, 1, 2, 3, 4, 5, 6, 7]",11.027000000000001
0.47949404571395515,-0.302842738528992,-0.44902045122392464,-0.34450399312035396,0.8794495949797727,-0.7121792782387144,-0.7662086734648088,-0.02980218500733467,"[0, 1, 2, 3, 4, 5, 6, 7]",70.103
0.24352396001370624,-0.5277934604347896,0.9589799484111488,-0.4929669168088764,-0.3652533400355069,0.7779902718017941,-0.9464466211290938,0.9742493275729651,"[0, 1, 2, 3, 4, 5, 6, 7]",8.020000000000003
0.8369244682834418,-0.10821131122650152,-0.5552338010737379,0.17174943350171978,0.8509136159548862,0.26658547895448814,0.685499148581312,0.24813198404870973,"[0, 1, 2, 3, 4, 5, 6, 7]",19.048000000000002
0.4890038485971129,-0.1811420168901079,0.41419402045551235,-0.0033323535084270883,0.4262658403421842,0.6488459949472742,0.755391657795867,-0.19420609187739757,"[0, 1, 2, 3, 4, 5, 6, 7]",10.021
-0.5097891261334087,0.492112948928628,-0.6933768699748852,0.17023885332267352,0.13668345089343958,-0.2504475817302507,0.5451129939940755,0.8897671727874856,"[0, 1, 2, 3, 4, 5, 6, 7]",24.066000000000017
-0.5906665676798581,-0.9929552473648782,-0.0335399580954332,0.21957014210223091,-0.16305116700696387,-0.763152017987681,-0.3394480437090437,0.016047813649842313,"[0, 1, 2, 3, 4, 5, 6, 7]",365.3669999999979
