weight_holes,weight_height,weight_bumpiness,weight_line_clear,weight_hollow_columns,weight_row_transition,weight_col_transition,weight_pit_count,weight_to_consider ,score
-0.7463998838832633,-0.2933171565169881,-0.7173348550697698,0.8561033394446118,0.9082863858888925,0.6791451475768147,0.05416456465504793,0.9986506224791407,"[0, 1, 2, 3, 4, 5, 6, 7]",22.06600000000001
0.6246716727805155,0.9406771946600558,-0.9042730560149606,0.5617278749835621,0.2841562700132525,0.16672218965989538,0.3099068431618681,0.32688546164642274,"[0, 1, 2, 3, 4, 5, 6, 7]",14.033999999999997
0.5027445196237028,0.6816332225531985,0.20412418789668352,-0.5243551103675901,-0.368366943720724,0.3036395630698414,-0.906237600420277,-0.006572781828228846,"[0, 1, 2, 3, 4, 5, 6, 7]",11.028000000000002
0.05825149075123237,0.8201820851696302,0.6096403150482061,0.14506792186486073,-0.6369806708062695,0.22641227516041784,0.4146067351620879,0.8590559167361418,"[0, 1, 2, 3, 4, 5, 6, 7]",10.026
0.6890119089097535,0.4095584695583476,-0.14396591190860675,-0.6493016022524376,0.30696432982601474,-0.6466247928387625,0.43963845305300997,-0.37460682257005984,"[0, 1, 2, 3, 4, 5, 6, 7]",16.04099999999999
-0.6886728897535588,-0.6601987067677169,-0.877835740367144,-0.19541833902459604,0.5758195793188845,0.6394265092293021,-0.8480063237591673,0.5359637006608906,"[0, 1, 2, 3, 4, 5, 6, 7]",35.077000000000005
-0.354753615954291,-0.32583695174460603,-0.05722418489265069,-0.6687340241700215,0.863193237957087,0.6220302525010462,-0.9163577140211401,-0.38936749264481185,"[0, 1, 2, 3, 4, 5, 6, 7]",17.042999999999992
0.4409905996567467,0.620965380702555,0.636022877062324,0.9040779696233185,0.38667317831107795,0.3155349191065324,-0.31715751353153876,0.7938038825269171,"[0, 1, 2, 3, 4, 5, 6, 7]",11.023000000000001
0.30933394764670474,-0.6994346923259642,-0.14417617530541782,-0.26314659492429526,0.18702326698723382,0.8721024564799609,-0.5506449907526232,-0.9642452600424398,"[0, 1, 2, 3, 4, 5, 6, 7]",15.037999999999995
