weight_holes,weight_height,weight_bumpiness,weight_line_clear,weight_hollow_columns,weight_row_transition,weight_col_transition,weight_pit_count,weight_to_consider ,score
0.9346857678481759,0.302560266996895,-0.5641639269250578,0.6447009711614105,0.7341577169727407,-0.20056215209291484,-0.07763551291157333,-0.18098370011488973,"[0, 1, 2, 3, 4, 5, 6, 7]",20.048999999999996
0.7254340823920025,0.4141122450386707,0.4649717554837127,0.5848481917210835,0.3407643593875702,0.7449515172431298,0.22089079755694452,-0.29067414854906426,"[0, 1, 2, 3, 4, 5, 6, 7]",10.025000000000004
0.94460864822555,0.6520970591397568,0.4383298532513149,-0.16006985724945988,0.7061832186960224,0.25607689562759917,-0.17190870344715536,-0.5500858271375471,"[0, 1, 2, 3, 4, 5, 6, 7]",15.033999999999999
0.8536780977183953,-0.6204170161638614,0.8837001051877456,-0.827153652806186,0.8410529733372929,0.863440239129555,0.8429241498514946,0.38050096762501684,"[0, 1, 2, 3, 4, 5, 6, 7]",14.04699999999999
0.14119258198100604,0.02734940161842725,-0.43626065968130945,0.3391428322045107,0.05371864407866811,0.6552220852937825,-0.34918305138810024,0.85565898481728,"[0, 1, 2, 3, 4, 5, 6, 7]",20.057999999999993
0.9080563616722435,0.3178408116925586,-0.27915277162927854,0.7584872138915206,0.2823922564854291,0.1295531154641798,-0.5861162660266181,0.39851349146943904,"[0, 1, 2, 3, 4, 5, 6, 7]",14.035999999999998
0.4882066097455495,-0.9451536824560964,0.9745712253031553,0.6901832296092336,-0.5489806346232091,0.6621841980968286,-0.12742286313200424,-0.5914532080949801,"[0, 1, 2, 3, 4, 5, 6, 7]",12.031000000000002
0.06689113794811075,0.3773624774231765,0.4740591616511549,-0.18835163978491565,-0.2624704917665657,0.9132601627791281,0.7743020913843994,0.8385186327878802,"[0, 1, 2, 3, 4, 5, 6, 7]",11.025999999999998
-0.8132981203014986,0.5066717814222763,0.8135598497344296,0.6495470283760607,-0.5265332349158056,-0.7011204368981983,-0.24340570554308383,0.9007905978576085,"[0, 1, 2, 3, 4, 5, 6, 7]",16.050999999999995
