weight_holes,weight_height,weight_bumpiness,weight_line_clear,weight_hollow_columns,weight_row_transition,weight_col_transition,weight_pit_count,weight_to_consider ,score
0.7295855387582637,-0.8975494425077462,0.7666158063135635,0.2313320185761245,0.42046374355603566,-0.8847246971599334,0.15881126915844934,0.5804909165335497,"[0, 1, 2, 3, 4, 5, 6, 7]",15.048999999999992
0.9248790523624448,0.4262547514732009,-0.2679308979037516,-0.3388465681882886,0.5510084486161948,-0.26176899484717775,0.9584924405959001,0.8041077406730941,"[0, 1, 2, 3, 4, 5, 6, 7]",14.033999999999997
-0.10707751795553677,-0.3907082394882022,0.6758591986607583,0.6858776954416683,-0.11190788195051282,-0.2516563856501661,0.25122999807613144,0.4979032213405552,"[0, 1, 2, 3, 4, 5, 6, 7]",14.043999999999993
0.18321039550831575,0.9491128811404208,0.8366695887491784,-0.917155846001559,-0.4395157675236987,-0.3699677057247899,-0.13428281114567597,-0.6785921258860048,"[0, 1, 2, 3, 4, 5, 6, 7]",12.024000000000003
-0.04297516341938845,-0.970438641894859,-0.1376086927644613,-0.9226396334931495,-0.017632954044684457,0.6625024576731349,-0.5088606854963342,-0.9180129886477639,"[0, 1, 2, 3, 4, 5, 6, 7]",13.035999999999996
-0.5020869325834207,0.16239535450548592,0.8176065982228109,-0.7564123612448148,-0.7346482065841089,0.017623866975250202,0.5107508434794792,0.1586600140283707,"[0, 1, 2, 3, 4, 5, 6, 7]",18.052999999999997
-0.12566254106259667,0.5199677858840628,0.7553671195455134,0.8796004367159622,0.7397477052068724,0.3540482667199265,-0.8735686994485137,-0.4561524800117662,"[0, 1, 2, 3, 4, 5, 6, 7]",9.023
0.9575444793797987,-0.8268309784239161,-0.041776587018866884,0.6254933931070314,-0.18103432741043068,-0.43892961633498095,0.12274901276456429,0.194491319660274,"[0, 1, 2, 3, 4, 5, 6, 7]",14.029999999999998
-0.19499188620711827,-0.748343823501803,-0.9378540692163917,-0.807956996026796,-0.944990963388211,0.6173482870823008,-0.1743143569887715,-0.7972092037299721,"[0, 1, 2, 3, 4, 5, 6, 7]",379.3689999999981
