weight_holes,weight_height,weight_bumpiness,weight_line_clear,weight_hollow_columns,weight_row_transition,weight_col_transition,weight_pit_count,weight_to_consider ,score
-0.7239576002068866,-0.9353408724043892,0.0334970713419227,0.3379760299867942,0.1345588654321206,-0.4165225343644652,-0.9274137455454083,-0.7625272312475411,"[0, 1, 2, 3, 4, 5, 6, 7]",866.2819999999999
0.12514114131336984,0.9459410019339496,-0.3074733074819396,0.14092895038282816,-0.03249326118540363,-0.5523177654072395,0.9978890928936701,0.21666798363985595,"[0, 1, 2, 3, 4, 5, 6, 7]",14.027999999999995
-0.258343868571171,0.5524875911884022,-0.7269890924774254,0.8938663459277907,-0.24964364312107024,0.03711842594613746,-0.05786651521297026,-0.14258808244843024,"[0, 1, 2, 3, 4, 5, 6, 7]",24.062000000000012
-0.24125628980784808,0.8026090096446088,0.6565199650385058,0.06927590380881443,-0.5252678652256237,0.01335644466297925,0.8203323766807233,-0.7986183006044767,"[0, 1, 2, 3, 4, 5, 6, 7]",10.017999999999999
0.9194429942210183,0.21391206215808656,0.6055797600052708,-0.8523752540171203,-0.8487096627135899,-0.22509386624325645,0.7311494670382395,-0.9042118042918004,"[0, 1, 2, 3, 4, 5, 6, 7]",14.028999999999998
-0.3722447514706917,0.3447800788570192,-0.3642280001802487,-0.530886924845684,-0.1565909212073,-0.67354628566034,-0.23881772329167839,0.36791065384922295,"[0, 1, 2, 3, 4, 5, 6, 7]",23.056000000000004
0.3917042607271015,-0.2046845371616619,-0.20377780055754058,0.691432063208701,-0.5067454450196351,-0.5504460477397566,0.05579824441582604,0.17008492932336616,"[0, 1, 2, 3, 4, 5, 6, 7]",20.048000000000002
-0.17723456242514057,0.4756985088541037,-0.4450192321123767,-0.18158706526029,0.11185372575632568,-0.17369454916283922,0.6268653193742555,0.06788828595616736,"[0, 1, 2, 3, 4, 5, 6, 7]",19.046999999999997
0.8293712153012587,0.9496339046472451,0.2129543630309818,-0.6412839567067825,-0.49456644236190406,-0.13757157257414598,0.3230282096179553,0.2516333899016363,"[0, 1, 2, 3, 4, 5, 6, 7]",14.031999999999996
