weight_holes,weight_height,weight_bumpiness,weight_line_clear,weight_hollow_columns,weight_row_transition,weight_col_transition,weight_pit_count,weight_to_consider ,score
0.6457494208585741,0.10203920794162302,0.6880563774865665,0.18661230104379745,0.9542338980864156,0.317248578447791,-0.23017318884265436,0.2046227354945318,"[0, 1, 2, 3, 4, 5, 6, 7]",11.023000000000001
0.5590337891461163,0.0890736875030409,0.40542216092301975,0.1312148342208721,-0.6231422262689985,0.10808748300875903,0.5568107737253716,-0.3269705511577947,"[0, 1, 2, 3, 4, 5, 6, 7]",10.021000000000003
-0.9452141623695476,-0.8764624481638217,0.6082571359901832,-0.8192886907600003,0.507692806850671,-0.7773580713940889,0.0603878640862201,0.6083393756515778,"[0, 1, 2, 3, 4, 5, 6, 7]",13.030999999999997
0.8673150576425857,-0.38843340690709094,-0.051521360790598214,-0.33856693302805985,0.8416125254539384,0.1362087282729174,-0.34701963432064065,-0.7380384138560874,"[0, 1, 2, 3, 4, 5, 6, 7]",14.034999999999995
0.37524929396113005,0.22480031895566754,0.6849725378001494,0.17750402197406445,-0.5402089469872957,-0.5736300819864153,0.5643502637651612,0.23618191414267153,"[0, 1, 2, 3, 4, 5, 6, 7]",13.037
0.09952386865751728,0.14332601781424326,0.25278633448908994,0.8339908854273632,0.6699479486397619,-0.5749633191749586,-0.11601011783096404,-0.3761280282013817,"[0, 1, 2, 3, 4, 5, 6, 7]",12.025000000000002
0.9643649269258208,0.5335555444221218,0.5194836279100092,-0.029263080128847818,0.908976782666191,-0.45031057845475786,-0.6695590493000589,-0.8401903280420941,"[0, 1, 2, 3, 4, 5, 6, 7]",15.038999999999996
-0.6831986629229505,0.914539534388906,-0.7254893689161512,-0.7386122646267614,0.9842359597716157,-0.0036637400602335113,0.8836312771861816,0.3297060864487775,"[0, 1, 2, 3, 4, 5, 6, 7]",23.058000000000007
0.9587351160415059,-0.6311043181422165,0.3521032130406947,0.3134018115575039,0.537969573723867,0.1608827237036754,0.7149778737392547,0.06575259945263201,"[0, 1, 2, 3, 4, 5, 6, 7]",15.025999999999996
