weight_holes,weight_height,weight_bumpiness,weight_line_clear,weight_hollow_columns,weight_row_transition,weight_col_transition,weight_pit_count,weight_to_consider ,score
-0.6059059821502961,0.4059679814225987,0.5577514965482178,0.1605592376348297,0.5107238305921056,-0.6411370355375903,-0.07480668580744876,-0.1339122495384082,"[0, 1, 2, 3, 4, 5, 6, 7]",21.056999999999995
-0.4679421579107379,0.22140349424351125,0.9399810993461033,0.6421707904880334,0.9483989047526009,-0.6405240684152171,0.7504549070065725,0.4721234635562712,"[0, 1, 2, 3, 4, 5, 6, 7]",13.03
0.3339935742777915,0.46788531010179635,-0.13134275484780855,-0.19327062093736047,-0.22928461444677817,0.5805988766602654,0.40108882582999406,0.9461245693300155,"[0, 1, 2, 3, 4, 5, 6, 7]",12.029999999999998
0.4328102341901181,-0.9359804886755974,0.2733382224008072,0.7726433147368694,0.024788200784229275,0.8552930967554431,0.8483005731584234,-0.453832502368571,"[0, 1, 2, 3, 4, 5, 6, 7]",15.043999999999999
0.8600291751533722,0.7666659240315428,-0.6249350877713646,-0.6997262004417095,0.5195925423175494,-0.17613634471293582,0.052604226211093286,0.224576718982185,"[0, 1, 2, 3, 4, 5, 6, 7]",15.038999999999993
0.29689210072679795,0.28711996759520364,0.788253021390688,-0.40009399555243497,0.741939235793595,0.7399633330337199,0.48559947805984316,0.38394793847406183,"[0, 1, 2, 3, 4, 5, 6, 7]",12.023000000000001
-0.8674818594865554,0.3450732627206319,-0.2668609032210043,-0.7315665340108846,-0.34232285462214396,0.8339060024033369,0.9981567846915256,-0.34629674835105173,"[0, 1, 2, 3, 4, 5, 6, 7]",16.033999999999992
0.20966108734493227,-0.8134415501376864,0.6685958493731599,0.8020878592864544,0.5469241663753119,-0.8515026679398572,0.4943187493240462,0.1749577937173996,"[0, 1, 2, 3, 4, 5, 6, 7]",12.027000000000001
0.8107771925563851,-0.010164831978647815,0.22537558819331482,0.20988328377924237,0.009064845309435965,0.01365509900244044,-0.09633351671786672,-0.5000008288206481,"[0, 1, 2, 3, 4, 5, 6, 7]",11.027999999999999
