weight_holes,weight_height,weight_bumpiness,weight_line_clear,weight_hollow_columns,weight_row_transition,weight_col_transition,weight_pit_count,weight_to_consider ,score
0.30626077348352854,0.24136075629159404,-0.47381406797319614,-0.40923899663172425,0.3823049363552,-0.9899320109874141,0.9040236484765203,0.8037487085180535,"[0, 1, 2, 3, 4, 5, 6, 7]",19.042999999999996
0.768454020752106,0.7533071631324888,-0.6274452223315914,0.8520231816209187,0.24098668928250078,-0.6626507549174059,0.17680249526391556,-0.41883274222451417,"[0, 1, 2, 3, 4, 5, 6, 7]",16.032999999999994
-0.09421675218952408,-0.48930585531030446,-0.1313066375175469,-0.05780763137782263,0.9637924930426398,0.8799700942960764,-0.4811252513361164,-0.1778112625037871,"[0, 1, 2, 3, 4, 5, 6, 7]",17.04399999999999
0.7169372678466952,-0.6495957586679093,0.25886779944481364,-0.20380255223645083,0.5895412932735162,-0.3171853753511038,0.06766602003925781,0.052003858868576724,"[0, 1, 2, 3, 4, 5, 6, 7]",17.04599999999999
0.4926137499746055,-0.895119344550479,-0.9601546508018366,0.36790855876485806,-0.1770090745100965,0.6518608245770237,-0.9674682627523101,0.32677049306973793,"[0, 1, 2, 3, 4, 5, 6, 7]",21.062
0.9253142612995962,0.7515581904385302,-0.9732414891775087,-0.5540726371454812,-0.03882481389057091,0.9391569499115406,-0.3018051398599302,-0.22604990201003616,"[0, 1, 2, 3, 4, 5, 6, 7]",15.038999999999996
-0.6651658150841555,0.33546910411200037,0.8411420287345794,0.7333417352255871,0.5096813355862817,-0.21666983786650595,0.6899594114414533,-0.3126875543025345,"[0, 1, 2, 3, 4, 5, 6, 7]",13.04
-0.5709708937224505,-0.24395439706109134,0.7052802081271068,0.26437224433884965,-0.4995220248274508,-0.8095521406354298,-0.6745105494586692,-0.1285317874498233,"[0, 1, 2, 3, 4, 5, 6, 7]",14.039999999999996
-0.06685112755895872,0.0038958463447043012,-0.6687887855186041,0.6356280210647445,-0.7109236679692936,-0.6979674438013932,0.8473174232544813,-0.8450440678583635,"[0, 1, 2, 3, 4, 5, 6, 7]",27.065000000000015
