weight_holes,weight_height,weight_bumpiness,weight_line_clear,weight_hollow_columns,weight_row_transition,weight_col_transition,weight_pit_count,weight_to_consider ,score
-0.42497819187992025,0.40335155284818147,0.3423030298530234,0.24878634010350154,-0.08509197586757988,-0.036034721577730355,0.5846170876824606,0.24257804429760266,"[0, 1, 2, 3, 4, 5, 6, 7]",12.02
0.1423755340139785,0.34581978262609603,-0.3213960330518624,-0.038066169338495826,-0.009476712080904504,0.8720042643311423,-0.1734487019087796,0.2299236545664276,"[0, 1, 2, 3, 4, 5, 6, 7]",13.032999999999998
-0.82119953067556,0.3473279404600378,-0.2980962693378093,0.5134790757162613,0.587569489292914,-0.39605566180969864,0.8238718163793644,0.47159597926365526,"[0, 1, 2, 3, 4, 5, 6, 7]",16.044999999999995
0.6578116612098199,-0.3800042004947026,0.20809768898205538,0.590302699103205,-0.27641797621592645,-0.3038800145653595,-0.24729648057747533,-0.8922155376066467,"[0, 1, 2, 3, 4, 5, 6, 7]",15.039999999999996
0.508597371847102,0.8969101378500628,0.8640159401516325,-0.6271897350951681,-0.8190851736937994,0.2243826337282837,-0.9648131610769874,0.9467945934732878,"[0, 1, 2, 3, 4, 5, 6, 7]",9.021000000000003
0.35237837014129547,0.9320447747419203,0.9130662530045568,-0.08635283835632324,0.6973801453018389,0.3362336771569612,0.8973990268568337,0.21836187433886378,"[0, 1, 2, 3, 4, 5, 6, 7]",14.031999999999996
0.8321927654075578,0.96480317716318,-0.2772628526821508,-0.8345802431055152,-0.362884684842228,0.16145630676738199,0.0070568458534769896,-0.17224935051032686,"[0, 1, 2, 3, 4, 5, 6, 7]",16.03099999999999
0.019980602729935182,0.6229449672188887,0.5218063810296047,-0.3983929067533789,0.26463262895392026,0.7806208624279505,0.3804187058892725,-0.612127868898684,"[0, 1, 2, 3, 4, 5, 6, 7]",9.020000000000003
-0.8032957895312034,-0.33520833969489217,-0.13216108894671064,-0.03894865016888316,0.019402125124734493,0.28858719129551313,0.4674883895541244,-0.3459229218696387,"[0, 1, 2, 3, 4, 5, 6, 7]",24.06400000000001
