weight_holes,weight_height,weight_bumpiness,weight_line_clear,weight_hollow_columns,weight_row_transition,weight_col_transition,weight_pit_count,weight_to_consider ,score
-0.34192905058982226,0.9404744520187203,-0.9539760339721579,0.7986902688816433,0.567219791139248,0.7755310029142037,0.9255758790261093,-0.015541825800270415,"[0, 1, 2, 3, 4, 5, 6, 7]",17.041999999999994
0.8553124102550318,-0.5657695044189224,0.3550542030147614,-0.44398544415736896,0.09745736439518593,0.0723830593295598,0.6647628699609254,-0.3797316854239172,"[0, 1, 2, 3, 4, 5, 6, 7]",12.025999999999998
-0.09072870182916426,-0.6226316266316703,-0.9060305913447779,0.4713498576333104,-0.12177765927224504,-0.9564510187489039,-0.6342781427983146,0.8583616018946822,"[0, 1, 2, 3, 4, 5, 6, 7]",17.040999999999993
-0.13532053295006352,0.7919290085103019,0.816944259008906,0.622242033522866,0.13022500515785773,0.8574934682059885,0.14238178088648534,0.7443111229543526,"[0, 1, 2, 3, 4, 5, 6, 7]",11.026999999999997
0.8122362664451646,0.40666821461700664,0.22966716468554638,-0.6516592953704083,-0.1656137101164732,-0.6186187161643806,0.761957496361996,0.19446545881825084,"[0, 1, 2, 3, 4, 5, 6, 7]",17.037999999999993
0.791940536052629,-0.04627824191347285,0.17809842478939863,0.39932189328709033,-0.0045756744080189815,0.42332962953975684,-0.8477750411101062,0.027441937986372844,"[0, 1, 2, 3, 4, 5, 6, 7]",10.025000000000004
-0.9789027566692154,0.5977291131883653,-0.7487526419934298,0.08244484791567785,-0.7721625805554293,-0.050745059123473046,0.9484683545702857,-0.34934120874779495,"[0, 1, 2, 3, 4, 5, 6, 7]",28.06900000000003
-0.216541687021925,-0.5580804055758075,-0.10982780457558539,0.6393033275073015,0.8380494922629986,-0.9649182728468824,0.2603347691278357,0.10278364878723156,"[0, 1, 2, 3, 4, 5, 6, 7]",18.04199999999999
0.29676455064600815,-0.1151784510794771,0.7292681342029226,0.0491177804376397,-0.6987746049970833,0.13586979214538464,-0.5130541396714625,-0.10625985684822714,"[0, 1, 2, 3, 4, 5, 6, 7]",15.030999999999997
