weight_holes,weight_height,weight_bumpiness,weight_line_clear,weight_hollow_columns,weight_row_transition,weight_col_transition,weight_pit_count,weight_to_consider ,score
0.5334484877089534,0.7760980358592409,-0.032677180551942575,0.5098277069744199,-0.7900683169985074,0.6971240608799754,-0.6088157105080767,0.662626427862284,"[0, 1, 2, 3, 4, 5, 6, 7]",12.028999999999998
-0.8133350666675427,0.19098737419341472,-0.8039495509737844,-0.8571714066308549,0.9748538402616338,0.8227834551542927,-0.5833067071861942,0.22992696073595642,"[0, 1, 2, 3, 4, 5, 6, 7]",15.03799999999999
-0.5110038365281879,-0.9141436961287575,-0.14624739572295975,0.42076635144265007,0.8412626085117008,0.024781404584071964,-0.37048586332841427,0.9668725224640449,"[0, 1, 2, 3, 4, 5, 6, 7]",18.05599999999999
-0.513981403476728,-0.017674013580582404,-0.1775981314123336,-0.5263324493106376,-0.5477077614810044,-0.035511126458259934,-0.5222793731470989,-0.34114479572005396,"[0, 1, 2, 3, 4, 5, 6, 7]",21.05
0.2342125705925997,0.7037845629381685,-0.058792319992078346,-0.7571350834178714,0.9693476557093827,-0.4208178580250639,0.9896287613133457,-0.31726714362580255,"[0, 1, 2, 3, 4, 5, 6, 7]",15.035999999999994
0.6070248107882661,0.41609735676242865,0.25778761158212427,0.2602255380059575,-0.16609634500025683,-0.5297780885829815,0.2589505369335434,-0.06350356149499992,"[0, 1, 2, 3, 4, 5, 6, 7]",16.033999999999995
-0.4177458096542357,0.1351371896627982,0.08187773432496193,0.6640723815861049,-0.1205243603637165,-0.42337706455947544,0.7632730793091096,-0.3415015044731442,"[0, 1, 2, 3, 4, 5, 6, 7]",17.042999999999996
0.5038210264060152,-0.68260193660869,0.5383531925882445,0.48679665374952186,-0.1849914606962828,-0.9752603544967882,0.2595989356171742,-0.2642470292787633,"[0, 1, 2, 3, 4, 5, 6, 7]",10.020000000000003
0.9482869352106731,0.3661147190984595,0.22350514991412052,-0.42054878455162914,0.7715914499757055,0.2690246667321221,-0.8303294026795067,-0.16747826244526887,"[0, 1, 2, 3, 4, 5, 6, 7]",12.033999999999997
