weight_holes,weight_height,weight_bumpiness,weight_line_clear,weight_hollow_columns,weight_row_transition,weight_col_transition,weight_pit_count,weight_to_consider ,score
0.31385684702771877,0.683956578131234,0.2819323759571337,-0.2893174533837424,-0.7579414056857716,-0.39062867327049955,0.8781551131784247,0.6768332454229904,"[0, 1, 2, 3, 4, 5, 6, 7]",14.034999999999995
-0.013221412512984587,-0.6516244717800892,-0.011211911660758522,0.8205633504085847,-0.3228929039080042,0.6739584374981251,-0.6421938196159542,-0.7952125371267267,"[0, 1, 2, 3, 4, 5, 6, 7]",18.05399999999999
-0.968638274006548,0.009593445122122457,-0.024357473515202566,0.027231881948463155,0.09993094677597081,0.3503694817097378,-0.7815394208588082,-0.338013399400233,"[0, 1, 2, 3, 4, 5, 6, 7]",19.049999999999994
0.35716972942803604,-0.09120284819780622,-0.6693547162233016,0.8088233907357163,-0.5943328043399767,-0.37128440176345023,0.5563557025038592,-0.010075500236550239,"[0, 1, 2, 3, 4, 5, 6, 7]",20.054
0.9551293809569699,0.4053252502824889,-0.9052257778459141,0.33863666993853725,-0.10770990831779081,-0.3514042557248338,0.06583205688867033,-0.30024845323850147,"[0, 1, 2, 3, 4, 5, 6, 7]",19.042999999999996
0.2801259444339088,-0.4308375811372904,-0.9937155884578266,0.3969591927242375,0.5859955276539777,-0.9373229571326562,0.848904194369918,0.4152416627599076,"[0, 1, 2, 3, 4, 5, 6, 7]",27.063000000000024
0.2967708265631972,0.09826466698283243,-0.5136833885295733,-0.4597763091636631,-0.6194555066923304,-0.006544354653726048,-0.13858796746511537,0.31100019435990167,"[0, 1, 2, 3, 4, 5, 6, 7]",25.066000000000013
0.5375755227923644,-0.19641389463046566,0.7744014038868654,0.15869110626285443,-0.7540519844099716,-0.09962541051915186,0.6849762506631025,-0.9465899614612576,"[0, 1, 2, 3, 4, 5, 6, 7]",10.027000000000001
0.8118731829253252,-0.37679078482646644,-0.016939568830780294,-0.36114673193925784,0.6070042392680839,-0.7362373778143179,-0.5747812801008338,-0.8544837123743148,"[0, 1, 2, 3, 4, 5, 6, 7]",16.040999999999993
