weight_holes,weight_height,weight_bumpiness,weight_line_clear,weight_hollow_columns,weight_row_transition,weight_col_transition,weight_pit_count,weight_to_consider ,score
-0.9486587315026527,-0.714241223189864,0.9852141905800298,-0.6607633704696392,-0.6590107475837326,0.8735009284388282,0.7120040362279614,-0.5415101745659487,"[0, 1, 2, 3, 4, 5, 6, 7]",19.04999999999999
-0.4534966887747136,0.590519433447634,-0.6420900760811825,0.18469315173597667,-0.44870764550706377,-0.014597456243363283,0.017302412398330524,0.7467336943330218,"[0, 1, 2, 3, 4, 5, 6, 7]",18.048999999999996
-0.02345695190006092,0.7203535304564108,0.36249094230227885,0.26095129264841965,-0.5381254947214238,-0.6090249961237608,0.6289809134236692,0.26868399959274014,"[0, 1, 2, 3, 4, 5, 6, 7]",12.030999999999999
-0.677293569833392,-0.2728416322954088,0.44679931256653993,0.9351547935955049,0.5012135351801592,0.7152801033052496,-0.6494973289567294,-0.7815699843046071,"[0, 1, 2, 3, 4, 5, 6, 7]",11.028000000000002
-0.35458630578210015,0.578393417196525,0.28601799863280286,-0.7979829621398171,0.4461902598864491,0.16266959544367388,-0.03387490941860016,0.017508417445054603,"[0, 1, 2, 3, 4, 5, 6, 7]",8.018000000000002
0.19244310137279896,-0.8840206591320947,-0.049343991476369586,-0.9212229147166886,-0.03770287644176862,0.03774810102193715,0.1752403516989618,-0.3364078717877024,"[0, 1, 2, 3, 4, 5, 6, 7]",375.37299999999874
0.6428643781279959,0.18857678165368896,-0.3658509865030699,0.2344453803673432,0.9627686118069123,-0.1196268435089578,-0.2676171843479911,-0.29910150723196716,"[0, 1, 2, 3, 4, 5, 6, 7]",15.034999999999995
-0.4130835698648254,-0.3986346658563813,0.3484316405573069,-0.43429986052898584,-0.6008705657085724,-0.1149647964155287,-0.9356564744860363,0.7001482053049153,"[0, 1, 2, 3, 4, 5, 6, 7]",24.065000000000005
0.6166558919954188,0.6486241420338705,-0.8237451179862332,0.30510895113182457,0.007707498206598551,0.5049143041128721,0.04305902291597663,-0.889254944224477,"[0, 1, 2, 3, 4, 5, 6, 7]",15.035999999999996
