weight_holes,weight_height,weight_bumpiness,weight_line_clear,weight_hollow_columns,weight_row_transition,weight_col_transition,weight_pit_count,weight_to_consider ,score
0.1468887001548771,0.8504145397218879,-0.3260644052272599,0.00670504440884967,-0.17108558137803365,0.9646847505171723,0.3527877827270234,-0.5055781077730308,"[0, 1, 2, 3, 4, 5, 6, 7]",14.034999999999997
0.31311745156937665,-0.9407193953155017,-0.2929749232624934,-0.15849483986900315,-0.2817081135497179,0.9746038488376851,0.6327206836316959,-0.8098831274380072,"[0, 1, 2, 3, 4, 5, 6, 7]",18.05299999999999
0.11810778078140949,-0.4659122773432507,-0.9938979017691889,0.21227792740992646,0.38645469480922046,-0.2561880428517054,-0.08803015158685334,-0.31023436091973444,"[0, 1, 2, 3, 4, 5, 6, 7]",125.1570000000003
-0.7175770514049165,-0.3021340672925481,-0.14980848779220213,0.6239664537579521,0.4370675804096287,-0.4793942179744959,0.14551426949734436,-0.24812423026993846,"[0, 1, 2, 3, 4, 5, 6, 7]",341.37099999999907
-0.39847815901452566,-0.5423773741790601,-0.5718030694869802,-0.823784684777918,0.27221645431779007,-0.9811561731472904,-0.2614441191348764,0.0711582640381736,"[0, 1, 2, 3, 4, 5, 6, 7]",17.041999999999994
0.07343689387067864,-0.7773639749321839,-0.46381293443740845,-0.15018863351959988,0.8425297258304629,-0.5635288792908792,-0.4979155152247783,-0.33995271746849265,"[0, 1, 2, 3, 4, 5, 6, 7]",310.37399999999974
-0.43575583481312896,0.6936758941781247,-0.3312218256941539,-0.5389979737206765,0.2923283473367948,-0.5435311179954172,0.28700226437388676,0.30470607763621693,"[0, 1, 2, 3, 4, 5, 6, 7]",19.046
0.9716216104350395,-0.8737908439155893,0.2263172234077957,0.10174783557568157,0.8342706486119007,0.3912467915890674,-0.574551154523746,-0.3912353984453285,"[0, 1, 2, 3, 4, 5, 6, 7]",10.017000000000003
0.7323840307412461,0.7831627009532245,-0.11792414398434148,-0.5225727292399971,-0.47605933525585087,-0.3094484624939904,0.5676483222493689,-0.45006637047312736,"[0, 1, 2, 3, 4, 5, 6, 7]",14.030999999999995
