weight_holes,weight_height,weight_bumpiness,weight_line_clear,weight_hollow_columns,weight_row_transition,weight_col_transition,weight_pit_count,weight_to_consider ,score
0.5453033354293924,-0.7737136530241293,0.904754734545032,0.11314374326779975,-0.10116985972356418,-0.9062403946678956,-0.4402765390599761,0.29720004739255956,"[0, 1, 2, 3, 4, 5, 6, 7]",15.03699999999999
-0.3944992149664368,-0.3692939553764554,0.17783105560530843,0.967992962124141,-0.3463262712389583,-0.03511653781363311,-0.7665342832379713,0.5695532072202283,"[0, 1, 2, 3, 4, 5, 6, 7]",13.027999999999995
-0.00648277522300722,-0.020336766991805755,-0.5153622035170695,0.7768358964716346,-0.15778854540170495,-0.8297024846954724,0.19589150121532128,-0.7955470110063303,"[0, 1, 2, 3, 4, 5, 6, 7]",29.06600000000002
-0.34816742284729374,-0.15246054767867245,0.48734207596015433,-0.07283574027514939,0.6451207139478852,-0.9224655828689805,-0.5863572034840525,-0.1691815767770788,"[0, 1, 2, 3, 4, 5, 6, 7]",11.024
0.8283654613139724,0.5304410669632627,-0.5234163572277948,-0.7068217375448842,-0.4345992573922859,-0.24510257365699606,0.16469040432102444,0.278262709898377,"[0, 1, 2, 3, 4, 5, 6, 7]",13.029999999999998
-0.1403609407829245,0.9489845315869376,-0.14866769464484308,-0.6119432050070346,-0.2772744138760428,-0.21888617279083444,-0.42135532753821203,0.5041216898518488,"[0, 1, 2, 3, 4, 5, 6, 7]",16.033999999999995
0.5327762523403894,-0.18830981318263995,-0.14770082138120677,0.10735496902393082,-0.3266400277319901,0.09398347749919678,-0.281829217417515,-0.8906578215915109,"[0, 1, 2, 3, 4, 5, 6, 7]",19.041
-0.8148345478979317,-0.73933738466579,0.279381273675273,-0.9510916163717578,0.9973796158132793,-0.9548719722679067,0.6771914696584251,0.4682267724116098,"[0, 1, 2, 3, 4, 5, 6, 7]",14.037999999999993
-0.47066185939632543,0.1504721940350957,0.22195769452392344,-0.9156237162798617,0.10060668816303253,0.4572203332654816,0.9566370406694158,0.18551943831524942,"[0, 1, 2, 3, 4, 5, 6, 7]",14.041999999999994
