weight_holes,weight_height,weight_bumpiness,weight_line_clear,weight_hollow_columns,weight_row_transition,weight_col_transition,weight_pit_count,weight_to_consider ,score
0.7994073381050106,-0.8750029544914064,-0.34373352482797737,0.3600816543599703,-0.9581692255016316,-0.24129730008921335,0.6733009946788466,0.4277271041861279,"[0, 1, 2, 3, 4, 5, 6, 7]",24.056000000000015
-0.45263823722302043,-0.32483637424161804,0.9088327138402719,0.512953697536551,0.7441938910809505,0.7995726434135499,0.3944704934289185,-0.1966264758352223,"[0, 1, 2, 3, 4, 5, 6, 7]",13.036999999999994
0.6119886598769078,0.4011847232730932,-0.06771502735661272,-0.22876641977126888,-0.35313313554087333,-0.9237449225528354,0.9350281486962446,-0.9130471975971275,"[0, 1, 2, 3, 4, 5, 6, 7]",13.027999999999995
0.26612436874530254,0.533217219199229,0.49641516133564534,-0.2801084552114035,0.3990545313793963,-0.7219987180657996,-0.5232593997224995,-0.7490066820754493,"[0, 1, 2, 3, 4, 5, 6, 7]",10.026
0.14367362153245944,0.7456908701695171,-0.3286275735840276,-0.5132567242159558,-0.8293510565555313,0.9248642086352838,-0.21024576952169616,-0.17723450150192277,"[0, 1, 2, 3, 4, 5, 6, 7]",12.033999999999999
-0.09863117301687763,0.9925521010313512,0.30728838643175727,0.2002066543894645,0.8677847165476935,-0.4134093596773425,0.15533240805215986,0.12248176800336541,"[0, 1, 2, 3, 4, 5, 6, 7]",12.027999999999997
0.32195898420102775,0.3053294455883455,-0.2066563700088928,-0.6226802417379071,0.08337275408554934,-0.44282642737711764,0.9182143876065447,-0.7588046064285308,"[0, 1, 2, 3, 4, 5, 6, 7]",12.032999999999998
-0.9885836514363591,-0.44160780769944585,0.9993492416576062,-0.07608272160373253,0.7031855240384945,-0.5872809150700162,0.015386569280861462,0.897766046542962,"[0, 1, 2, 3, 4, 5, 6, 7]",13.036
-0.6290918279595064,-0.24151928272794754,0.5124071817005547,0.18691985689094026,-0.8357075271166876,0.3179345889821017,0.2964886695083282,0.6301218214621689,"[0, 1, 2, 3, 4, 5, 6, 7]",11.033000000000001
