weight_holes,weight_height,weight_bumpiness,weight_line_clear,weight_hollow_columns,weight_row_transition,weight_col_transition,weight_pit_count,weight_to_consider ,score
-0.07395745270507126,0.9993824441720931,0.9305519401735072,0.3753413574747031,0.7570204782601411,-0.7550067930642383,0.11935561958834717,0.2769100701917011,"[0, 1, 2, 3, 4, 5, 6, 7]",11.025
0.4783286873673718,-0.23062824253506475,-0.3593322298027488,0.16048874815031655,0.6515055915576835,0.7608987355038721,0.0711337282048865,-0.9883063710798805,"[0, 1, 2, 3, 4, 5, 6, 7]",19.049999999999997
-0.6709130532476046,0.7354412391491121,0.5158978845977342,-0.16279221807209399,0.3233026092227802,-0.5537751109331552,-0.7787096353023488,-0.4619478914141619,"[0, 1, 2, 3, 4, 5, 6, 7]",20.05
-0.19803598511382736,0.9259056715039238,-0.6551046175114279,0.47632855787699735,-0.9239647800109332,-0.6210560141968751,0.09631917698620107,0.9480266563010664,"[0, 1, 2, 3, 4, 5, 6, 7]",21.053000000000008
-0.11985656913218112,0.5026262756565585,-0.9584164386539098,-0.9671692177403357,0.6152249698544339,-0.1807145780587469,0.4533574937828817,0.07525716450652475,"[0, 1, 2, 3, 4, 5, 6, 7]",25.064000000000018
0.29984870176690426,-0.8573780912857769,0.9457203041196949,-0.00869212882004411,-0.5013891884176358,0.349526771326955,0.32412124699682243,0.135799823699289,"[0, 1, 2, 3, 4, 5, 6, 7]",11.031
-0.7791973555553295,-0.8684455967358193,-0.5971322228301508,0.8492320725056806,0.12018232134250639,0.8365382705710644,0.04227248304438347,-0.9677560686753637,"[0, 1, 2, 3, 4, 5, 6, 7]",23.064000000000007
0.6997217499012856,-0.2582007382326428,0.6405924964194545,0.9854914257843121,-0.01191527029003736,0.7040875235745414,-0.8991857229085498,0.2932764791178166,"[0, 1, 2, 3, 4, 5, 6, 7]",10.023
-0.8762150833014519,-0.3708379647360567,-0.5226814258294135,0.8763990835980249,-0.7445962359980574,-0.014736645805458526,-0.7393619498216293,-0.9515578266440683,"[0, 1, 2, 3, 4, 5, 6, 7]",365.37099999999856
