weight_holes,weight_height,weight_bumpiness,weight_line_clear,weight_hollow_columns,weight_row_transition,weight_col_transition,weight_pit_count,weight_to_consider ,score
0.8848923998012226,0.07867770159372367,0.4871598026558661,0.05393402364063671,0.662604263533805,0.5234115648503437,0.3332546266520897,-0.20054841419356517,"[0, 1, 2, 3, 4, 5, 6, 7]",12.027999999999997
-0.5313284815484667,0.09587248868060039,-0.9588365528421685,0.06241527535181457,0.9651912679963146,0.32635479956579005,0.8793542900590174,-0.4206293129185339,"[0, 1, 2, 3, 4, 5, 6, 7]",27.06200000000002
0.1276074695818028,-0.09831223628097763,0.3677826848385479,0.06694540894799306,0.47840923787437983,0.037663975843380326,-0.206649993723234,-0.483173790375095,"[0, 1, 2, 3, 4, 5, 6, 7]",17.050999999999995
0.9805365220910531,0.7877073545938802,-0.4547172302329896,0.17031704250566548,0.11925743596908145,-0.7780985161144085,-0.5140289321543527,-0.7732701597351888,"[0, 1, 2, 3, 4, 5, 6, 7]",15.039999999999992
-0.823885765806917,0.8178024758081854,-0.14110611194538292,0.26942077091005934,-0.523002030901492,-0.891489021009102,0.6677446668691602,-0.6733284818590204,"[0, 1, 2, 3, 4, 5, 6, 7]",22.056000000000004
-0.702156458881805,0.0818775031747423,0.3145952232034439,0.519728926798223,0.6574352687562772,-0.2721324195006527,-0.7367269340854907,0.11215067297568293,"[0, 1, 2, 3, 4, 5, 6, 7]",12.03
0.6297262332852482,0.7998035091424816,0.9912812967206706,0.8350612985454156,0.0711354727257818,-0.2282091170815066,-0.8224292927375825,-0.1570120972801492,"[0, 1, 2, 3, 4, 5, 6, 7]",12.03
-0.9221166391043578,0.3911311139589082,0.6164878629003807,-0.020701858446259713,0.5624059130042716,-0.4377015716652253,-0.7231255716178309,-0.8392841828071116,"[0, 1, 2, 3, 4, 5, 6, 7]",8.021
-0.6626012587267063,0.3195574448888814,-0.9725101297600116,-0.2799372296236724,-0.9203206777002051,-0.43940390000283647,-0.946657178895459,-0.49476146490203776,"[0, 1, 2, 3, 4, 5, 6, 7]",34.089000000000034
