weight_holes,weight_height,weight_bumpiness,weight_line_clear,weight_hollow_columns,weight_row_transition,weight_col_transition,weight_pit_count,weight_to_consider ,score
0.04530711919316799,0.14019051759475976,-0.4231702151900243,0.6129864688947999,0.863113988279012,0.8839271604654211,0.11577468157331627,-0.8434892151893256,"[0, 1, 2, 3, 4, 5, 6, 7]",20.055999999999997
0.2158191430328522,-0.7278887964598553,0.536762694835228,0.6700158087201331,-0.04646348087096852,0.36959859324766997,0.11960562139699449,0.024891285648244166,"[0, 1, 2, 3, 4, 5, 6, 7]",13.027999999999997
-0.4181544437725593,0.8422681583615632,-0.26269387412864464,-0.0807230401726553,0.3788002359998741,0.6920950250848195,-0.7451743902535748,0.7109718424437119,"[0, 1, 2, 3, 4, 5, 6, 7]",13.033999999999997
0.5810070306508577,-0.7089865341325468,-0.8795582575846024,0.28813109445887886,-0.1825413126275346,0.6171211316974403,0.44797157660977227,0.11492828630856766,"[0, 1, 2, 3, 4, 5, 6, 7]",25.06000000000001
-0.49876836651891376,0.18408923684624456,0.42579057320073943,0.8116730175148015,0.1591767315694148,0.2425007849677523,0.7294526695053594,-0.8082769533919845,"[0, 1, 2, 3, 4, 5, 6, 7]",19.054999999999996
-0.5961802868431283,-0.012614491298107877,-0.6244676825755544,0.6079377214481645,0.7140306589386491,0.6522058812063667,0.979566607859961,-0.6881764764100502,"[0, 1, 2, 3, 4, 5, 6, 7]",23.05700000000001
0.5440688054564269,-0.6742958448805412,0.7097413998553117,0.8235261085661554,-0.5896224565741917,0.2575733971867318,-0.7182796107525158,0.31556228862316704,"[0, 1, 2, 3, 4, 5, 6, 7]",14.045999999999994
0.9479270009290155,-0.8632364957614764,-0.711446327644808,-0.6446193550772028,0.916038700125932,0.993149155442185,-0.7158431642468392,-0.05728425473404464,"[0, 1, 2, 3, 4, 5, 6, 7]",19.052999999999994
-0.19843874472215095,0.11934070783649675,-0.1748624455616199,0.23208883185292195,-0.2607650167563371,-0.6342662916841881,0.6036659562541682,0.6808709085886142,"[0, 1, 2, 3, 4, 5, 6, 7]",13.036999999999995
