weight_holes,weight_height,weight_bumpiness,weight_line_clear,weight_hollow_columns,weight_row_transition,weight_col_transition,weight_pit_count,weight_to_consider ,score
0.7053192221356772,-0.7066674381926372,-0.5631983885506997,-0.8986430260626843,-0.932032910781617,-0.07371692794194695,-0.9719324674565293,-0.38471682870341817,"[0, 1, 2, 3, 4, 5, 6, 7]",171.17000000000044
-0.8183522402941599,0.08675251328107669,0.6229048167655231,0.3226238633270171,0.5428737308461618,0.8953397805189949,-0.45442318958220707,0.053403682069836256,"[0, 1, 2, 3, 4, 5, 6, 7]",15.041999999999998
0.26072948035878407,-0.6511453922618176,-0.00686001432028327,0.13618483068038723,-0.9639479315745152,-0.4734394389896863,0.9472819903639755,-0.2031542027399842,"[0, 1, 2, 3, 4, 5, 6, 7]",18.043
-0.04160355142605687,-0.9861137436401304,-0.9542685123277452,-0.7111499348125487,-0.6297939787577047,0.11798098966695925,-0.42684177407900936,-0.7963277115368688,"[0, 1, 2, 3, 4, 5, 6, 7]",330.3699999999991
0.18894380022240553,-0.5516035169722033,-0.14726292207274283,0.6601724876425195,-0.584406000204849,0.9390082191239695,-0.5676415666413073,0.7181939957646319,"[0, 1, 2, 3, 4, 5, 6, 7]",10.025
0.21531786627038407,-0.642917048227434,0.5295429390257445,-0.8326641803033077,-0.36898742476034263,0.7671588991621117,0.24600993899915102,0.1235985931562038,"[0, 1, 2, 3, 4, 5, 6, 7]",15.037999999999997
0.531858996040061,0.763889674332507,-0.09800868279049535,0.4715555769924178,-0.9153379900344034,-0.6227525744419355,0.9001295086291197,-0.21051038838745195,"[0, 1, 2, 3, 4, 5, 6, 7]",11.025
0.44583149288433144,0.9818619035303056,0.08765643878498364,0.0880325499768273,-0.42365707527998664,-0.733324667356875,-0.46740513914381676,-0.6254618277523416,"[0, 1, 2, 3, 4, 5, 6, 7]",16.032999999999994
-0.9974247355748791,0.43525648000336026,-0.527172304410795,0.2917600282113295,-0.7698208961924442,0.2054526550602791,0.508814913119545,0.04938985298341758,"[0, 1, 2, 3, 4, 5, 6, 7]",30.06900000000003
