weight_holes,weight_height,weight_bumpiness,weight_line_clear,weight_hollow_columns,weight_row_transition,weight_col_transition,weight_pit_count,weight_to_consider ,score
-0.7572399462294068,-0.1963668101408904,0.07294852287269449,0.810645127006667,0.4339660027477552,-0.3562779851798781,0.4504799018494401,-0.7349558839156465,"[0, 1, 2, 3, 4, 5, 6, 7]",17.03899999999999
-0.18379298468015826,0.20269202132879416,-0.5732974789825207,-0.9873885617891225,0.08947767363831916,0.43360319570480765,0.6086138152426717,0.990266911093264,"[0, 1, 2, 3, 4, 5, 6, 7]",22.052000000000007
-0.8355053733812603,-0.24996082241895512,0.40463054546907196,-0.1306050372210914,-0.9705073406874438,-0.11286582922914512,-0.7135472183894354,-0.5240133514110725,"[0, 1, 2, 3, 4, 5, 6, 7]",21.066
-0.6096700790040215,0.9653108261827612,0.9834428951134315,0.588816390461137,-0.6093760616881296,0.5015918031454873,-0.35538339655797646,-0.42025766450902036,"[0, 1, 2, 3, 4, 5, 6, 7]",13.038999999999998
-0.897786688356462,0.39971951018148033,0.4565566797298146,0.3711301527489985,0.8129840523116723,-0.7970343344095936,0.32378035969651076,0.05283352712431788,"[0, 1, 2, 3, 4, 5, 6, 7]",12.031999999999996
-0.49650831429795805,0.922541402933742,-0.5440177688967847,-0.08789795327776373,-0.2807918997670942,-0.12560189741681183,-0.5223216355951903,0.11556583252984765,"[0, 1, 2, 3, 4, 5, 6, 7]",31.06800000000002
-0.23375787965073846,-0.0746465155872742,-0.034983599346111394,0.8040609609880538,-0.6947436963573144,-0.2911214541196163,-0.5127558397062946,-0.12491846900581294,"[0, 1, 2, 3, 4, 5, 6, 7]",12.031999999999996
0.9141674730424862,-0.8605349594932281,-0.5877923273491157,0.47244948787232577,0.14012095830079097,-0.21870070724343216,-0.23189792112143492,-0.044942675214376004,"[0, 1, 2, 3, 4, 5, 6, 7]",84.13299999999998
0.04477083450692243,-0.6376843035315383,0.13646129113894112,-0.4720156252130203,-0.10996117231320257,-0.02669602087240297,-0.8453411473338217,-0.5957790010581869,"[0, 1, 2, 3, 4, 5, 6, 7]",23.06600000000001
