weight_holes,weight_height,weight_bumpiness,weight_line_clear,weight_hollow_columns,weight_row_transition,weight_col_transition,weight_pit_count,weight_to_consider ,score
0.5217188863038102,0.48688505804733806,0.02897127886296058,-0.13969811014818623,0.7402552212321696,-0.7741525446613886,0.6460434224002405,-0.5256372100753961,"[0, 1, 2, 3, 4, 5, 6, 7]",12.027
-0.5748360136530724,0.6077999368627955,-0.7712370466001477,0.9840547029323312,0.6919016473396034,0.36254330104323906,0.029599039036965813,0.9449260800160726,"[0, 1, 2, 3, 4, 5, 6, 7]",29.072000000000028
0.8218877553428785,0.8289317136761092,0.3708108544272779,-0.6417947051068571,-0.2805470341366272,0.5349912989978247,-0.2674506930809022,-0.6563513622970656,"[0, 1, 2, 3, 4, 5, 6, 7]",14.031999999999998
-0.35451173537201064,0.3274002656528112,0.5713443890688001,-0.3477826076884727,0.22514786695034505,0.9695570363019661,-0.3995783878786756,0.5426861103862504,"[0, 1, 2, 3, 4, 5, 6, 7]",13.035999999999994
0.737737345087228,-0.8617385579512602,0.6137527502912665,-0.3713114579391317,-0.9476736577154881,0.3304237512164516,-0.15087002686492612,-0.5788869023198189,"[0, 1, 2, 3, 4, 5, 6, 7]",16.05099999999999
0.604460387954056,0.1979945822076168,-0.003571997889058709,0.3406014574399867,0.9625408274247678,-0.7156579354300308,0.42131302849096075,-0.24402985540246225,"[0, 1, 2, 3, 4, 5, 6, 7]",17.034999999999993
0.7936332895496581,0.9770963210539765,-0.27315766672407427,-0.6897099958602295,-0.6430312395352484,-0.5993114361081424,-0.9018489025583374,-0.30522101898919196,"[0, 1, 2, 3, 4, 5, 6, 7]",15.041999999999993
0.11886650909101815,0.5879858081202372,0.5439938589611732,-0.9750930829284632,0.6674506032611984,0.8981768451746075,-0.33784433891833765,-0.7650502883930512,"[0, 1, 2, 3, 4, 5, 6, 7]",12.023000000000001
0.34105157881404624,0.551644922516936,-0.055079905851029176,0.4001559176711671,0.6809954600738783,-0.25327637825605676,-0.7530875526081535,0.8712545980889046,"[0, 1, 2, 3, 4, 5, 6, 7]",17.037999999999997
