weight_holes,weight_height,weight_bumpiness,weight_line_clear,weight_hollow_columns,weight_row_transition,weight_col_transition,weight_pit_count,weight_to_consider ,score
-0.9855698958719081,-0.9168995452045836,-0.1911882276901471,0.890855086996112,-0.4491822405397423,0.6483625975342289,0.5156784193911863,0.511143175916559,"[0, 1, 2, 3, 4, 5, 6, 7]",17.05599999999999
0.7210104951574225,-0.7465481875794489,-0.4763293899968539,-0.8889549803764218,0.3793822088647898,-0.9382092619047289,-0.12913780820881549,0.0062443323716643295,"[0, 1, 2, 3, 4, 5, 6, 7]",82.12700000000014
0.6060074472692489,-0.4302487702444937,0.49099763846295685,-0.5334328561735884,-0.2978216160797511,-0.44790962454272654,0.6427314097103571,-0.706704623573909,"[0, 1, 2, 3, 4, 5, 6, 7]",12.020999999999999
0.1203152361037867,0.0636687082384999,-0.7808916433979396,-0.5761865851359971,-0.7665557516062658,0.6778354740382602,-0.19231363256975187,0.11772516767223817,"[0, 1, 2, 3, 4, 5, 6, 7]",32.070000000000036
-0.752134786962676,-0.26965140220302186,-0.8033769132390478,-0.22300838601545103,-0.020859827715157486,0.17115254086439857,0.7448709989250812,0.07442381627815498,"[0, 1, 2, 3, 4, 5, 6, 7]",39.08300000000003
-0.2942505267547548,-0.5680494486723495,0.056929571724586125,0.3341308445333304,-0.2584049878056167,0.4871511238442059,-0.39182758251468686,0.133119542629208,"[0, 1, 2, 3, 4, 5, 6, 7]",21.051999999999996
-0.11944592631891182,-0.5984157705846631,0.14809006031521976,-0.22116748509514506,-0.6629573055969475,-0.16182964746703843,-0.7935545852960193,-0.8886971089916567,"[0, 1, 2, 3, 4, 5, 6, 7]",191.13000000000036
0.33543756150969073,-0.8603779696075433,0.5406126327424281,0.7914905282931941,-0.7998541225048121,0.5144619563900201,-0.16868865466381822,0.5861340107969262,"[0, 1, 2, 3, 4, 5, 6, 7]",15.04299999999999
-0.3350165267125409,-0.6300985416035334,-0.5559092011463513,-0.88306230488553,0.07618328985829459,-0.8055051723732591,-0.10913429360677362,0.6923782191312926,"[0, 1, 2, 3, 4, 5, 6, 7]",13.032999999999996
