weight_holes,weight_height,weight_bumpiness,weight_line_clear,weight_hollow_columns,weight_row_transition,weight_col_transition,weight_pit_count,weight_to_consider ,score
0.9766089976735379,0.18978616871565235,-0.4394650892396079,-0.17378036768703908,-0.4314006312583283,0.7843250085338878,0.20089762367515496,0.20409300944537767,"[0, 1, 2, 3, 4, 5, 6, 7]",12.029999999999998
-0.04420458501992641,-0.5833928999941405,-0.8321637042150254,0.3443616849202218,-0.0032880028499708835,-0.3300474896440948,-0.34373130566325827,0.37104089322979106,"[0, 1, 2, 3, 4, 5, 6, 7]",351.368999999999
-0.2273660384929106,0.9544562788546567,-0.6580650798601455,0.6746810350687586,0.4633125267071134,0.04512066257988678,0.7966606736182287,-0.3202673391277131,"[0, 1, 2, 3, 4, 5, 6, 7]",18.04699999999999
-0.7673142825115982,0.9192095035053138,-0.608288606238476,0.010069856782953135,-0.11240519492033241,-0.834402237040067,-0.661174876552552,-0.9754545460402912,"[0, 1, 2, 3, 4, 5, 6, 7]",37.09000000000002
0.21206660381043307,-0.6107992105450188,0.003228905281603689,0.6054516803682213,0.9337267619939766,0.564957216556645,-0.8859627942707367,0.032964343445109456,"[0, 1, 2, 3, 4, 5, 6, 7]",15.044999999999991
0.6936666108738592,-0.7694185435588292,-0.7032817009253165,0.5952661031414697,0.8635291141210926,-0.11803044026418696,-0.27151027754825563,-0.7421351674504844,"[0, 1, 2, 3, 4, 5, 6, 7]",109.15900000000033
0.3032411515507978,-0.2409407662259131,-0.9424807400735447,0.120074165224614,0.41416473584831137,0.8769302415181546,0.4874092673009094,0.7555148876208495,"[0, 1, 2, 3, 4, 5, 6, 7]",24.065000000000015
-0.03724194616055376,-0.9361877813972868,0.10208396098704586,-0.3945432360308727,-0.13170612022969208,0.22053647941656807,0.44653932120977324,0.15137583582214242,"[0, 1, 2, 3, 4, 5, 6, 7]",12.031999999999998
0.800583076101909,-0.547063706288984,-0.7612491440581595,-0.5900169579328385,0.4860392593471259,0.44650539155267976,0.5735890931451486,0.1718557211302456,"[0, 1, 2, 3, 4, 5, 6, 7]",22.058000000000007
