weight_holes,weight_height,weight_bumpiness,weight_line_clear,weight_hollow_columns,weight_row_transition,weight_col_transition,weight_pit_count,weight_to_consider ,score
-0.3195284361783539,-0.8901464074721976,0.4527681904819778,-0.7713531869789083,-0.6687127786668032,-0.6830828653552783,-0.4488134341356418,0.983055549854547,"[0, 1, 2, 3, 4, 5, 6, 7]",19.066999999999997
-0.66076674077603,0.947890996229309,-0.9443260901763084,-0.009167889820745012,-0.13568654371419253,-0.9500562338224596,-0.9769436332524968,0.9387270528450113,"[0, 1, 2, 3, 4, 5, 6, 7]",16.031
0.1190386704725035,0.5896629875941153,-0.21851169859269648,0.38455078969046896,-0.36868697896579206,-0.9461223558903455,-0.5080502113541521,0.36433083037086145,"[0, 1, 2, 3, 4, 5, 6, 7]",13.032999999999994
-0.2707899991960958,0.5374767564767966,-0.6722066014286427,-0.6856540313677681,0.3736961652612907,-0.8966499528490803,0.9975759848080468,0.6220802615540124,"[0, 1, 2, 3, 4, 5, 6, 7]",15.040999999999993
-0.7254140037342538,-0.6163090401425051,-0.01318946900388851,0.16751223914800684,0.30139629456144146,-0.3550579740111084,-0.4262314564635634,0.1969801898971435,"[0, 1, 2, 3, 4, 5, 6, 7]",57.09099999999997
-0.3907286820639848,0.12180091072722776,0.7290644854123318,0.40431739759397023,0.9564083809659145,0.7203302237470965,0.7806788455010034,-0.7240373809350356,"[0, 1, 2, 3, 4, 5, 6, 7]",12.028999999999998
-0.2373985677764361,0.35984519534257475,-0.14110608344585707,-0.4296360371559298,-0.020600729076935664,-0.00033414974172951695,0.6973600013926873,-0.06415633754161454,"[0, 1, 2, 3, 4, 5, 6, 7]",17.043999999999993
-0.37497889662274053,-0.13445115818552344,0.8841168437187303,-0.4001913828963759,-0.02299469862366932,0.21422380382910733,-0.8153830935219624,0.3383603894205558,"[0, 1, 2, 3, 4, 5, 6, 7]",12.028999999999998
-0.013944500120668613,0.42741733837308327,-0.2359427212372307,0.21899245982456117,0.23383257042827799,-0.3425160877576401,-0.5419664502531625,-0.1559822094429304,"[0, 1, 2, 3, 4, 5, 6, 7]",22.054000000000002
