weight_holes,weight_height,weight_bumpiness,weight_line_clear,weight_hollow_columns,weight_row_transition,weight_col_transition,weight_pit_count,weight_to_consider ,score
0.555379896208968,0.2968709775096854,0.4894985614103058,0.5053351337955372,-0.10377368492682448,-0.8310082598257047,-0.0009445326391648301,-0.5150678772899246,"[0, 1, 2, 3, 4, 5, 6, 7]",11.026999999999997
0.7036701670460861,0.7063964902612161,-0.4649199211997004,-0.4974455293616833,0.10641646096629898,-0.8672999234228507,0.7039269667511265,0.8989990094009792,"[0, 1, 2, 3, 4, 5, 6, 7]",14.032999999999992
0.2860082033914302,-0.915643829209104,-0.03438096703525528,0.7380052116763482,-0.125823234635015,0.6110976662521022,-0.8123845402937702,-0.7020552585928914,"[0, 1, 2, 3, 4, 5, 6, 7]",14.035999999999994
-0.26610045684603656,0.03417146383850267,-0.3265691238436319,0.6141236424923935,-0.6739118280190937,0.8846274899056732,0.7217345942380125,-0.5946197180992243,"[0, 1, 2, 3, 4, 5, 6, 7]",17.049999999999994
0.10700529858311292,-0.9285548326932263,0.13861371224221686,0.9311749656457664,0.6161416146593626,0.5802316781662538,0.12834131022636686,-0.12465756771536118,"[0, 1, 2, 3, 4, 5, 6, 7]",18.053999999999988
-0.8410531257365974,-0.84484300711488,-0.11003233166154835,-0.07417540494677621,0.6572307801507489,-0.6333200607805374,0.9712498026726497,0.1659711573266376,"[0, 1, 2, 3, 4, 5, 6, 7]",46.071999999999946
-0.4962803468528141,0.07499087834797868,-0.7007391000438616,0.542958013999361,0.09070998724274904,0.9935820656989103,0.5884149309333189,0.7231334767621975,"[0, 1, 2, 3, 4, 5, 6, 7]",18.05599999999999
0.5657770295729381,0.7755371396587281,-0.042238661292069324,-0.7132724868878482,-0.0795661656718174,0.2542949022800405,0.5320618749777439,0.04293273658123975,"[0, 1, 2, 3, 4, 5, 6, 7]",14.029999999999998
0.2238092900941011,-0.03292926370028182,0.6414178994030237,0.04887181090187176,0.8200428727715137,0.8583852717040752,0.009902020793741695,-0.7964345291908597,"[0, 1, 2, 3, 4, 5, 6, 7]",17.05699999999999
