weight_holes,weight_height,weight_bumpiness,weight_line_clear,weight_hollow_columns,weight_row_transition,weight_col_transition,weight_pit_count,weight_to_consider ,score
-0.5545914348144938,-0.9920874835747853,-0.8262839505231274,0.9731328745460268,0.7027269515066779,-0.9284982821429892,0.6017026550009137,0.5910549831942578,"[0, 1, 2, 3, 4, 5, 6, 7]",16.043999999999993
-0.74530084869876,0.08839853492442273,-0.494090550021556,0.3518182518486481,0.6855707183591919,-0.6632167329521426,-0.0863178782039975,-0.5843771777935232,"[0, 1, 2, 3, 4, 5, 6, 7]",41.080999999999975
0.07644455946118378,0.6227123340328837,0.760921519201162,0.15834166652871717,0.6564959870114313,0.029895632995575294,-0.20331144684426672,0.2831824553665625,"[0, 1, 2, 3, 4, 5, 6, 7]",9.022000000000004
0.8228827750666023,-0.47372254934935487,-0.31823840627046973,0.31385569666046464,-0.6266273682141619,0.5389609272889306,-0.0012044347889716978,0.9869010807725649,"[0, 1, 2, 3, 4, 5, 6, 7]",13.036999999999995
0.5158176034828921,-0.7219671860079309,-0.3215021112895271,-0.10780153360131073,0.06683549207854078,-0.027428789121613617,0.8234718205831719,-0.17732796076391666,"[0, 1, 2, 3, 4, 5, 6, 7]",30.068000000000033
-0.09589062124975034,-0.8586864830048135,0.2755184845980534,0.11444400716169056,-0.47128556328454496,-0.43564911904076986,-0.1857253414728952,-0.32600373485976797,"[0, 1, 2, 3, 4, 5, 6, 7]",15.037999999999997
-0.7787888055307677,0.4590747026981292,-0.08101582660587114,-0.4704482547667812,0.18457359725916067,-0.9886145874300938,-0.10531694104655887,0.24258526037134986,"[0, 1, 2, 3, 4, 5, 6, 7]",15.043999999999993
0.8132219384684791,-0.004290082210177237,0.3705028551608016,0.4837609027837666,0.6526592438224579,-0.7656151470570165,-0.5774763462365362,0.8246138449136948,"[0, 1, 2, 3, 4, 5, 6, 7]",11.030000000000003
-0.3491274643577802,0.9874624060773258,0.08397598678435747,-0.3886829416829465,-0.058208205722730666,-0.34077469010064787,-0.856201469858263,0.7792773156586095,"[0, 1, 2, 3, 4, 5, 6, 7]",10.025
