weight_holes,weight_height,weight_bumpiness,weight_line_clear,weight_hollow_columns,weight_row_transition,weight_col_transition,weight_pit_count,weight_to_consider ,score
0.049530386052489384,0.7989464797580461,0.45671269992503016,0.15285642960348333,0.437542477904006,0.3707388805001277,-0.0851723546195533,0.7288525250440634,"[0, 1, 2, 3, 4, 5, 6, 7]",12.029
0.15541530102117984,-0.3418362232329828,0.0034211847922125393,0.15708781566453012,0.34577515516281565,0.5643279055485444,-0.8381457360298181,-0.19911760405999268,"[0, 1, 2, 3, 4, 5, 6, 7]",18.04699999999999
-0.9539041316130028,-0.7694477836050078,0.43358047307909287,-0.05086888417169888,-0.985551165677538,-0.6189704258517597,-0.529651805964499,0.9478734632576415,"[0, 1, 2, 3, 4, 5, 6, 7]",14.039999999999994
0.8629883848562434,-0.35270885228644344,0.5652900306771269,-0.7808412262201474,-0.28069691660280727,0.6237342190370063,-0.458013161723559,0.05927855603082377,"[0, 1, 2, 3, 4, 5, 6, 7]",8.014
-0.8982802605431213,-0.8732786916587512,-0.002502751431094019,0.7625056998496735,0.981404207761547,-0.5629628038119172,-0.4466815381593088,0.43382686956113825,"[0, 1, 2, 3, 4, 5, 6, 7]",17.055999999999987
0.8601110488805366,-0.30694811796112065,0.0007874876768354522,0.8507657050118969,-0.3725736196883631,0.6415193718357963,-0.029860847986429073,-0.10477325760393197,"[0, 1, 2, 3, 4, 5, 6, 7]",10.022000000000002
-0.9761983582915894,-0.08428530807281254,0.6200049761539228,0.5381063704465641,-0.8193402715236853,-0.95073591040054,0.8038040253448768,0.17699672918336562,"[0, 1, 2, 3, 4, 5, 6, 7]",9.024000000000001
0.12731047592647582,-0.3903068554666891,0.457661123912666,0.47101687801520886,-0.05963727686405429,0.9778593464130345,-0.7857969085766494,0.312547678292473,"[0, 1, 2, 3, 4, 5, 6, 7]",13.028999999999995
-0.2655820306577874,-0.8348907027851511,-0.6468311294968454,0.006841066757298453,0.1513026988841677,0.5563408788784496,0.5321142733674011,0.7143861257484438,"[0, 1, 2, 3, 4, 5, 6, 7]",40.08099999999998
