weight_holes,weight_height,weight_bumpiness,weight_line_clear,weight_hollow_columns,weight_row_transition,weight_col_transition,weight_pit_count,weight_to_consider ,score
-0.20244649589296726,0.4420163549861855,-0.3754554674883015,0.5827146815722826,-0.13849748365147674,0.856250610833557,-0.10057901516084478,0.6349013266174073,"[0, 1, 2, 3, 4, 5, 6, 7]",13.025999999999993
0.36050641851313747,-0.8184762730113258,-0.424806504970471,-0.019317619748313142,-0.33866487800973033,-0.5992782594885548,0.3186651602938735,-0.7409863664333516,"[0, 1, 2, 3, 4, 5, 6, 7]",134.19200000000035
-0.10829471949987557,-0.6241646554698685,0.7979051186674266,0.9504864959551182,-0.5715697567596638,-0.8890426915144509,0.7249327466976832,0.2178479209886115,"[0, 1, 2, 3, 4, 5, 6, 7]",18.060999999999996
0.9535353279491663,-0.6252248888851204,-0.4856607723787354,-0.15882884545876608,0.9518394329814162,-0.20036148034157808,-0.019481405176246858,0.7231219371663458,"[0, 1, 2, 3, 4, 5, 6, 7]",22.048000000000005
-0.43494305793932586,0.5574273964628758,-0.7445676985280005,0.9883037370707481,0.9676697327647856,-0.2681149208320044,0.29973245240974267,0.49001433721082965,"[0, 1, 2, 3, 4, 5, 6, 7]",23.061000000000014
0.7034868521546072,0.7841544611020224,0.5917244832142772,0.7789194008957057,0.9252959192306776,0.9587405730304479,-0.7465008907052462,0.9137874682167721,"[0, 1, 2, 3, 4, 5, 6, 7]",12.032000000000002
0.179742648924901,-0.7650504137848202,-0.9670656800713602,0.01139856313686849,0.7427491366855241,0.09153838284566929,0.5496344204314842,0.13238120873657477,"[0, 1, 2, 3, 4, 5, 6, 7]",61.106999999999914
-0.9217060486263318,0.792852037940758,0.6838454987907796,0.4426896481558218,0.32855171774097536,-0.1662345255314459,0.49801572709262865,-0.8969740307352669,"[0, 1, 2, 3, 4, 5, 6, 7]",15.044999999999996
0.46663978926632566,0.609789453687446,0.1775674556553768,-0.5270904722014593,0.11669009150071163,-0.3957666647190785,0.8342986704263151,0.7417433946801755,"[0, 1, 2, 3, 4, 5, 6, 7]",14.035999999999994
