weight_holes,weight_height,weight_bumpiness,weight_line_clear,weight_hollow_columns,weight_row_transition,weight_col_transition,weight_pit_count,weight_to_consider ,score
0.855993571201112,-0.5353452109106953,-0.9078072162288258,0.8121134938208747,-0.6202998414106533,0.11538483448015269,-0.42998615311692023,-0.3455757669452246,"[0, 1, 2, 3, 4, 5, 6, 7]",372.3579999999977
-0.17133616140632735,0.8243454376396551,0.06292247207733648,0.6283383185823144,0.5967516023786761,0.007882448285253085,-0.39239838945757666,-0.17472719567905326,"[0, 1, 2, 3, 4, 5, 6, 7]",14.035999999999994
-0.1465490116277961,0.9441900405102484,0.20281239084371228,0.0883934933471966,0.29572581105900575,0.9369005190861204,0.9749151429863394,0.40772550681914854,"[0, 1, 2, 3, 4, 5, 6, 7]",11.027999999999999
-0.5840971250985696,-0.32212219782488405,0.8624675535868358,0.5935253559239702,-0.9683516346827865,-0.6832717261081631,0.6197485838322969,0.9271808018292655,"[0, 1, 2, 3, 4, 5, 6, 7]",13.034999999999997
0.15525133572559846,-0.18500299355995664,-0.719831039670453,0.6356844805089816,-0.08389969986048573,0.9965078829973912,-0.9284562415175854,0.4977143352618911,"[0, 1, 2, 3, 4, 5, 6, 7]",21.058999999999994
0.34005092526788205,0.282609261622494,-0.9481943139106614,-0.4082529761428755,0.7186430457396993,0.8612356704759399,0.26514435363205946,-0.621523819685438,"[0, 1, 2, 3, 4, 5, 6, 7]",24.047000000000004
-0.5219406354260672,0.08996840937757433,0.26840734415796597,-0.3700427225567906,0.6278085375927709,0.7882396971967502,0.7368751803089462,-0.8947558711910142,"[0, 1, 2, 3, 4, 5, 6, 7]",12.037999999999998
0.2292479435103434,-0.7278893461432201,-0.7213593448026943,0.0491928574366185,0.9313934611865837,-0.9711084132979582,0.17936964730985316,-0.24236412115360673,"[0, 1, 2, 3, 4, 5, 6, 7]",154.1950000000004
0.9543327747618853,0.6335233484954075,0.4612295279679244,-0.6427585055499867,0.9604108651767771,0.093542472942034,0.4774632285673708,0.740788397068477,"[0, 1, 2, 3, 4, 5, 6, 7]",12.023999999999997
