weight_holes,weight_height,weight_bumpiness,weight_line_clear,weight_hollow_columns,weight_row_transition,weight_col_transition,weight_pit_count,weight_to_consider ,score
0.7259424028856261,-0.9035765147927171,0.2518217245511365,0.8059939788678483,0.5349719492388452,-0.7687956052175346,0.3959160222878175,-0.33034000471103875,"[0, 1, 2, 3, 4, 5, 6, 7]",12.026000000000002
-0.13676279698090887,0.3590607386275875,-0.7570629249441756,-0.7656575926356144,-0.8604251599598387,0.40432858541639605,-0.5185133466717926,0.8056545929123209,"[0, 1, 2, 3, 4, 5, 6, 7]",30.07600000000001
-0.9183865128559929,0.30942842124608805,-0.9283408636820796,0.02647804246833485,0.1001225250232638,0.01805448769633844,0.3454417851966869,0.8419742440319382,"[0, 1, 2, 3, 4, 5, 6, 7]",30.077000000000037
-0.38694954233291057,0.05376009062224463,-0.3912406579279477,-0.948913905978003,0.48221206488107593,-0.08638418295465011,0.29919573463259064,0.6053676442711522,"[0, 1, 2, 3, 4, 5, 6, 7]",17.038999999999994
0.7064236997728917,0.2730382338146371,0.9752437732605939,0.5022549958184659,-0.5184171099130621,0.8056389228760079,-0.9894023284623554,-0.053255874162419836,"[0, 1, 2, 3, 4, 5, 6, 7]",10.023000000000003
0.6936506648505176,0.7687124543229054,0.8318023688277365,0.3386091920321592,-0.8601810906548781,-0.4443362151647674,0.5401820427596891,-0.6188965251229106,"[0, 1, 2, 3, 4, 5, 6, 7]",12.029999999999996
0.35322655367492306,-0.7577408928352063,0.7637473232662637,0.43993802289740436,-0.7086806361592062,0.6652772076332085,0.5729821762378233,0.48362707035812047,"[0, 1, 2, 3, 4, 5, 6, 7]",14.040999999999997
-0.3268433951642431,-0.0026855342588447684,0.9679523524536822,-0.7506939471895155,-0.18516853619416374,-0.10383042861496206,0.6811527416399119,0.7255163637804551,"[0, 1, 2, 3, 4, 5, 6, 7]",9.024000000000001
-0.32827379073148855,0.1897607679665656,-0.9514702788826215,0.4182661660095015,0.043140309967379054,0.6006266197375913,0.23314770086812575,0.36155220485609507,"[0, 1, 2, 3, 4, 5, 6, 7]",27.077000000000023
