weight_holes,weight_height,weight_bumpiness,weight_line_clear,weight_hollow_columns,weight_row_transition,weight_col_transition,weight_pit_count,weight_to_consider ,score
-0.4430549317815977,0.16303400847555816,-0.9058853811812317,0.974071082220352,0.019925791199076448,0.23203208245434293,-0.24984910552918316,-0.6775917949146326,"[0, 1, 2, 3, 4, 5, 6, 7]",40.08299999999998
0.06330367716930052,-0.3110514047578521,-0.19223481954653043,0.5558196417894463,-0.35111533525133476,-0.6918132260161907,-0.9430102141108005,-0.429142247904146,"[0, 1, 2, 3, 4, 5, 6, 7]",32.058000000000035
-0.7894033883288276,-0.48069098421943735,-0.19885093415567234,-0.77185871695306,0.6002909215692065,0.27055048503063284,0.8002827012317786,-0.8904095634490365,"[0, 1, 2, 3, 4, 5, 6, 7]",14.035999999999996
-0.4794234338243364,0.8938418128221164,0.03145718660179231,0.3791987420458931,0.6287230259548828,-0.37522238349842585,-0.6623300487331969,0.6566421152962749,"[0, 1, 2, 3, 4, 5, 6, 7]",12.030999999999999
0.6792798599998746,-0.47712730699783434,0.4516173966582071,0.9390690180183854,0.8817048004359158,-0.9574017189574804,0.9053830794770727,0.5385834554013673,"[0, 1, 2, 3, 4, 5, 6, 7]",14.035999999999994
-0.5376708096345495,-0.7433381638374579,-0.33307858329590334,0.2750912049992158,0.03341519634080092,-0.02744377060750236,-0.3579566211324887,0.4506836645076904,"[0, 1, 2, 3, 4, 5, 6, 7]",32.06000000000004
-0.532298934390854,0.8214115897963525,0.1313066881843732,-0.19435607227875296,0.7717297399632959,0.5987132865998195,0.2096743127423264,0.7366299734824977,"[0, 1, 2, 3, 4, 5, 6, 7]",11.026000000000002
-0.8496863528664029,-0.03304769720778178,-0.07820788847499616,0.1947619050979601,-0.833365390503527,-0.9984076396545123,0.7855093465134484,-0.43600004849146945,"[0, 1, 2, 3, 4, 5, 6, 7]",29.06100000000001
-0.3387962600521932,-0.2652439480868778,0.7490796916490692,-0.6737986463193342,0.16048677303572179,0.5207128384242667,-0.707977938669315,0.467791226397994,"[0, 1, 2, 3, 4, 5, 6, 7]",12.024999999999999
