weight_holes,weight_height,weight_bumpiness,weight_line_clear,weight_hollow_columns,weight_row_transition,weight_col_transition,weight_pit_count,weight_to_consider ,score
-0.9154260483370258,0.5278113208174093,0.03769864708889559,0.6095610434321577,-0.1644943583385161,-0.08269756649423043,0.44953544873660656,0.4781787164714004,"[0, 1, 2, 3, 4, 5, 6, 7]",16.04999999999999
-0.8315775962403595,-0.3280542491902103,-0.8921929130036976,-0.9437101088752178,0.34398640288282545,0.0917749560584642,0.3517134272559861,0.07607026567881436,"[0, 1, 2, 3, 4, 5, 6, 7]",188.2320000000006
-0.8333209557591961,-0.4978610652080071,-0.828024879927979,-0.29156164404927787,0.04380727817600971,-0.9781777768435105,-0.4083632367731398,-0.7034959957869222,"[0, 1, 2, 3, 4, 5, 6, 7]",484.3679999999982
0.3547798844694978,0.6150935562873203,0.8604815777545236,-0.2677290681120177,0.5571029537865893,-0.8406652186110852,0.8013924967392536,0.6082248022769621,"[0, 1, 2, 3, 4, 5, 6, 7]",13.028999999999995
-0.7614144915099448,-0.08923875116787405,0.6323760373925804,-0.2822655298359702,-0.005704913827313751,-0.9286533412382716,0.5477545663818353,0.5656873625163412,"[0, 1, 2, 3, 4, 5, 6, 7]",11.033
-0.131909347031953,-0.0381501544355507,0.5673104385958878,0.7772536673183454,0.5903870854145661,0.6064155324640621,0.15458890496954014,-0.8211138696921745,"[0, 1, 2, 3, 4, 5, 6, 7]",16.036999999999992
-0.5279963842007793,-0.24595521919188434,0.15501885719075958,-0.4533195132166805,-0.56904725235541,0.4093752424892507,0.6867931740357236,-0.7202660615146474,"[0, 1, 2, 3, 4, 5, 6, 7]",15.036999999999999
-0.03387534646237089,-0.38378105071444013,0.29103395514433084,-0.33540304194161497,-0.7744525003623719,-0.55627746947121,0.5802772047251559,0.2554654543374306,"[0, 1, 2, 3, 4, 5, 6, 7]",22.053000000000004
0.747364786652732,0.38067344807961945,-0.08618363269546192,0.3928700544154917,-0.8037345055845408,-0.0028366459065791716,0.35755561350030907,0.4736437870388239,"[0, 1, 2, 3, 4, 5, 6, 7]",12.025999999999998
