weight_holes,weight_height,weight_bumpiness,weight_line_clear,weight_hollow_columns,weight_row_transition,weight_col_transition,weight_pit_count,weight_to_consider ,score
-0.04982395460937061,0.8530941823044442,-0.7948296786442737,0.7192865640186434,0.6973679641769499,0.9344620125937415,-0.07794575075134413,-0.1981248847192436,"[0, 1, 2, 3, 4, 5, 6, 7]",13.032999999999996
0.42674246047511133,-0.04524182708238578,-0.6319269439556154,-0.8625590158407266,-0.5873477581439008,0.7759185987485597,-0.8997762460245551,-0.257317474596914,"[0, 1, 2, 3, 4, 5, 6, 7]",8.023000000000001
-0.33182783029429697,-0.23013847004495447,-0.26903995578912765,0.6193679857795853,0.7148908703768835,0.5397910580436167,0.6590237742168064,0.1894037777762263,"[0, 1, 2, 3, 4, 5, 6, 7]",17.040999999999993
0.45545848700281266,0.4765057957218328,0.5382175167561958,-0.5222094251640141,-0.05759378751549904,-0.29591353514932917,-0.7896612588385583,-0.5625292644049547,"[0, 1, 2, 3, 4, 5, 6, 7]",11.023000000000001
-0.09502220825705221,-0.5176779442022681,-0.8635081159287761,-0.11135546258252815,0.5534201063513529,0.22625443348700292,-0.5696120424149707,-0.616130285874998,"[0, 1, 2, 3, 4, 5, 6, 7]",382.3619999999978
-0.7407107496029475,0.9523372553694487,0.8917283928253645,-0.46977634075269936,-0.36303439149733663,-0.49556463571574905,-0.12186202189319673,-0.7248200278806429,"[0, 1, 2, 3, 4, 5, 6, 7]",9.019000000000002
-0.5817265422815754,-0.9404388084776305,-0.9439970307746484,0.48829703455060924,0.8056729738422821,-0.5664531479278749,-0.1752103192896559,0.5614785696139517,"[0, 1, 2, 3, 4, 5, 6, 7]",247.25600000000077
0.219954626972104,0.9332233416816635,-0.6433364640067709,0.9910719992513028,0.6444783305290853,0.5205069028039409,0.8278809164301837,-0.2970545649218299,"[0, 1, 2, 3, 4, 5, 6, 7]",19.046999999999997
-0.12228515009516472,-0.7112300839496826,-0.6153689035127157,0.7972519216012204,-0.630707789395728,0.995218379416541,0.32056618605094167,0.512163063586532,"[0, 1, 2, 3, 4, 5, 6, 7]",17.043999999999993
