weight_holes,weight_height,weight_bumpiness,weight_line_clear,weight_hollow_columns,weight_row_transition,weight_col_transition,weight_pit_count,weight_to_consider ,score
-0.19550787623479216,0.42145660267091634,-0.8506226508005981,0.16762553828095905,0.23091154055818652,-0.24736009245645696,0.5674931855934493,0.4741838155414069,"[0, 1, 2, 3, 4, 5, 6, 7]",22.055000000000007
-0.6357557498629975,-0.9535537902988995,-0.7196048975077196,0.13207213962535258,0.8663262465456119,0.8825406121941943,0.5184185778796111,-0.1790117036603187,"[0, 1, 2, 3, 4, 5, 6, 7]",21.057000000000002
-0.8901347695520025,0.5849455724031816,-0.9443546876772584,-0.5657432495627348,-0.12613614522524408,-0.3996300063116953,0.4689255681832787,-0.38634706497196336,"[0, 1, 2, 3, 4, 5, 6, 7]",32.07000000000002
-0.5215564668297787,-0.44116536645495086,0.5244382183413725,-0.8581177619256166,0.6746633919479557,0.1263187622636277,0.5878894021680747,0.5760394036691141,"[0, 1, 2, 3, 4, 5, 6, 7]",14.03
-0.06230023430497744,-0.8320942167897389,0.4697480368342437,0.6461768688045921,-0.9105290104735786,-0.06812120414154998,-0.2028530454712325,0.08050896482703074,"[0, 1, 2, 3, 4, 5, 6, 7]",11.031999999999996
-0.8265478924080558,0.6149189680970175,0.6934769207097089,0.6580631728448134,0.9513222034517546,0.6326340881125494,-0.13128903204439624,0.25922193634652824,"[0, 1, 2, 3, 4, 5, 6, 7]",18.043999999999993
-0.5612631449481669,-0.9386839045061348,0.022216903456635295,0.8951954172308254,-0.22020410436197557,-0.3719194307105069,0.34700041875854426,-0.1281554109247076,"[0, 1, 2, 3, 4, 5, 6, 7]",20.055999999999997
0.019850934566639777,0.31803542056451106,0.32940970048691076,0.6063109013011923,-0.8096059607370256,-0.6860631493127416,-0.367986178993122,-0.8729329121609286,"[0, 1, 2, 3, 4, 5, 6, 7]",13.037999999999997
-0.21256372332968065,-0.9960290211712541,0.1401269307037598,-0.2966653348003945,0.42849438266622397,-0.6992423147019917,-0.27901983994488133,-0.01866733765352402,"[0, 1, 2, 3, 4, 5, 6, 7]",17.043999999999993
