weight_holes,weight_height,weight_bumpiness,weight_line_clear,weight_hollow_columns,weight_row_transition,weight_col_transition,weight_pit_count,weight_to_consider ,score
-0.775752087762063,0.6929117022379607,0.7618269810423284,-0.4058733461097539,-0.7031974254706197,-0.7579564627408151,0.5024319055435478,-0.18507890217227319,"[0, 1, 2, 3, 4, 5, 6, 7]",10.025000000000002
0.11066273726659426,0.25836139579481454,-0.12340090096782719,-0.1494512683414626,0.13471554086040105,0.0486740929756444,0.2360396814460861,-0.9754774085239459,"[0, 1, 2, 3, 4, 5, 6, 7]",18.043999999999997
-0.8588717204471084,-0.39361613338427737,-0.32038765260385516,0.3798452575339968,-0.962458060804275,-0.9665296017732221,0.477800849712559,0.5989963634218789,"[0, 1, 2, 3, 4, 5, 6, 7]",392.3719999999979
-0.4042636223065592,-0.7807063550383428,0.2998754737660154,-0.40806611968313655,0.3329558592723634,0.1442729933497724,-0.7348461622842966,0.6916780672479321,"[0, 1, 2, 3, 4, 5, 6, 7]",21.063
0.9765939113805264,-0.20976158114902144,-0.9220422975637479,0.9803039714890351,-0.7951812197911639,-0.6998532201958885,-0.320346423895314,0.45612223398752305,"[0, 1, 2, 3, 4, 5, 6, 7]",14.031999999999995
0.16271283462728214,-0.41086630630417376,0.4477842103954699,-0.17581480592839016,-0.3208418847035035,-0.6415560185060172,-0.2910698195737451,0.5672554061671045,"[0, 1, 2, 3, 4, 5, 6, 7]",16.039999999999992
0.9339635522155989,-0.5737231268792131,0.7605661584719798,0.972114083512281,-0.13520611172475316,0.7172633458900342,-0.8482865947552576,-0.8113868751343873,"[0, 1, 2, 3, 4, 5, 6, 7]",9.017000000000001
0.6580771456813874,-0.1418650995528732,0.4059074123371107,-0.9604169486460024,0.16402979051933264,-0.9817864500051059,-0.809127653876379,-0.9104532319637966,"[0, 1, 2, 3, 4, 5, 6, 7]",13.026999999999997
-0.5613640982103638,-0.6133908380757085,-0.958451913961802,-0.9286238857504954,-0.9924493900065905,-0.3631763927351235,-0.5501110998668572,0.4722052865145745,"[0, 1, 2, 3, 4, 5, 6, 7]",450.3699999999956
