weight_holes,weight_height,weight_bumpiness,weight_line_clear,weight_hollow_columns,weight_row_transition,weight_col_transition,weight_pit_count,weight_to_consider ,score
0.22894787091227875,-0.8013541894921805,0.6569215343440664,0.34644417352649315,0.8596368808027415,0.08020259592071644,0.7566137342627863,0.8883263082941735,"[0, 1, 2, 3, 4, 5, 6, 7]",15.036999999999995
0.7418924679404686,0.5223759757933726,0.6627201706507655,-0.8098669375626362,0.8069201018228827,0.7842035326450572,-0.8075380852981233,-0.7764067952422864,"[0, 1, 2, 3, 4, 5, 6, 7]",12.025000000000002
0.03859050742303438,0.39048429764466586,0.830727902457989,0.4086217299442849,-0.18674643805855484,0.9353300989445044,0.1558613671873148,0.6315159623799305,"[0, 1, 2, 3, 4, 5, 6, 7]",8.024000000000004
-0.8497461945921685,0.21997087727997466,0.25268776824685,-0.5164969376593047,-0.017580692110461538,-0.055451106215799406,-0.6944260405207803,0.11416239793619631,"[0, 1, 2, 3, 4, 5, 6, 7]",16.033999999999992
-0.8601012349142974,-0.20388457738636068,0.02725394113614299,-0.12546454748078362,-0.7153424890771534,0.005827019486594587,0.07742946574033294,0.3184086237857304,"[0, 1, 2, 3, 4, 5, 6, 7]",16.035999999999994
-0.22069790705476167,-0.7273148693168616,0.3689359133688386,0.01900920865396616,-0.2842239953133001,0.8753707745856518,0.8159555385031958,-0.3686456262646378,"[0, 1, 2, 3, 4, 5, 6, 7]",16.046999999999993
-0.38564224700227245,0.8144718841335292,-0.9603304914750317,0.028354095677206814,-0.3126836679923668,0.7643867332727592,0.939008691844389,-0.5792574822566998,"[0, 1, 2, 3, 4, 5, 6, 7]",21.052000000000007
-0.4605082342121154,0.5198149465781439,-0.5805156996407366,0.12752897336707902,0.7534224893242412,0.20423572153153646,0.7155602772935086,-0.11978931935908399,"[0, 1, 2, 3, 4, 5, 6, 7]",26.07000000000002
-0.08768003124725277,0.8541151195807639,0.6597485872680828,0.9440036943458698,0.4166836561198084,-0.03679208091132535,-0.31778204086694184,0.3029123499974322,"[0, 1, 2, 3, 4, 5, 6, 7]",12.027
