weight_holes,weight_height,weight_bumpiness,weight_line_clear,weight_hollow_columns,weight_row_transition,weight_col_transition,weight_pit_count,weight_to_consider ,score
0.8063278807513148,0.9221996180212284,0.6270740086408098,-0.2617622338518266,0.2796081116161253,0.25314978642251473,0.48349482919416764,0.5813251931410024,"[0, 1, 2, 3, 4, 5, 6, 7]",14.036999999999997
-0.9639973096377641,0.4434152541870662,-0.4040307700529111,0.2829725647182717,0.2609442796426058,0.44588115929789085,0.9655037874513981,-0.09609479847220448,"[0, 1, 2, 3, 4, 5, 6, 7]",21.052
-0.47140339218025784,0.030182912149123053,0.4909572516071308,0.9891101176298012,0.04693406303687486,0.43009186534601174,0.4887161116929992,0.6818015385622407,"[0, 1, 2, 3, 4, 5, 6, 7]",15.029999999999994
-0.9348666696576136,-0.9695083914534661,-0.389109610965513,0.05899432960650941,-0.4856565315471102,-0.7846275875477782,-0.6151409957961114,-0.40120642764567616,"[0, 1, 2, 3, 4, 5, 6, 7]",359.368999999998
-0.4582439880286604,-0.47356940329552466,0.8402055161521542,0.4476987622318176,0.44943858374761847,-0.6639692823345646,-0.4173328049115377,-0.6213021543549917,"[0, 1, 2, 3, 4, 5, 6, 7]",19.053999999999995
-0.6331407040410801,-0.2700760624170562,0.3557272881329059,-0.610901133612022,-0.21121269075618776,0.1907497256988282,-0.4786460218958908,0.1616305065709538,"[0, 1, 2, 3, 4, 5, 6, 7]",20.062999999999995
0.6152104753192249,0.23873711226463934,0.47443725240305223,-0.8812539045815762,0.15720784528656173,-0.3846513762061352,-0.7411338876643199,-0.03190873275039707,"[0, 1, 2, 3, 4, 5, 6, 7]",10.026000000000002
0.8303734501827273,0.4749162265884965,0.4118887375082769,0.9973666494300433,-0.5908805264136903,0.20533256873800587,-0.14104312698832389,0.3713739059481833,"[0, 1, 2, 3, 4, 5, 6, 7]",11.021999999999998
-0.9347680725655676,-0.5135582039091258,-0.1478263480390758,-0.30724908739419976,0.7495302913971253,-0.34302209162445174,0.868471120948229,0.6972675377478998,"[0, 1, 2, 3, 4, 5, 6, 7]",42.07299999999997
