weight_holes,weight_height,weight_bumpiness,weight_line_clear,weight_hollow_columns,weight_row_transition,weight_col_transition,weight_pit_count,weight_to_consider ,score
0.42126517624424076,-0.5594615912616498,-0.22238434713845945,0.34974175135845487,-0.2423541784211567,-0.6129178914860072,0.8007237536986815,-0.8590404058774073,"[0, 1, 2, 3, 4, 5, 6, 7]",24.063000000000017
0.6825457199497584,0.5998619837226304,-0.12324589482944903,0.6806269710362074,-0.8586148753073182,-0.06979088088973096,-0.4580378562781313,-0.0756587502842736,"[0, 1, 2, 3, 4, 5, 6, 7]",16.039999999999992
0.15584755676532058,0.6625810324371026,0.8323894109710448,0.32837558054782234,0.09575625560014078,-0.46908318742325616,-0.548880229489805,-0.49856338983788984,"[0, 1, 2, 3, 4, 5, 6, 7]",10.028
-0.5930355450991451,0.260096653530572,-0.2968875771339923,-0.06792129731564978,0.06339020975780962,0.5663639203406161,0.6093712447403941,0.2986382059831254,"[0, 1, 2, 3, 4, 5, 6, 7]",22.057
0.08777590831003601,-0.9009751090588836,0.4650091061809136,-0.848384106991487,-0.9777996061115684,0.5002955883382898,-0.09887204988204723,-0.43274639766852707,"[0, 1, 2, 3, 4, 5, 6, 7]",15.036999999999999
-0.9461693783196248,-0.857752592035214,0.42551565920936096,-0.20446291521355509,0.8295964514333452,-0.55272309658703,-0.8319761957815308,0.7786695773852088,"[0, 1, 2, 3, 4, 5, 6, 7]",16.039999999999996
-0.2808910754067553,0.6159721635438338,-0.760537137681206,0.8733827866775323,0.9283029795043272,-0.3491781469257911,-0.8484129616979583,-0.5252189869122885,"[0, 1, 2, 3, 4, 5, 6, 7]",29.052000000000024
0.1295746983863364,-0.693271321637178,-0.13088206832866867,-0.28844889917185457,-0.278661051281895,0.8375326688685347,0.11265053550602944,-0.9009752456941613,"[0, 1, 2, 3, 4, 5, 6, 7]",18.05299999999999
-0.8630397299387242,0.04970122592455106,-0.840392092415764,-0.3553173618425367,-0.4621623056223314,-0.3833525029716234,-0.8005039883778697,-0.8016767332070487,"[0, 1, 2, 3, 4, 5, 6, 7]",1737.3669999999954
