weight_holes,weight_height,weight_bumpiness,weight_line_clear,weight_hollow_columns,weight_row_transition,weight_col_transition,weight_pit_count,weight_to_consider ,score
-0.761565610943951,-0.807337393765788,-0.714926070568551,-0.3751871019814075,-0.12262516473628571,0.23264271809756187,0.5035309163217174,0.2395997826696632,"[0, 1, 2, 3]",1255.0
0.17583816626081417,0.24074251016745696,0.39094124860659263,-0.9131724969919619,-0.321361146943439,-0.015408635532605297,-0.5330395437728663,0.693690673257257,"[0, 1, 2, 3]",1039.0
-0.5487335137814542,-0.19094526201131612,-0.011503096477097463,0.9283782689535138,-0.2974663593575937,-0.6022617010835232,0.5827559592997154,0.6048413589624129,"[0, 1, 2, 3]",422.0
0.863957000740291,-0.3882071080631553,0.8818396477411732,0.27623820589667347,0.6479975326346226,0.41034911063423984,0.5092045977085227,-0.16855700788745276,"[0, 1, 2, 3]",441.0
