weight_holes,weight_height,weight_bumpiness,weight_line_clear,weight_hollow_columns,weight_row_transition,weight_col_transition,weight_pit_count,weight_to_consider ,score
-0.761565610943951,-0.807337393765788,-0.714926070568551,-0.3751871019814075,-0.12262516473628571,0.23264271809756187,0.5035309163217174,0.2395997826696632,"[0, 1, 2, 3]",1075.0
0.28640174761182746,0.2931265955819302,-0.5836447401301736,-0.7044826845729517,-0.9421440280808142,0.4323672523479507,0.18463792824486025,-0.2609478818650224,"[0, 1, 2, 3]",188.0
-0.7286019957978893,-0.08682823188120392,0.3123237309112219,-0.7893546599065067,0.2566447630287314,0.6573247987320809,0.16755248804555123,-0.9397401217499177,"[0, 1, 2, 3]",186.0
0.9173033921770652,0.7999808358878044,-0.33462367133468396,-0.6200028200083323,-0.6895817334539809,0.5885254294544187,0.12021438869522871,-0.5797778287424342,"[0, 1, 2, 3]",176.0
