weight_holes,weight_height,weight_bumpiness,weight_line_clear,weight_hollow_columns,weight_row_transition,weight_col_transition,weight_pit_count,weight_to_consider ,score
-0.191508394259019,0.40995173413560915,0.33601856746006264,0.09276055539809014,-0.5157214496613174,-0.5996054038193912,-0.8535485600802672,0.21588438244609764,"[0, 1, 2, 3, 4, 5, 6, 7]",316.3719999999989
-0.4513431986703871,-0.7904920986340676,-0.582811479623154,-0.8368175066404175,-0.11729028568778377,0.9925412146974151,0.8173897023358097,0.6213612448580343,"[0, 1, 2, 3, 4, 5, 6, 7]",24.056000000000004
-0.7909586693202564,0.008258611251064751,-0.7213538498746779,-0.9482665966370811,-0.7231624519225532,-0.4803876239517486,-0.6197671303980015,-0.3104856749938265,"[0, 1, 2, 3, 4, 5, 6, 7]",397.37099999999793
-0.5019502398695019,0.9843157653993444,-0.5381004929559303,0.06984282249851703,-0.6244127385805571,0.330289361362073,-0.7014223403488036,0.9407253899795129,"[0, 1, 2, 3, 4, 5, 6, 7]",56.10299999999994
-0.16391239298437243,-0.6244552249663926,-0.4794299891762017,-0.7390112204448558,0.07906098280548757,0.43797234855680145,0.8111750638579172,-0.9786681206933379,"[0, 1, 2, 3, 4, 5, 6, 7]",341.36299999999864
0.3608882619571996,0.8753908691741954,0.5974156636650212,0.7738916795751076,0.5474948670894024,0.09002967786281024,-0.0965098434712226,-0.02417709514475641,"[0, 1, 2, 3, 4, 5, 6, 7]",399.3689999999978
-0.15227968463998076,-0.27450446146328633,0.13660466651072922,0.6912199813113282,-0.31161407482930104,-0.6259535269181931,-0.0001936540028903977,-0.4618472079740654,"[0, 1, 2, 3, 4, 5, 6, 7]",361.37099999999845
0.4220559149894052,-0.6379917815293163,-0.9864414236652845,0.8781324978990568,0.8292345942875525,-0.9521871592621873,0.8711447579686338,-0.4853185484684892,"[0, 1, 2, 3, 4, 5, 6, 7]",348.3639999999986
0.07624549668705716,0.9632046598814294,0.9923702111551189,-0.6970092588444665,0.7035542022274412,0.621734480408046,-0.7289528160380501,0.4804957554370355,"[0, 1, 2, 3, 4, 5, 6, 7]",370.3619999999981
