weight_holes,weight_height,weight_bumpiness,weight_line_clear,weight_hollow_columns,weight_row_transition,weight_col_transition,weight_pit_count,weight_to_consider ,score
0.551192446569484,0.46030648723009193,-0.12577741303113554,-0.07651976869000277,-0.2730284759912651,-0.5488576210170675,-0.34278225473930823,0.31941855496350713,"[0, 1, 2, 3]",19.044999999999995
-0.5771485255592781,0.8048957376812258,0.7314972656862602,0.7862644069800526,0.5834370796991646,0.30227871432224784,0.4593209121913553,-0.960019154886202,"[0, 1, 2, 3]",9.026000000000003
-0.8156059373554805,-0.44832747427007646,0.0583575759778423,0.8517553241513127,0.2720824339944772,-0.19316151727305186,-0.6182985759099757,0.6533935044734405,"[0, 1, 2, 3]",25.072000000000013
-0.8716146191047598,-0.97778679846523,-0.2915099091479392,-0.8401346722172862,0.1794534725663135,0.8674529565686733,0.3543305552783096,-0.12170678937046975,"[0, 1, 2, 3]",400.362999999998
0.7308584392713255,-0.2757382548032892,-0.30859186385427173,-0.760535932075824,-0.25719973784101047,0.4443368968368828,-0.022243324068575987,0.2538876667249841,"[0, 1, 2, 3]",15.033999999999995
-0.4466098640926832,-0.5447323933225259,0.7483218308228607,-0.3963361834533914,0.5459596016002062,-0.9958399886691955,0.25470595956385944,0.659307863749524,"[0, 1, 2, 3]",14.039999999999992
0.061582045643242767,-0.16279964951014692,-0.7429009575368164,-0.530857050054991,-0.8554331579151886,-0.9345605572053397,0.28309370553747715,-0.8155857021921145,"[0, 1, 2, 3]",65.1089999999999
0.7128328768986965,-0.5866191382968822,-0.2638296553194879,-0.9063139534082696,-0.02298347643595111,-0.9124571154469607,-0.6933104665114613,-0.8526173334729632,"[0, 1, 2, 3]",54.08999999999993
0.4444530612355133,-0.48171382055583645,0.08331823464799348,0.7285285743011889,0.001453821003495559,-0.555811152326406,0.7492803838594613,-0.8421244362385902,"[0, 1, 2, 3]",13.035999999999996
