weight_holes,weight_height,weight_bumpiness,weight_line_clear,weight_hollow_columns,weight_row_transition,weight_col_transition,weight_pit_count,weight_to_consider ,score
-0.16629176337377838,-0.10731933890972134,0.8658179229771155,0.6724900526148283,-0.8877309677734202,-0.9210305971809789,0.970981577170243,-0.48943359741668524,"[0, 1, 2, 3, 4, 5, 6, 7]",435.37299999999635
-0.33185154341647705,0.7935449382927111,-0.626645606811596,-0.7856124176931152,-0.5411700572589759,-0.9136613801781772,0.6337897091207059,0.3304610503468015,"[0, 1, 2, 3, 4, 5, 6, 7]",341.36299999999846
0.8884041760778651,0.3263120803842834,-0.10484587526012845,0.8666755997308286,-0.4488270425894063,0.5754137176778944,-0.16881532418544531,-0.33810404295382934,"[0, 1, 2, 3, 4, 5, 6, 7]",359.3649999999982
-0.9523999764986739,0.1109599424313823,-0.5951882183392205,0.9845372798532375,0.6652255906705185,0.13891010510261026,0.0020752673048607395,-0.019826692884852948,"[0, 1, 2, 3, 4, 5, 6, 7]",375.36499999999785
0.9221709816441184,0.1835356614416861,0.8103264935975962,-0.3286541381787995,-0.039359901832520805,0.4357858756277091,0.8727528032942635,-0.6854349074782919,"[0, 1, 2, 3, 4, 5, 6, 7]",388.36799999999766
-0.9519312816809262,0.8627115738678581,0.8295092203843497,-0.6743125089908748,0.48639185306906474,-0.11108363550042899,-0.5081147128978971,-0.496058145645633,"[0, 1, 2, 3, 4, 5, 6, 7]",64.11399999999995
-0.7235079342309585,0.98856824253503,0.9422166740746685,-0.820955625827037,-0.07009880514688449,0.3063825449708766,-0.14199885590618222,0.37010625214798964,"[0, 1, 2, 3, 4, 5, 6, 7]",20.057
-0.3352743377992293,-0.09471786354028788,-0.30105829474918844,0.25164951473687536,0.23758137771169863,-0.5421415659971982,-0.3988617364801468,0.7841579647629489,"[0, 1, 2, 3, 4, 5, 6, 7]",509.37099999999475
-0.7704901236201522,0.045758950313214974,-0.9477925626295332,0.158747958656565,-0.49026015334553685,-0.7682215215102437,0.7620174862288134,-0.5417255224807587,"[0, 1, 2, 3, 4, 5, 6, 7]",448.36799999999596
