weight_holes,weight_height,weight_bumpiness,weight_line_clear,weight_hollow_columns,weight_row_transition,weight_col_transition,weight_pit_count,weight_to_consider ,score
-0.40589739648146095,-0.7446779100841567,-0.6227623166319505,-0.07233626431081985,0.6584413430545331,0.27638303831222455,-0.7964788417622588,-0.0041216865116704415,"[0, 1, 2, 3, 4, 5, 6, 7]",28.055000000000014
-0.362830393402078,0.19639706603136364,0.18232046149285264,0.604814367758181,-0.9556904860206454,-0.9137680926515559,0.5686022319892985,-0.7525983275692278,"[0, 1, 2, 3, 4, 5, 6, 7]",37.103
0.20902280049427313,0.5537915589138136,0.41259209194388347,0.6262541050557162,-0.00973994036565684,-0.5909441678700387,0.39774246048101136,-0.868117216575659,"[0, 1, 2, 3, 4, 5, 6, 7]",33.088000000000015
-0.42278658931386315,-0.5896725990279124,-0.4270623923909658,0.028283792322304935,0.07360918818190121,0.6760854415827877,0.8254020454009685,0.5278307144510326,"[0, 1, 2, 3, 4, 5, 6, 7]",360.36399999999855
-0.1056876783691596,0.6908954355879731,0.8002865965475556,0.6596620473591561,0.23901836999186155,0.1348050184124412,0.5224226121382272,0.5288657601893734,"[0, 1, 2, 3, 4, 5, 6, 7]",19.048
-0.07221026480615644,-0.24755023883322624,-0.05925227106089537,0.03299142911452413,0.20635228976487818,-0.2248267701475779,0.41798281348058075,0.08368913272508083,"[0, 1, 2, 3, 4, 5, 6, 7]",405.3719999999978
0.21191156798109434,0.20534266720689365,0.476018886868979,0.43350226703488093,0.31021479271995656,-0.74094551329506,-0.5993228749668016,-0.8435271555717077,"[0, 1, 2, 3, 4, 5, 6, 7]",24.084000000000014
-0.6744997252329219,-0.9061269019044986,-0.732731282340138,-0.2607558434512993,-0.7303062926584485,0.8143929429900674,0.7619798792620185,-0.5105311868592346,"[0, 1, 2, 3, 4, 5, 6, 7]",11.035000000000002
0.03862367168218728,-0.33193734318040713,-0.38183457564021595,-0.008263092128876215,0.25061286807226923,0.15485199601184507,0.3840922507701956,-0.9339466708451958,"[0, 1, 2, 3, 4, 5, 6, 7]",25.054000000000013
