weight_holes,weight_height,weight_bumpiness,weight_line_clear,weight_hollow_columns,weight_row_transition,weight_col_transition,weight_pit_count,weight_to_consider ,score
-0.9133569835775408,-0.561448956411801,-0.2636483563081209,0.9651932387247,-0.08076450164559379,0.8016448950522614,0.6063558786935219,0.9435760076766468,"[0, 1, 2, 3, 4, 5, 6, 7]",453.3669999999954
-0.12253440286003281,0.17110914134238397,0.2736517496441939,-0.14867919481950076,0.5900452507401697,0.3699792011914287,-0.41310006576575753,-0.3156842501377677,"[0, 1, 2, 3, 4, 5, 6, 7]",388.36799999999766
0.29726939079826376,0.7890796175349264,0.1829963372667074,0.9076427649713728,0.3975370392992108,0.06079624315577559,-0.02486936240562576,0.6451262437845058,"[0, 1, 2, 3, 4, 5, 6, 7]",378.35799999999796
0.8154273884707881,-0.8443179683710098,-0.1376305792768524,0.9306645907681517,-0.6185569590057614,-0.49187346674788746,-0.8438388399535286,0.5773343758614002,"[0, 1, 2, 3, 4, 5, 6, 7]",15.041999999999996
0.46657959661023063,-0.97574417767837,-0.9195309803944083,-0.4604411787499414,0.102063191074935,0.828561804335274,0.42631543718419995,-0.8590054524151418,"[0, 1, 2, 3, 4, 5, 6, 7]",361.3709999999983
-0.38081978593737276,-0.7713294413026117,0.008398665680182438,-0.8601186477410006,0.8870948055825332,-0.6677179675803413,-0.6119706102071225,-0.4515546714741798,"[0, 1, 2, 3, 4, 5, 6, 7]",414.3619999999977
0.11126839811398326,-0.6750013247362807,0.9558940055145622,-0.3583995391233794,0.5132680300467662,0.6598935456762427,0.9766306354201508,0.36891033291469744,"[0, 1, 2, 3, 4, 5, 6, 7]",405.3669999999976
-0.06098303949659578,-0.3614090752895147,-0.10650655238260809,0.9962939609178321,0.1701142562346767,-0.37823524062606073,-0.35875567093331107,0.8220582138696573,"[0, 1, 2, 3, 4, 5, 6, 7]",352.3679999999989
-0.020658470435284126,0.47341739738408384,0.30586955844612573,0.2802945451893153,-0.004009807949705069,-0.29566398904612945,0.12325562918227195,-0.2933893321983574,"[0, 1, 2, 3, 4, 5, 6, 7]",367.3689999999982
