weight_holes,weight_height,weight_bumpiness,weight_line_clear,weight_hollow_columns,weight_row_transition,weight_col_transition,weight_pit_count,weight_to_consider ,score
0.23459914372646118,0.1671482683078438,-0.12006352377408169,0.4306611257820694,-0.6698293403719249,0.29449384913715515,0.037638846128159376,0.1428444426750326,"[0, 1, 2, 3, 4, 5, 6, 7]",384.36799999999846
-0.6231578912360158,0.5226464135012998,0.02101180402653524,0.5795794081047796,0.25999937997740763,-0.050514159082370336,0.8806284525874648,-0.9361872752826288,"[0, 1, 2, 3, 4, 5, 6, 7]",47.08699999999993
0.20390032032106076,0.5277393916909556,-0.879452538897094,0.571975478668791,-0.28968834102994134,0.49601440301335065,0.3051309008051293,0.9487021760225081,"[0, 1, 2, 3, 4, 5, 6, 7]",17.051999999999996
-0.1782274357529452,0.5075987352268232,-0.6753071489552802,-0.9441015499632146,0.9145123034898157,0.9504502670240045,0.7691583207628601,-0.7474784957162541,"[0, 1, 2, 3, 4, 5, 6, 7]",347.36899999999866
-0.6288135875062735,0.23923321002573306,0.817853589019377,0.32345911421099305,-0.3269132678024209,-0.13959623839083313,-0.6864205667742092,0.7720645615335564,"[0, 1, 2, 3, 4, 5, 6, 7]",328.3679999999988
-0.39663827922302275,-0.041792277360831465,0.15058892912246247,-0.716496066017307,-0.2652725255543704,0.9611807047805336,-0.4617988496700416,-0.976644592753567,"[0, 1, 2, 3, 4, 5, 6, 7]",17.05499999999999
-0.2340524493318985,0.45067066380626497,0.18577361029859185,0.4403088257966481,-0.008720945679624892,0.11427529955113469,0.7020889022450507,-0.22235311038448757,"[0, 1, 2, 3, 4, 5, 6, 7]",385.37099999999816
0.43244849527249696,0.9923535815627054,0.5497551325635681,-0.5028790786879056,-0.5651566293039314,0.8828291553521059,-0.8997770609770337,0.1832244625998234,"[0, 1, 2, 3, 4, 5, 6, 7]",387.36499999999785
0.3075561643378053,0.6937551185395523,-0.5764404635913134,-0.4879462587283392,0.16752653307100918,-0.14745630676805166,0.1162966448102205,0.2013926864731843,"[0, 1, 2, 3, 4, 5, 6, 7]",377.3669999999985
