weight_holes,weight_height,weight_bumpiness,weight_line_clear,weight_hollow_columns,weight_row_transition,weight_col_transition,weight_pit_count,weight_to_consider ,score
-0.3928637406731388,-0.5785990991857133,-0.06224986453018477,-0.4626276759163528,0.18517356223535097,-0.6258326370667211,0.09372277268405593,0.02932183074686856,"[0, 1, 2, 3, 4, 5, 6, 7]",365.3669999999976
0.1034879104206512,0.1525464633360054,-0.6433832341968069,0.6024859891855774,0.11756763885679855,-0.36723309741933075,-0.8159393316954673,-0.013762050437160944,"[0, 1, 2, 3, 4, 5, 6, 7]",13.031999999999996
-0.28230762990714675,0.7667468956652366,-0.8211964671182244,0.029907075405272154,0.51428498174241,-0.5585464633050443,-0.8772707196909375,-0.6450464205471971,"[0, 1, 2, 3, 4, 5, 6, 7]",20.052
-0.6573521048802189,0.583506528690918,0.18919929755224918,0.5590902627024339,-0.9946990854675879,0.9629784022021648,0.3068992974489968,-0.6386944422151837,"[0, 1, 2, 3, 4, 5, 6, 7]",21.05000000000001
0.30480287297742636,0.11160165106589104,0.6297200362677129,-0.5757532999101918,-0.23877705313146258,-0.09817590646528562,0.2635832485153682,0.93505461140058,"[0, 1, 2, 3, 4, 5, 6, 7]",17.045999999999996
0.6664490898562312,0.98630874313015,0.6799182227047376,0.7208672025438316,-0.34606027426314534,-0.04875262019069293,0.5151932856304515,0.26374876182259,"[0, 1, 2, 3, 4, 5, 6, 7]",8.019000000000002
-0.4084665338404174,-0.458077797796951,0.32832137255295146,-0.15441437496375654,-0.9088620605084121,-0.3940526649976932,0.3693875998436986,-0.007851555125126364,"[0, 1, 2, 3, 4, 5, 6, 7]",23.06000000000001
0.7633296666928171,-0.4487074656835852,0.4150065432218941,0.3490636555748665,-0.054341808706606765,0.9435061615605866,-0.9672792738585461,0.8666162485435922,"[0, 1, 2, 3, 4, 5, 6, 7]",18.05299999999999
-0.7268368077404972,0.6534065274849694,0.8669665444031984,-0.551000631193076,-0.546929544685913,0.6937950224148788,-0.06938476250322645,0.6746747230328898,"[0, 1, 2, 3, 4, 5, 6, 7]",16.041999999999994
