weight_holes,weight_height,weight_bumpiness,weight_line_clear,weight_hollow_columns,weight_row_transition,weight_col_transition,weight_pit_count,weight_to_consider ,score
-0.191508394259019,0.40995173413560915,0.33601856746006264,0.09276055539809014,-0.5157214496613174,-0.5996054038193912,-0.8535485600802672,0.21588438244609764,"[0, 1, 2, 3, 4, 5, 6, 7]",449.36699999999735
-0.40555370560287884,-0.8843040174226944,-0.8528361222657221,0.4512987478837387,0.5742227751470184,0.2631429208008649,-0.3483347951287272,0.8723623008487442,"[0, 1, 2, 3, 4, 5, 6, 7]",363.36899999999844
0.7258812947934268,-0.8720550062649057,-0.36092167680884857,0.823535048455434,0.7894432657981472,0.024245948084476776,0.597029043467989,-0.13211756866399593,"[0, 1, 2, 3, 4, 5, 6, 7]",398.3699999999985
0.4353675427111745,-0.7536741213484557,-0.5457551550215296,-0.3957596226000397,-0.07479551352905522,-0.38969823579203,0.9055656193636796,-0.6080576059265463,"[0, 1, 2, 3, 4, 5, 6, 7]",357.3669999999987
-0.6116802498086953,-0.2497625208310601,0.13831982370669738,-0.223941018442962,0.39688932975164626,0.4869220027137189,0.7584776319629143,0.8231080972643561,"[0, 1, 2, 3, 4, 5, 6, 7]",390.36199999999803
-0.06515463476138206,-0.784061266087654,-0.4501934394942133,0.5945695055371174,0.2687239858987991,0.12368510090499907,-0.34099253397305884,0.021074696765609913,"[0, 1, 2, 3, 4, 5, 6, 7]",271.2779999999999
-0.39995962268150986,-0.05341906934137386,0.5019517239226283,0.29027874798438114,-0.5770871814817702,0.9686360865345887,-0.5234698859417706,0.09058700316780399,"[0, 1, 2, 3, 4, 5, 6, 7]",368.36799999999755
0.6137295554987103,-0.5936682541604781,-0.8598193200777466,-0.9732667467831237,0.7197311048646611,0.25585649606509,-0.8050380092547313,0.22605996911753623,"[0, 1, 2, 3, 4, 5, 6, 7]",380.3639999999981
0.09810561673091511,0.8773562648942868,-0.38518795943060424,-0.41431594856830056,0.10037382274498596,0.2650241382618572,-0.9588024479754997,0.0704454608854983,"[0, 1, 2, 3, 4, 5, 6, 7]",379.36899999999827
