weight_holes,weight_height,weight_bumpiness,weight_line_clear,weight_hollow_columns,weight_row_transition,weight_col_transition,weight_pit_count,weight_to_consider ,score
-0.40589739648146095,-0.7446779100841567,-0.6227623166319505,-0.07233626431081985,0.6584413430545331,0.27638303831222455,-0.7964788417622588,-0.0041216865116704415,"[0, 1, 2, 3, 4, 5, 6, 7]",349.3749999999975
-0.6204845634370462,0.3514842718861686,-0.6148852762372339,-0.2504429199054681,0.9603375557475764,-0.3546147558173973,0.19217260053431384,-0.7358736878160157,"[0, 1, 2, 3, 4, 5, 6, 7]",27.066000000000024
-0.25568156375799744,-0.5074080443111937,0.8771745393427279,0.7021835369901421,-0.15104096181266513,0.22395322682782393,-0.920112139872771,0.7453601193444419,"[0, 1, 2, 3, 4, 5, 6, 7]",65.1019999999999
0.08024580368467693,-0.9291432270025786,-0.852650942757575,-0.9512376447292044,-0.38330583415770403,0.65651481244028,0.6186284525979524,-0.8926866530505413,"[0, 1, 2, 3, 4, 5, 6, 7]",25.075000000000006
-0.14740461053957654,-0.9293991704048505,0.6103541290181758,0.35789095780205704,0.5074104651940725,-0.4032582457567768,-0.09505354476453332,-0.23679919692406792,"[0, 1, 2, 3, 4, 5, 6, 7]",71.10300000000001
0.8326423701450629,0.9142540281868936,0.14370287759060107,-0.24004055903947297,-0.7553185488814622,-0.5514289877860692,-0.8069290488031955,0.5244322996008592,"[0, 1, 2, 3, 4, 5, 6, 7]",47.093999999999966
-0.1881004341190955,-0.26217276424394287,-0.7218391284600099,0.7858547401347253,-0.3616540851268739,-0.40293716633565824,-0.2639834454457701,-0.6225763033724951,"[0, 1, 2, 3, 4, 5, 6, 7]",24.062000000000015
0.771175832666315,-0.7316573029297369,0.486376414383515,0.06894318734999616,0.3582353563558649,0.1435033909088712,0.4021105279364958,-0.7182827473164444,"[0, 1, 2, 3, 4, 5, 6, 7]",20.049999999999994
-0.2194603116963616,0.6843200808616181,0.9057448616153259,-0.8587023165200021,0.4658752485034088,-0.462161979550489,-0.1538660010930455,0.7840087608586603,"[0, 1, 2, 3, 4, 5, 6, 7]",21.058000000000003
