weight_holes,weight_height,weight_bumpiness,weight_line_clear,weight_hollow_columns,weight_row_transition,weight_col_transition,weight_pit_count,weight_to_consider ,score
-0.33615298766140156,-0.6070475102271915,-0.9054723389838668,-0.39915360534262034,0.8120603665803383,-0.2761247662669053,-0.7891222608426947,-0.5675967102899138,"[0, 1, 2, 3, 4, 5, 6, 7]",396.36399999999816
0.9899287306288815,-0.9982160709938059,0.19800252262083995,-0.4449636539328381,-0.847094452230384,0.02260047169639634,-0.8130811023066666,-0.5308617963801594,"[0, 1, 2, 3, 4, 5, 6, 7]",28.07800000000003
-0.8740941882509821,-0.6291745333155043,-0.3461359690174819,0.2965800753483585,-0.7624630308769,0.0559239310312738,0.885764375457835,-0.49341156602808467,"[0, 1, 2, 3, 4, 5, 6, 7]",18.046999999999997
0.6223799803918952,-0.028889033955606713,-0.010378117500067674,-0.5995527479181106,-0.13544499952093658,-0.5642591405334743,-0.7003656880540245,-0.2300207862937187,"[0, 1, 2, 3, 4, 5, 6, 7]",13.033999999999995
0.8077345004108172,-0.8983848389816909,0.7138396905899214,-0.06842524815474871,-0.8765848079494984,-0.16043562239224007,0.8291025111497075,-0.6428936564141459,"[0, 1, 2, 3, 4, 5, 6, 7]",21.054000000000002
-0.11417110623738935,-0.3210531856255616,-0.9541463669302024,-0.8738873086498196,-0.4177137855555586,0.7238018397120638,0.7823174389663943,-0.5704977682884784,"[0, 1, 2, 3, 4, 5, 6, 7]",39.08300000000001
0.5367490928579512,-0.9846124584265203,0.67216754617425,0.557668400204175,0.3732312162629048,-0.687279646716747,-0.7200992622218592,0.7045638877379452,"[0, 1, 2, 3, 4, 5, 6, 7]",321.36299999999926
-0.5837387831547685,0.4520476946697416,-0.7245474399164458,-0.8145572204123797,0.6732626220362055,0.751862331534896,0.21835725629767033,-0.49915364130009876,"[0, 1, 2, 3, 4, 5, 6, 7]",376.3719999999982
-0.4390330369542301,-0.3900866374857448,0.7347721074795002,0.6575565047567733,0.9833099609294251,-0.6641139735311303,-0.2142125314797365,-0.9216447164177557,"[0, 1, 2, 3, 4, 5, 6, 7]",17.043999999999993
