weight_holes,weight_height,weight_bumpiness,weight_line_clear,weight_hollow_columns,weight_row_transition,weight_col_transition,weight_pit_count,weight_to_consider ,score
-0.260847346830114,-0.31221228652480226,-0.288531778839594,0.572150094368318,0.8529764964836881,-0.7515263762142375,0.9170422508400933,0.3694415445651522,"[0, 1, 2, 3, 4, 5, 6, 7]",23.059000000000008
0.05975737335600395,0.7909973835705042,0.520868718722092,0.711742914523561,-0.7892867254936502,-0.7147374681818002,0.487369348935234,-0.49203970102669725,"[0, 1, 2, 3, 4, 5, 6, 7]",51.06399999999992
0.6972064230239678,-0.8806916079742986,0.25657980338106445,0.08526159068055983,-0.036903055859087264,-0.777934607264527,-0.3387900820484353,-0.4108957802076132,"[0, 1, 2, 3, 4, 5, 6, 7]",124.16300000000032
-0.8382625033179059,-0.022650811815475125,0.08969090815349667,-0.4887338068822329,-0.7600022024836552,0.5539575672304495,-0.8317466448327926,0.9215107807645955,"[0, 1, 2, 3, 4, 5, 6, 7]",63.10799999999991
0.9510391730666028,-0.7784252574462152,-0.5440523468097866,-0.890419960475519,-0.39767665183435974,0.3154376333403319,-0.2013919420870709,-0.8353412174316128,"[0, 1, 2, 3, 4, 5, 6, 7]",157.17400000000046
0.8363210708273046,-0.5241270393262909,-0.04328368820561734,-0.0902094597884675,-0.3236570126380547,0.021094935329947218,-0.8834313795974171,-0.6707103854442891,"[0, 1, 2, 3, 4, 5, 6, 7]",43.09100000000002
-0.9331667238460628,-0.919401019562593,-0.24190607686188637,0.3023145448756983,-0.1727248794405818,0.0903622380409228,0.5405575778577958,-0.052710823390801576,"[0, 1, 2, 3, 4, 5, 6, 7]",339.372999999999
0.23459914372646118,0.1671482683078438,-0.12006352377408169,0.4306611257820694,-0.6698293403719249,0.29449384913715515,0.037638846128159376,0.1428444426750326,"[0, 1, 2, 3, 4, 5, 6, 7]",347.3689999999989
-0.4708906837689677,0.4215280455471928,-0.34532037192773557,-0.7592451505454498,0.035748042691704285,0.9856078409388718,-0.7527588340341349,-0.8212357013224347,"[0, 1, 2, 3, 4, 5, 6, 7]",326.37399999999946
