weight_holes,weight_height,weight_bumpiness,weight_line_clear,weight_hollow_columns,weight_row_transition,weight_col_transition,weight_pit_count,weight_to_consider ,score
-0.07221026480615644,-0.24755023883322624,-0.05925227106089537,0.03299142911452413,0.20635228976487818,-0.2248267701475779,0.41798281348058075,0.08368913272508083,"[0, 1, 2, 3, 4, 5, 6, 7]",212.25300000000075
0.23599426377749388,0.8075556986351797,-0.9785027748724937,0.7058219449037457,0.8301227501457393,0.10173700345342818,-0.4903243577927672,-0.6122522864238422,"[0, 1, 2, 3, 4, 5, 6, 7]",378.36999999999824
-0.6188542118114237,0.8558575620078204,0.22251870471160218,0.7731705603376093,-0.3444117052418725,-0.47758712454821417,0.4328448153218021,0.47863413520903375,"[0, 1, 2, 3, 4, 5, 6, 7]",396.363999999998
0.7026229027052051,-0.1199190932149925,0.6835913854555289,-0.5717023297422101,-0.5104179021088107,0.7418946360279208,0.29619837499085255,-0.8693916636795671,"[0, 1, 2, 3, 4, 5, 6, 7]",182.18300000000048
0.8543575021443135,0.8248887713557949,0.3497556456920732,-0.9298369621667957,0.815321346084871,0.8141438860321106,-0.28182909415629553,-0.5350489949660426,"[0, 1, 2, 3, 4, 5, 6, 7]",92.15300000000019
-0.16629176337377838,-0.10731933890972134,0.8658179229771155,0.6724900526148283,-0.8877309677734202,-0.9210305971809789,0.970981577170243,-0.48943359741668524,"[0, 1, 2, 3, 4, 5, 6, 7]",498.3779999999978
-0.16025634996875415,0.6685173739315133,0.03476742443267922,0.3352438235318791,0.13246971098149696,-0.6252937034869677,-0.959124110598256,-0.2280045974986986,"[0, 1, 2, 3, 4, 5, 6, 7]",365.3709999999985
-0.3993142622590595,0.7491101557882618,-0.31857376430084017,-0.5634615430945609,0.24219182825329466,0.3526015608826787,-0.27709370441041736,-0.20662527164155065,"[0, 1, 2, 3, 4, 5, 6, 7]",232.28200000000066
-0.614584914659049,0.8610222951376683,0.5569967834947296,-0.22275926753004494,0.4417792206722946,0.7382151234713485,-0.7589406214116805,0.4727400502418184,"[0, 1, 2, 3, 4, 5, 6, 7]",19.046999999999993
