weight_holes,weight_height,weight_bumpiness,weight_line_clear,weight_hollow_columns,weight_row_transition,weight_col_transition,weight_pit_count,weight_to_consider ,score
-0.42431105620910636,-0.8794918367095168,-0.7487279869201078,0.17122171023846966,0.27420810711290367,-0.7310091569147781,-0.032168253420527426,-0.8114589181302769,"[0, 1, 2, 3, 4, 5, 6, 7]",373.3669999999985
-0.0176237166060087,-0.49872124354391345,-0.9774458221869919,0.04653568465717561,-0.22947638604794451,-0.7949589694899244,-0.7014532343903226,-0.8281815306657241,"[0, 1, 2, 3, 4, 5, 6, 7]",28.065000000000023
-0.45716733658557906,-0.234199707096288,0.25554128289280587,0.3801566750302252,-0.2725636264594813,-0.5289120852423632,0.39550041516157863,0.5070137920529938,"[0, 1, 2, 3, 4, 5, 6, 7]",13.032999999999998
-0.6022065324963188,-0.6753748388844141,0.052425488491942174,0.06647524315381248,0.7518611988209598,-0.29189961358442384,-0.09295575295458103,-0.7759236853580436,"[0, 1, 2, 3, 4, 5, 6, 7]",23.055000000000014
-0.898859523308406,-0.6257141774127262,0.4450384911255638,0.9858532450244728,-0.2636040309160781,0.5979166718009945,-0.7756281476797524,0.5287052199101878,"[0, 1, 2, 3, 4, 5, 6, 7]",446.3699999999959
0.8038455889004539,0.6803331288247931,0.14284821152622706,0.33507380815335086,0.30843029128231914,-0.7567294821273547,-0.6439210609968058,-0.8528757652609869,"[0, 1, 2, 3, 4, 5, 6, 7]",124.13800000000029
-0.3994014598382687,-0.6532313936163274,0.7690055659801882,0.013342116805346471,0.056931781758628563,0.21730346403099143,0.6076295249946095,0.8062867696099683,"[0, 1, 2, 3, 4, 5, 6, 7]",27.06500000000002
-0.01655697714845661,-0.8532177553648628,0.8968375863756255,-0.8195274021314891,0.08238624229485048,0.27471029006680014,-0.5671378378520144,0.5214030355096619,"[0, 1, 2, 3, 4, 5, 6, 7]",26.06500000000002
-0.8785719481966574,-0.18079077229622342,0.9435176750339391,0.21348582039809205,-0.5856478704486776,0.03898430339545511,-0.4118913864782128,0.06929198916232893,"[0, 1, 2, 3, 4, 5, 6, 7]",331.36899999999895
