weight_holes,weight_height,weight_bumpiness,weight_line_clear,weight_hollow_columns,weight_row_transition,weight_col_transition,weight_pit_count,weight_to_consider ,score
-0.12323325208666547,0.07435256979039728,0.44307480625611007,-0.44985455971022126,0.03162929100199041,0.5749749741626451,-0.9298589806932205,0.9084284105946823,"[0, 1, 2, 3, 4, 5, 6, 7]",14.035999999999992
0.08669260048610816,-0.5208075400271877,0.5968498870975647,0.019915369690252316,-0.006611115971667525,-0.08291009259113635,-0.15387995661881027,-0.8203089098881362,"[0, 1, 2, 3, 4, 5, 6, 7]",11.025
0.4454271929338576,0.14392511497229243,-0.11462287209744071,0.08261188213838744,0.4618162019696299,-0.655146883962463,0.6224266829753786,0.07690640422612738,"[0, 1, 2, 3, 4, 5, 6, 7]",16.031999999999993
-0.1293105987429073,0.4662908386994582,0.5284129314210009,-0.45873042277308285,0.21143417758369565,-0.28687645993946886,-0.040869549772433844,-0.5926099956828634,"[0, 1, 2, 3, 4, 5, 6, 7]",12.033999999999997
-0.6472169557472134,0.15305174935808696,0.8982908180424451,0.0816329076003306,0.9184419372875676,0.5962680568122594,-0.20303531602225156,0.4434260507385046,"[0, 1, 2, 3, 4, 5, 6, 7]",15.043999999999992
-0.9670177908992748,0.5399997522600581,0.16346295485960005,-0.27377130221552215,0.10660038407453087,-0.244259478129929,0.2011437230230222,-0.805694159391023,"[0, 1, 2, 3, 4, 5, 6, 7]",12.03
0.3833297937717959,0.4326472877181209,-0.8961439057439122,-0.7285034296307986,-0.8641318498627715,0.1430084673960288,-0.49531621058735054,-0.41208526779965404,"[0, 1, 2, 3, 4, 5, 6, 7]",29.071000000000023
-0.33615298766140156,-0.6070475102271915,-0.9054723389838668,-0.39915360534262034,0.8120603665803383,-0.2761247662669053,-0.7891222608426947,-0.5675967102899138,"[0, 1, 2, 3, 4, 5, 6, 7]",365.35799999999836
0.9063958561412211,-0.7654198342788348,0.8506954932049255,0.5856125714060803,-0.31069589563490396,-0.7588946642759671,0.6467626031156084,-0.08431879425652156,"[0, 1, 2, 3, 4, 5, 6, 7]",11.024
