weight_holes,weight_height,weight_bumpiness,weight_line_clear,weight_hollow_columns,weight_row_transition,weight_col_transition,weight_pit_count,weight_to_consider ,score
-0.3928637406731388,-0.5785990991857133,-0.06224986453018477,-0.4626276759163528,0.18517356223535097,-0.6258326370667211,0.09372277268405593,0.02932183074686856,"[0, 1, 2, 3, 4, 5, 6, 7]",366.36599999999817
-0.5695626852087936,0.14783814287392838,0.7873130360267206,0.9601250167548283,0.15586056515464408,-0.028696544765314913,0.678167776518773,-0.7688458733677415,"[0, 1, 2, 3, 4, 5, 6, 7]",27.06100000000002
-0.42431105620910636,-0.8794918367095168,-0.7487279869201078,0.17122171023846966,0.27420810711290367,-0.7310091569147781,-0.032168253420527426,-0.8114589181302769,"[0, 1, 2, 3, 4, 5, 6, 7]",382.3699999999983
-0.003629592219756894,0.6722228238378605,0.707739985780693,0.22342864177416222,-0.23264825292477087,0.2416246319286237,0.7633283095578145,-0.0427226959797018,"[0, 1, 2, 3, 4, 5, 6, 7]",22.052000000000003
-0.47481751619999546,0.6925947330574667,0.0870694450492282,-0.7926714389799288,-0.6686012377555473,-0.8962886647939803,0.9215287884462953,0.9757859083749878,"[0, 1, 2, 3, 4, 5, 6, 7]",24.062000000000012
0.8887801880423165,0.40829093555310214,-0.08305963485237222,0.58517736566905,-0.5305289136493241,0.23003444252555383,0.2774300369286751,0.6318840489334265,"[0, 1, 2, 3, 4, 5, 6, 7]",15.031999999999996
0.0803365293720244,0.8535488184582802,-0.9192484072420748,-0.9950671192046574,0.303069048871482,0.4830480100253094,0.5752979118114501,-0.4248856855013379,"[0, 1, 2, 3, 4, 5, 6, 7]",10.024999999999999
-0.8813296739692718,0.4885024465422738,0.9992435296178885,0.6119781944143887,-0.042684735852614564,-0.1853305076182059,-0.7798773968158494,-0.6296068884777426,"[0, 1, 2, 3, 4, 5, 6, 7]",17.041999999999998
-0.06659537457996989,0.6555472607577677,0.8972847244449296,0.6211567843274501,-0.4045854093780914,-0.739721547812437,-0.4942281978294143,-0.6362281078425986,"[0, 1, 2, 3, 4, 5, 6, 7]",14.040999999999995
