weight_holes,weight_height,weight_bumpiness,weight_line_clear,weight_hollow_columns,weight_row_transition,weight_col_transition,weight_pit_count,weight_to_consider ,score
0.23322664182069408,0.1383760463296877,-0.5615332956573347,0.008219216557321385,-0.3194391432857735,0.5026523205019273,0.7556935878350111,-0.6033499496319648,"[0, 1, 2, 3, 4, 5, 6, 7]",379.36499999999796
-0.5019512132398394,0.10588094766110379,-0.029597153905900342,0.035528365443729504,0.6481752589616314,-0.5768653444324199,-0.6834429443558192,-0.3013527337903905,"[0, 1, 2, 3, 4, 5, 6, 7]",19.052999999999994
-0.464058659916585,0.7143202746283452,0.30982055822519605,0.9767499493229099,-0.5222948710028419,0.36949403987293006,-0.2275048914241533,-0.42117105384124165,"[0, 1, 2, 3, 4, 5, 6, 7]",24.05500000000001
0.7842020359426773,-0.568658220555279,0.4719466610062857,0.8893568360925053,0.9864168716169128,-0.7458103895222776,0.948307411994757,-0.7935156487577919,"[0, 1, 2, 3, 4, 5, 6, 7]",366.3699999999986
0.19940497977806504,0.23388570380095497,0.516396230417336,0.4695255732868733,0.013378193054440324,-0.7695732796929633,0.08870704207413338,0.4360655885007123,"[0, 1, 2, 3, 4, 5, 6, 7]",15.035999999999998
-0.18211839816980513,0.3805573593420253,0.2579999536018551,-0.5422018116511491,0.7463614026315892,0.004216954592853872,-0.6762031127371664,-0.5421432647660069,"[0, 1, 2, 3, 4, 5, 6, 7]",14.046999999999997
-0.9133569835775408,-0.561448956411801,-0.2636483563081209,0.9651932387247,-0.08076450164559379,0.8016448950522614,0.6063558786935219,0.9435760076766468,"[0, 1, 2, 3, 4, 5, 6, 7]",968.363999999998
0.2223617421288573,-0.5657615316447102,0.46589346741975834,-0.7260491721468474,-0.7459760098890138,0.6311899861691497,-0.5232654017244416,0.9127580817747447,"[0, 1, 2, 3, 4, 5, 6, 7]",377.36299999999807
-0.2323320777240685,-0.04503409106033729,-0.2001970416682477,0.6317563010644225,0.9192941169779432,0.9241687874184459,0.42967028174574406,0.8947229552486917,"[0, 1, 2, 3, 4, 5, 6, 7]",35.07900000000003
