weight_holes,weight_height,weight_bumpiness,weight_line_clear,weight_hollow_columns,weight_row_transition,weight_col_transition,weight_pit_count,weight_to_consider ,score
-0.5266535913636605,0.892336612350008,-0.008962343197202127,-0.2660159203970216,-0.4593006750032602,0.7659824203099159,-0.009044692226751971,-0.5074053889546595,"[0, 1, 2, 3, 4, 5, 6, 7]",11.022000000000002
-0.25775966035997455,-0.7927449500709347,0.382376316475872,0.40010257577322195,0.3801468891249462,0.056908113126251436,-0.8876437506045702,-0.6203602207074999,"[0, 1, 2, 3, 4, 5, 6, 7]",19.056999999999995
0.6776020899258948,0.013747455632720618,0.7405918594692018,-0.10012744900733961,0.7206746193156306,0.9577840936740432,-0.2497604613532607,0.18916205656609564,"[0, 1, 2, 3, 4, 5, 6, 7]",10.025000000000004
-0.4667825986105669,-0.07584552528930089,0.10285350814405914,-0.42965284794543246,-0.3728837372764664,0.38361728539549933,-0.20383989991928075,0.03818420897250263,"[0, 1, 2, 3, 4, 5, 6, 7]",12.028
-0.3928637406731388,-0.5785990991857133,-0.06224986453018477,-0.4626276759163528,0.18517356223535097,-0.6258326370667211,0.09372277268405593,0.02932183074686856,"[0, 1, 2, 3, 4, 5, 6, 7]",344.3669999999985
-0.5325026648241455,-0.22550498102435235,0.39205053680024404,-0.21125585580313166,0.6693741682223415,0.806322211063033,0.9641367787229522,-0.07056077573738428,"[0, 1, 2, 3, 4, 5, 6, 7]",15.041999999999991
0.7630882699183261,-0.032590701137105826,0.05704016227250919,-0.6224079691072228,-0.6377987400205207,0.9732846790564218,-0.29098824953791347,0.6181051119177434,"[0, 1, 2, 3, 4, 5, 6, 7]",11.028
0.4790103703717574,0.8787233500860594,0.11091738386985317,0.6191844949472225,0.2537403985827873,0.8136347842894529,-0.946543431396776,-0.7104262003015527,"[0, 1, 2, 3, 4, 5, 6, 7]",13.029
0.11873379061188061,0.131116533155468,-0.8684823870013805,-0.6051105653652606,0.8146627526743717,0.7192664521998371,0.556136503566188,0.4060406447657312,"[0, 1, 2, 3, 4, 5, 6, 7]",21.057000000000006
