weight_holes,weight_height,weight_bumpiness,weight_line_clear,weight_hollow_columns,weight_row_transition,weight_col_transition,weight_pit_count,weight_to_consider ,score
-0.539518819779724,-0.05840571823738405,0.7745440738554812,-0.3760920905491323,-0.6545299174047605,-0.17805187944156686,0.040597138279553135,-0.46617379462743314,"[0, 1, 2, 3]",18.042999999999992
0.6437840507921968,-0.7253341448536152,0.04825388214126103,0.4107011608701312,-0.07054589142014556,-0.33463832036593133,0.7349414898275479,0.371625214645807,"[0, 1, 2, 3]",17.042999999999996
-0.9155819999145018,0.6662174251139226,-0.4818861331686002,-0.3116347400579529,-0.6113272376709906,0.5743842912671084,-0.6811462383730207,-0.2574923513958065,"[0, 1, 2, 3]",33.07200000000003
-0.7017880934249987,-0.5106256189479326,0.9988723452523451,0.316710528213904,0.07114737298206797,-0.9350013416650436,-0.3967831960754602,-0.06297281470155847,"[0, 1, 2, 3]",18.058999999999997
-0.48305836700406624,-0.4608455275503871,-0.9387423008652027,-0.11463573002617888,0.2723037581539587,-0.6892521570848855,0.16706050445364307,-0.4718944369268019,"[0, 1, 2, 3]",345.3629999999986
-0.20803457992981755,-0.6834593465322378,0.26433869483130423,-0.6787895219765514,-0.865935587272666,-0.25569298252680595,0.6354069012245451,-0.9541587217107097,"[0, 1, 2, 3]",16.037999999999997
0.8844030506104579,-0.9073374385645281,-0.7164214864686964,0.24831033266728664,-0.5235511546438492,0.9328489966599056,-0.8066156803298559,0.05553021636215494,"[0, 1, 2, 3]",297.3149999999996
-0.11649965089724601,0.04221139522052986,-0.373172688887367,-0.020900417249512415,0.5578327965231757,0.29436700728673837,0.0733929688155377,0.4073030821058763,"[0, 1, 2, 3]",50.10299999999992
0.5573632372977042,0.6545383977662522,-0.5167539055751524,0.3158663513700102,0.8378036810338652,-0.216903417275232,-0.7034881925560978,-0.6923896321677077,"[0, 1, 2, 3]",17.039999999999996
