weight_holes,weight_height,weight_bumpiness,weight_line_clear,weight_hollow_columns,weight_row_transition,weight_col_transition,weight_pit_count,weight_to_consider ,score
0.43244849527249696,0.9923535815627054,0.5497551325635681,-0.5028790786879056,-0.5651566293039314,0.8828291553521059,-0.8997770609770337,0.1832244625998234,"[0, 1, 2, 3, 4, 5, 6, 7]",407.3649999999975
-0.7168984526077802,0.8756529057343854,-0.5980107224814644,-0.5612408493808223,-0.602447124411829,-0.3512069417189174,-0.43444175288066855,-0.6716529590998883,"[0, 1, 2, 3, 4, 5, 6, 7]",328.3759999999987
0.8216374478065622,-0.7637718189161715,0.6981408277559185,0.42618041861141465,-0.1277211732953598,-0.19640867325054256,-0.5972156671833553,0.7160807504485129,"[0, 1, 2, 3, 4, 5, 6, 7]",27.06100000000003
-0.1479670616713853,0.7145978205981725,-0.7092045774924405,0.10516555607403544,0.49628678607697996,-0.9228963439300506,0.3079378798783301,-0.30278822567982777,"[0, 1, 2, 3, 4, 5, 6, 7]",28.064000000000036
0.23322664182069408,0.1383760463296877,-0.5615332956573347,0.008219216557321385,-0.3194391432857735,0.5026523205019273,0.7556935878350111,-0.6033499496319648,"[0, 1, 2, 3, 4, 5, 6, 7]",510.36999999999546
0.23930032334090146,0.6028042253389558,0.4645439084351686,-0.662657575335952,-0.734384534552452,-0.795770640926377,0.13621467499502748,0.3293510301745217,"[0, 1, 2, 3, 4, 5, 6, 7]",411.37699999999757
0.3472685059261367,0.6692541830156067,-0.5265549057059096,0.0008814638602665514,0.8196857840875114,-0.8892383550974932,-0.3025586374899587,-0.34101634868358066,"[0, 1, 2, 3, 4, 5, 6, 7]",348.3639999999987
0.7829819314666422,0.9212369342543951,0.8075766803020912,0.8208183403907752,0.9857903183351273,0.8115176446100179,0.12709589416170575,0.6470267110763366,"[0, 1, 2, 3, 4, 5, 6, 7]",185.1990000000005
-0.6393798990383297,-0.5931121446382195,0.21967980140889387,0.09463472072957302,0.7897673130174387,0.5996493131287897,-0.6584500354263438,0.745380136515911,"[0, 1, 2, 3, 4, 5, 6, 7]",21.052000000000003
