weight_holes,weight_height,weight_bumpiness,weight_line_clear,weight_hollow_columns,weight_row_transition,weight_col_transition,weight_pit_count,weight_to_consider ,score
-0.3352743377992293,-0.09471786354028788,-0.30105829474918844,0.25164951473687536,0.23758137771169863,-0.5421415659971982,-0.3988617364801468,0.7841579647629489,"[0, 1, 2, 3, 4, 5, 6, 7]",400.36799999999744
0.6591429688676951,0.5817795804716894,-0.23456362902677874,0.2818548102715721,0.09764990707772792,0.2116741249149221,0.13529345555974737,-0.9359599331531221,"[0, 1, 2, 3, 4, 5, 6, 7]",368.36799999999846
0.43116620173884423,0.2670213323363846,-0.43402916361903365,0.48468724459362234,-0.6848587264081785,-0.9481435664494893,0.3346999910343924,0.8240281144462318,"[0, 1, 2, 3, 4, 5, 6, 7]",19.056999999999995
-0.018071672678958706,0.30968361645145004,-0.42728802922451914,0.7127923293969467,0.7776859906369287,-0.06356913714786949,0.32192670478587737,-0.48243408378759467,"[0, 1, 2, 3, 4, 5, 6, 7]",379.3689999999977
0.8717278183811559,-0.8185533942473666,0.4689741387144477,0.6201927361833346,-0.002787497862615229,-0.8926643411873065,0.9424044055467078,0.758772600371233,"[0, 1, 2, 3, 4, 5, 6, 7]",362.36599999999896
-0.861787171621825,0.28123864198634885,-0.2003545521673511,0.383524159363994,0.6949553957959567,-0.9517944233312943,0.9503164525420609,0.5754548147499245,"[0, 1, 2, 3, 4, 5, 6, 7]",378.36599999999817
0.32285278169501663,0.5880297993635526,0.4129142763940614,-0.1393381494213315,-0.8603955480777385,0.37119558349785775,0.40914440928730755,-0.6950530210628458,"[0, 1, 2, 3, 4, 5, 6, 7]",1034.3699999999983
-0.6047526308335776,0.5553257255097837,-0.28177150414184937,-0.9994982376496255,-0.37497884994647523,-0.3544133607740996,-0.46841749687021017,0.20632801583637583,"[0, 1, 2, 3, 4, 5, 6, 7]",390.3739999999991
-0.25389332919296903,-0.5120528604552501,0.21866763330013872,-0.7426354939346107,0.05842962053038292,-0.7565071505909842,-0.4207617251054483,-0.889739791676551,"[0, 1, 2, 3, 4, 5, 6, 7]",352.36799999999846
