weight_holes,weight_height,weight_bumpiness,weight_line_clear,weight_hollow_columns,weight_row_transition,weight_col_transition,weight_pit_count,weight_to_consider ,score
-0.898859523308406,-0.6257141774127262,0.4450384911255638,0.9858532450244728,-0.2636040309160781,0.5979166718009945,-0.7756281476797524,0.5287052199101878,"[0, 1, 2, 3, 4, 5, 6, 7]",371.36099999999817
-0.4767933821283672,0.4623348337064421,-0.05728457720904556,0.3819525417933496,0.4819449380862817,0.9685281749998362,-0.7289467925801831,0.6865104543288834,"[0, 1, 2, 3, 4, 5, 6, 7]",354.3659999999984
-0.039061021069739965,-0.2929254845831293,0.9390720059785611,-0.33057659683013774,0.00778925468148528,0.7373895442555918,0.8305686031545396,0.8320549519488625,"[0, 1, 2, 3, 4, 5, 6, 7]",355.36899999999764
-0.260847346830114,-0.31221228652480226,-0.288531778839594,0.572150094368318,0.8529764964836881,-0.7515263762142375,0.9170422508400933,0.3694415445651522,"[0, 1, 2, 3, 4, 5, 6, 7]",577.3719999999948
0.5488874586840673,-0.8145227737870524,0.7571634447269489,0.36107820579364436,0.273303234654781,-0.9324245505904787,-0.2019827953335409,-0.6149594881052409,"[0, 1, 2, 3, 4, 5, 6, 7]",18.04399999999999
0.3480021966223845,0.03446949166658286,0.8683111979431788,0.6960908150859968,0.7626804652522639,0.6827106458732688,0.4357304244780096,-0.8944826869457538,"[0, 1, 2, 3, 4, 5, 6, 7]",20.054
0.4231301664696634,-0.9029924455589311,-0.5329010884144281,-0.8723082271668035,-0.24510901620624792,-0.7930816612498937,-0.7713452846984039,-0.9749948637994883,"[0, 1, 2, 3, 4, 5, 6, 7]",21.052
0.6961816485320385,0.4182658774184238,-0.4924908034825477,0.7801904386617602,0.5797378901369445,0.839491859394828,0.0018754516904380125,-0.2847864653161296,"[0, 1, 2, 3, 4, 5, 6, 7]",19.038
-0.5303466350728301,-0.049850810163766246,-0.471947620686477,0.5526068866461287,0.4683213897478333,-0.692449797118498,-0.1685750539705142,0.06595652108377781,"[0, 1, 2, 3, 4, 5, 6, 7]",19.057
