weight_holes,weight_height,weight_bumpiness,weight_line_clear,weight_hollow_columns,weight_row_transition,weight_col_transition,weight_pit_count,weight_to_consider ,score
-0.5497230181183901,-0.5534194525868128,-0.3428254062340328,0.8828835509763571,-0.39521591166308734,-0.2530111313394987,0.6417204199407904,-0.8896946597945723,"[0, 1, 2, 3]",393.358999999998
-0.00032391537712350704,-0.3928280305002978,-0.6826540382954522,-0.8918109961725471,0.655892851665987,0.8056215594595311,-0.9122798866145536,0.7532232300492556,"[0, 1, 2, 3]",350.3659999999991
0.7192418687538675,0.8682309058161319,-0.682698959925458,-0.6359660011366624,0.6070109581017993,-0.31636853868363213,0.8250965855177308,0.22856720848686773,"[0, 1, 2, 3]",15.036999999999994
0.31307960672547686,-0.3134319495179083,-0.18657694204823705,0.5554075444760713,-0.10127304139511195,0.4367572922131333,-0.8120155436997458,0.18277686547372207,"[0, 1, 2, 3]",264.30800000000056
-0.2795473544098821,-0.9824585327189281,0.13053821997370596,-0.8883381347408483,-0.586590546640207,0.28812953318031975,-0.8545536448325981,0.12299025403595398,"[0, 1, 2, 3]",21.059000000000005
-0.7377619349031106,0.09391850776779131,0.6737365907039397,-0.958054574852784,0.19757894618837457,0.4224976557033857,0.23695085407752337,-0.639972478719419,"[0, 1, 2, 3]",10.025000000000002
-0.45721905410160724,-0.5148379779412229,-0.3169882927693213,0.5526692808158695,-0.6888663263955255,-0.29360518425559334,-0.38637431762668606,0.6813996953023858,"[0, 1, 2, 3]",444.3639999999969
-0.9415009057253685,-0.8242223933910575,-0.24381410558612893,0.8192548411490219,-0.021904707214947416,0.4388008775250005,-0.711258976608885,0.5707697623856236,"[0, 1, 2, 3]",367.3689999999981
0.6115194091914944,0.9256287624265165,0.2920228453575122,0.3742033725663074,-0.26530084784723784,0.21640816021244857,0.2554036097126886,0.6277508723916534,"[0, 1, 2, 3]",15.032999999999996
