weight_holes,weight_height,weight_bumpiness,weight_line_clear,weight_hollow_columns,weight_row_transition,weight_col_transition,weight_pit_count,weight_to_consider ,score
0.030071692925247806,-0.8100977812545918,-0.2218988171166223,-0.05314911227852526,-0.344471739871536,0.0052159511047604745,0.048385025750536936,0.12372940335546434,"[0, 1, 2, 3]",486.3659999999949
0.856101167345793,-0.5188167275947744,-0.7725904718542806,0.5226094553957077,-0.07687969204045886,0.08159000535298655,-0.42318425140966487,0.647542692063704,"[0, 1, 2, 3]",33.07600000000002
-0.026734721798742145,0.6202294955322103,-0.7811517902285448,-0.8093302592757516,0.1938826661287636,0.5388881988130609,0.701761392775549,0.10424904525405765,"[0, 1, 2, 3]",16.042999999999992
-0.7418562229569858,0.5404001116096575,-0.26009491384533834,-0.2917221040440592,0.8426528649125604,-0.15499525590304364,-0.7691189530037414,-0.7979506486252737,"[0, 1, 2, 3]",34.082000000000036
-0.8778127629652386,0.8729999415338878,0.9612157009976476,-0.8897293624144094,0.8675375101802316,0.6062603933277388,0.35819856148160056,-0.5620118578369886,"[0, 1, 2, 3]",11.029
-0.8136446517421032,-0.7179763344129659,0.10602364713077983,-0.10739063452991915,0.15802840516305294,-0.9280806718542571,-0.44302796647798526,-0.0773312916699942,"[0, 1, 2, 3]",21.062000000000005
0.51032308155691,-0.9284739840975498,0.8811937765575655,0.8381328135877195,-0.08085842247326691,-0.03161933760730973,-0.6674193875819456,-0.5500528013529971,"[0, 1, 2, 3]",15.047999999999991
-0.21530887991825742,0.7352727508118335,-0.9552819716816392,-0.4513963798722578,-0.49318382106187353,0.04804515045944635,0.79406472410061,0.2622026241180677,"[0, 1, 2, 3]",28.06900000000002
0.6057958003874611,-0.8531582471300518,0.7362002132173804,-0.6161949948771093,-0.8516824520903326,-0.7845702728312707,-0.4562078263590785,0.2998913229460114,"[0, 1, 2, 3]",15.042999999999994
