weight_holes,weight_height,weight_bumpiness,weight_line_clear,weight_hollow_columns,weight_row_transition,weight_col_transition,weight_pit_count,weight_to_consider ,score
-0.6788789285821977,-0.5475167004574346,-0.6042220343983757,-0.44455025477930743,0.28965715341508513,0.8859064062806057,0.536528963799324,0.5430254700524102,"[0, 1, 2, 3]",357.3709999999979
0.1418712625999461,0.5597524892780468,0.24358946584425678,-0.6298629039548478,0.5093243371764999,-0.4241264226033077,-0.22697566904323363,-0.747040109600658,"[0, 1, 2, 3]",14.035999999999998
0.6784711911922834,-0.8185285981233799,0.5815775670105001,-0.9484189898745901,0.1449390742715433,-0.8537193479027936,-0.06066579258923488,-0.023619902160582962,"[0, 1, 2, 3]",14.032999999999992
-0.7409095328622022,-0.9389849212008701,0.6731368345224866,-0.8797121710725333,-0.9401183522358834,0.8524550119191479,0.4179689262614785,-0.6260354432645658,"[0, 1, 2, 3]",14.039999999999997
-0.7432704143083311,0.5583782718699688,-0.968955457281319,-0.162066128954101,-0.9988593234120493,0.0938199926400598,0.6040218829808668,-0.6166757774463536,"[0, 1, 2, 3]",35.07900000000004
0.5227302410229426,-0.3886681821376865,0.8289111844690207,0.15532257778638003,0.7952781603836268,0.5538091233929723,-0.9377264377873737,-0.17867824864185655,"[0, 1, 2, 3]",9.023000000000001
-0.6115151063351638,-0.3628357905474635,-0.26461333703035095,-0.2885847790044833,0.9680220591510815,-0.07978453845494893,0.673307596329229,-0.02965963988749598,"[0, 1, 2, 3]",386.36599999999794
-0.34529785098695753,-0.3872939797316022,0.39699250878770376,-0.09677071196172604,-0.3441074483313249,-0.14448759784720466,0.9834082994637838,-0.5356007397048523,"[0, 1, 2, 3]",15.037999999999997
0.480061077436887,0.5103574374544426,0.1868230754774136,-0.5828993347734432,-0.31562539703615156,-0.3776206831496558,0.4440302570356931,-0.5794190202608762,"[0, 1, 2, 3]",16.033999999999992
