weight_holes,weight_height,weight_bumpiness,weight_line_clear,weight_hollow_columns,weight_row_transition,weight_col_transition,weight_pit_count,weight_to_consider ,score
-0.45721905410160724,-0.5148379779412229,-0.3169882927693213,0.5526692808158695,-0.6888663263955255,-0.29360518425559334,-0.38637431762668606,0.6813996953023858,"[0, 1, 2, 3]",357.36699999999803
0.6425006948077499,-0.7084417093284856,-0.4553914586073562,-0.2151947866589745,0.49809261337998056,0.44596033941063973,0.5893458465886643,-0.8588926066214215,"[0, 1, 2, 3]",174.21200000000053
-0.17309977745717475,0.014026980190806837,0.16286180780595383,-0.5089759891669305,0.45962153069735345,0.5484439165265484,-0.8148168763056278,-0.10187915584023965,"[0, 1, 2, 3]",16.04399999999999
0.6506801173538066,0.17534371746975097,-0.20699904541234027,-0.6848064149099007,0.842073721665207,0.9564787406716184,-0.21988530858955113,0.5949278655718424,"[0, 1, 2, 3]",12.027999999999997
0.7508966518821893,-0.747346376890168,-0.07517610198691704,0.2216046875937212,0.6433116096267559,-0.17575637217250173,0.18024938013382408,-0.6835769827622125,"[0, 1, 2, 3]",91.13300000000011
0.8891785574922784,0.5081947142636516,-0.11975248997707011,-0.6557650492511244,0.7261204170544306,-0.1312859929560677,0.07980614265093422,0.59822810157709,"[0, 1, 2, 3]",15.031999999999993
0.021390751868593183,0.8923845792767702,-0.45612715338241316,-0.5914924079287869,0.5743291654496034,-0.32830258190763484,0.9451605933430425,0.9496817277424443,"[0, 1, 2, 3]",16.038999999999994
-0.7483321634896467,0.7881646404671669,-0.09531792104735515,-0.9676213014418333,-0.42800127232006924,0.3685416671413897,-0.8768000327768457,0.8574915771629241,"[0, 1, 2, 3]",25.06200000000002
-0.3976854824949345,-0.3033020243553657,0.033123420793859326,0.2374774049605799,-0.3371239422874348,-0.008440541638375043,0.7087089654433587,0.8127368415628631,"[0, 1, 2, 3]",17.040999999999993
