weight_holes,weight_height,weight_bumpiness,weight_line_clear,weight_hollow_columns,weight_row_transition,weight_col_transition,weight_pit_count,weight_to_consider ,score
-0.9882423271392899,-0.04027559580611162,-0.19379139971486437,0.10514957786971868,0.07427767478011815,-0.5499628559428653,0.13254673955635732,0.7110647957688154,"[0, 1, 2, 3]",344.36399999999855
0.12727067818340654,-0.44710879138163007,-0.5609272797472769,-0.3784817646858414,0.48082728907235284,-0.04826177606719417,0.926502318339071,-0.2873276662500588,"[0, 1, 2, 3]",336.3599999999992
0.8817535071527547,0.4136025652995641,0.46165321523668945,-0.6098323842140474,0.500787008159219,0.1517676887912296,-0.8239881937436646,0.13324243104700217,"[0, 1, 2, 3]",10.024000000000001
0.9799196520901752,-0.09882900111025639,0.8713349133080028,-0.6828916135788892,0.7932386004182199,-0.7802641501442078,0.7467128361164124,0.7275314730778009,"[0, 1, 2, 3]",12.031999999999996
0.8301380969258298,0.503228409750174,0.19924203109083227,0.7474286715565424,0.3110830437340719,-0.1739740329795425,0.07199788667024509,-0.11857562010866873,"[0, 1, 2, 3]",15.033999999999994
0.5123042592331735,0.3079701346213233,-0.037893112636512294,0.06411591064565103,-0.8912365928819457,0.2120188312836102,-0.6012716807750351,0.25432094881650347,"[0, 1, 2, 3]",16.036999999999992
-0.5824936884147665,0.7688440946018473,0.9676306957437084,0.4346892072293893,-0.2585278867943346,0.972022917923997,0.01002467752310765,-0.5548084435920972,"[0, 1, 2, 3]",13.026000000000002
-0.9532522698094339,-0.1261686734099361,-0.6118775898858448,-0.6031306491590169,-0.4654814428913141,0.6995416869207696,0.2231181899092718,-0.6870024178407359,"[0, 1, 2, 3]",349.3629999999977
0.8006694684914013,-0.685321266555152,0.615214453428802,-0.9979898459226315,-0.17766079520761213,-0.25975249249722143,-0.6215095032259339,0.45600747521353924,"[0, 1, 2, 3]",8.026000000000002
