weight_holes,weight_height,weight_bumpiness,weight_line_clear,weight_hollow_columns,weight_row_transition,weight_col_transition,weight_pit_count,weight_to_consider ,score
-0.32082975341724795,-0.960947169216392,-0.334150835184408,-0.1633154769669869,-0.9171159503470867,0.15694732851445625,0.58407898137754,-0.4708498538364341,"[0, 1, 2, 3]",412.3639999999967
-0.5278705359002296,0.04070563476669986,-0.6066745565607083,-0.6607102221726862,-0.762025044450205,-0.7224725767847742,-0.5466432682386637,0.7800790290144337,"[0, 1, 2, 3]",41.08299999999998
0.21178620926085112,-0.1880032166000265,0.1599756157921235,0.04675017077559418,-0.7641390513341029,0.43243837436467847,0.6581033564543595,-0.3048741905083283,"[0, 1, 2, 3]",9.015000000000002
-0.4033057170220373,-0.5776778823663056,-0.40434784163158266,0.23797436291245933,-0.5185443202073807,-0.850059891011482,-0.34879944739559376,0.37383029031728277,"[0, 1, 2, 3]",447.3729999999988
-0.8335122734536065,0.5956943194420519,0.7205502127097647,-0.5317982721120531,0.7104957620927017,-0.6305360533565907,-0.16143518616290264,-0.314069485476022,"[0, 1, 2, 3]",9.023000000000003
0.7913733441526223,-0.1858718996879718,0.647235567795277,0.5378912017867843,0.06800995692923029,-0.5297762424743058,-0.5632286383881449,-0.03775067188012704,"[0, 1, 2, 3]",11.027000000000001
-0.16394076520522982,0.4845026890408566,-0.7302190699331479,0.11731918524508345,0.5546668910867474,0.48205658614148716,0.3034700817524554,0.6312083113683475,"[0, 1, 2, 3]",27.067000000000025
-0.3327231264061332,-0.5886852792927157,0.6172826208812134,0.029907926985154987,0.8264939394172346,0.2443879921600618,-0.5175528731920671,-0.4401552969479303,"[0, 1, 2, 3]",12.029000000000002
0.8962781780577036,0.6027518512502656,-0.5571878565314563,0.06617538659595312,-0.8277814444173652,0.19627145904644094,0.6915926586630325,-0.6703567102647539,"[0, 1, 2, 3]",12.027999999999999
