weight_holes,weight_height,weight_bumpiness,weight_line_clear,weight_hollow_columns,weight_row_transition,weight_col_transition,weight_pit_count,weight_to_consider ,score
-0.9532522698094339,-0.1261686734099361,-0.6118775898858448,-0.6031306491590169,-0.4654814428913141,0.6995416869207696,0.2231181899092718,-0.6870024178407359,"[0, 1, 2, 3]",393.3589999999979
0.8276372614569323,-0.9323407183963199,-0.3670610453638361,-0.7823795122855868,0.18647016887008672,0.485056503859963,-0.23147606941303978,-0.6593264097801488,"[0, 1, 2, 3]",142.1890000000004
0.7299364419315744,-0.9588207213985889,0.20159424713105034,0.9231876754302006,-0.6157076945939359,-0.05310347833411533,0.674663110680245,0.11405758521426823,"[0, 1, 2, 3]",17.043999999999997
-0.8747802321601192,0.15972043848280126,0.11840133330658187,-0.7283219972874715,0.07765422780041997,0.8428354056548069,0.08960546491557775,-0.6638296383839637,"[0, 1, 2, 3]",18.050999999999988
0.3649202740782507,0.47488009930760233,-0.8835419906415556,0.09153376683181569,-0.9339575831352589,-0.004436230616229553,-0.23437454637085553,0.36273872846535227,"[0, 1, 2, 3]",21.05
0.6677048252102049,0.09570012754562951,0.2480894419708124,0.07844955315574831,0.13724160227440652,-0.9285982129977568,-0.5430226212116369,-0.879327791026058,"[0, 1, 2, 3]",11.023
-0.21978493235732488,0.22424451471704798,-0.17064574093863305,0.8612963320325464,-0.7098030694840327,-0.6322331641634524,-0.537215685872797,-0.16838197077466965,"[0, 1, 2, 3]",31.076000000000036
0.39972586087082207,0.9633092561173755,0.5869240881647413,-0.8568817530949591,-0.04379537270483058,0.21695310115591626,-0.934984153218569,-0.5297063153607526,"[0, 1, 2, 3]",14.024999999999997
-0.8230425242911457,0.4674694698363635,0.8490478812958824,-0.7699779555023922,0.37207141649603326,0.3640483655952569,-0.6982095258581245,0.17582967673746697,"[0, 1, 2, 3]",13.038999999999998
