weight_holes,weight_height,weight_bumpiness,weight_line_clear,weight_hollow_columns,weight_row_transition,weight_col_transition,weight_pit_count,weight_to_consider ,score
-0.8628376510573486,-0.778847946731074,-0.9790348172382197,-0.7712796291244133,-0.026733058456117842,-0.3628511934713943,-0.8741151344990279,-0.13734995788022242,"[0, 1, 2, 3]",351.36899999999844
-0.5446864707183918,0.4967774078020728,0.9095729589095825,-0.6196772175144767,-0.20859232606682987,-0.761869092435685,0.7492736048412849,-0.9039116681859964,"[0, 1, 2, 3]",14.042999999999992
-0.9882423271392899,-0.04027559580611162,-0.19379139971486437,0.10514957786971868,0.07427767478011815,-0.5499628559428653,0.13254673955635732,0.7110647957688154,"[0, 1, 2, 3]",381.37099999999896
-0.5500263293723766,0.0788928696301292,-0.7935531010430221,-0.35271525590806374,0.6463829866547721,0.7433478916112357,-0.6084496886434594,-0.17784612309420456,"[0, 1, 2, 3]",39.07899999999999
0.2787701198106407,0.18463023251747357,0.2700089784984818,0.43374574663474563,0.6534835691236638,-0.3733216017189973,-0.25187689624795495,0.3631563827862454,"[0, 1, 2, 3]",10.021
0.41102039294677195,0.22076713748665822,-0.9893234500182684,-0.13818196878572597,-0.2408729044194844,-0.7452086641832025,-0.1274342635064294,-0.9749033136230418,"[0, 1, 2, 3]",24.063000000000013
0.1640418657072309,-0.5673407000257291,-0.9675154279080609,0.6453986912423011,-0.3383959525310929,0.9245252898606442,0.09376391476945778,-0.8546070653863753,"[0, 1, 2, 3]",321.3669999999993
-0.07442235198953928,-0.8029347303647878,0.019885187363532397,-0.4802319042518792,-0.10562322875652108,0.8955769436665806,0.2395690334975713,-0.006942610152040896,"[0, 1, 2, 3]",18.050999999999995
-0.19466528118264592,0.37091932177917064,0.623027348613373,0.42467276054780556,-0.543149738298905,0.42583857735001684,-0.5443671339771534,0.04304086319308276,"[0, 1, 2, 3]",9.024
