weight_holes,weight_height,weight_bumpiness,weight_line_clear,weight_hollow_columns,weight_row_transition,weight_col_transition,weight_pit_count,weight_to_consider ,score
-0.6324194412718809,-0.06845120504577218,-0.06357047642469871,0.8190942734664821,-0.7156662161446865,-0.4411142235473817,0.4922787957909256,-0.7804543815041256,"[0, 1, 2, 3]",352.3719999999985
-0.12155492732717832,-0.15596383159711769,0.24994022084316914,0.22549544510266006,-0.06870107214743237,0.10440449551570774,-0.621713099084028,0.017528267519294705,"[0, 1, 2, 3]",17.04799999999999
0.584263269042262,-0.5433847880953664,-0.18566567431933279,0.5128240213257929,0.3379395637425926,0.04054969785972684,-0.6698483817168996,0.6299084197357596,"[0, 1, 2, 3]",50.08899999999995
0.5112095947531481,0.2554251837797583,0.3987948363341123,-0.5266587724899419,-0.3462970592434127,0.70802940903159,-0.769598968878187,-0.3655430332312568,"[0, 1, 2, 3]",13.029999999999998
-0.717204229444171,0.5349904327378474,-0.056904525445818255,-0.039124344447901915,-0.525360157849607,-0.759012024829752,-0.7875672606244521,-0.5176435581993799,"[0, 1, 2, 3]",30.08500000000004
0.33717282812347427,-0.31825613738602243,0.937043111981338,-0.9653604047318958,-0.7206555991972956,0.2888718117137521,0.7985980138648376,0.4324628011867462,"[0, 1, 2, 3]",18.046999999999993
0.26623107121690515,0.5152378182206456,-0.4148531020289481,-0.028591081206715385,-0.36622242702438723,-0.2463561842084565,-0.769354821136131,0.3294099670262829,"[0, 1, 2, 3]",16.03799999999999
-0.4885461480623541,0.5522796808793866,0.9123071578248931,-0.48070537974528826,0.4583694495053352,0.6519965784893791,-0.33318849118004334,0.09192590271853773,"[0, 1, 2, 3]",13.035999999999998
0.18481804142949132,-0.18599768934981453,-0.22942805310795977,-0.627283367672451,-0.4643078291890357,0.5197652319345563,0.06156300392212177,0.0947562046930821,"[0, 1, 2, 3]",282.3360000000003
