weight_holes,weight_height,weight_bumpiness,weight_line_clear,weight_hollow_columns,weight_row_transition,weight_col_transition,weight_pit_count,weight_to_consider ,score
0.09608388972087245,-0.624554333216045,-0.2691370728332425,0.1288272625557707,0.6265838051841546,0.06898179832750806,-0.010808606396544684,0.22639560470035325,"[0, 1, 2, 3]",333.3669999999988
0.10292547881224334,-0.7155753147853368,-0.9530031247385475,-0.6488912385899539,0.2428974565301556,0.6230651402324867,-0.32887896570157427,-0.9194657762340483,"[0, 1, 2, 3]",212.2730000000008
-0.8051139578060724,-0.5698322390358805,0.09618835244825119,0.48561174968624665,-0.5090331948061566,0.8948599769939038,-0.9448974804180765,0.4991606136278106,"[0, 1, 2, 3]",20.059000000000005
-0.44989012862890676,-0.7484360173071205,0.046643642902176596,-0.5454456592255186,-0.9979365163555356,0.01774664471600018,0.9632253460703666,-0.48818183306535357,"[0, 1, 2, 3]",21.060000000000002
0.5685066660239615,0.8863791485681349,0.02766670943744476,-0.8858240463624476,0.7387846549710451,0.42059956989276515,-0.062404148844031226,0.5248223589775562,"[0, 1, 2, 3]",13.027999999999995
0.93365729310504,-0.09004260453499824,0.481632343065852,-0.04601043241891478,0.06831615022415938,-0.5448342229440857,0.6622511555862187,0.33745598937935006,"[0, 1, 2, 3]",14.030999999999997
0.831191014505356,-0.8337812904031527,0.139821264020334,0.87827336880887,-0.24334704484297376,-0.6153223647575223,-0.10096790221662122,0.8913443009843753,"[0, 1, 2, 3]",17.05499999999999
0.292350214811979,0.9431899331056521,0.8553224381928843,0.30193613976558065,-0.30338775504875004,0.34839376070386074,0.6898465581114097,0.5912162353121599,"[0, 1, 2, 3]",11.027
0.7528318774719063,-0.8535660497962825,-0.13273742176954673,-0.7170427094238396,0.9233738348264926,0.6676872683904318,-0.721057693287154,-0.3365865874349028,"[0, 1, 2, 3]",316.359999999999
