weight_holes,weight_height,weight_bumpiness,weight_line_clear,weight_hollow_columns,weight_row_transition,weight_col_transition,weight_pit_count,weight_to_consider ,score
-0.6324194412718809,-0.06845120504577218,-0.06357047642469871,0.8190942734664821,-0.7156662161446865,-0.4411142235473817,0.4922787957909256,-0.7804543815041256,"[0, 1, 2, 3]",421.3589999999974
-0.034517759247194135,-0.287179623347396,-0.7265242324494778,0.11741497575918136,0.2606471857074122,-0.13930122950277468,-0.926638393406559,-0.3908240027707002,"[0, 1, 2, 3]",223.2670000000009
-0.7949886044424861,-0.4924501092501852,0.21366622392997292,0.5303333364041523,-0.46787813218245966,-0.41983413117298896,0.42021910173185706,0.4769823581326371,"[0, 1, 2, 3]",21.061000000000014
0.2996658584646934,-0.9699681107708764,-0.27841256524937785,-0.10313846704078822,-0.2941372842610084,-0.45016873953079495,0.322557095401913,0.9635080259125022,"[0, 1, 2, 3]",349.3629999999986
-0.15488020852542705,0.786279231835977,0.016877233120326185,-0.22901932327199148,-0.6828645991927311,-0.8575273771339984,0.3458350956664171,0.80749441002846,"[0, 1, 2, 3]",14.038999999999996
0.10225505679756597,0.02079505948199234,-0.4823815579097024,-0.025649927159272945,-0.8505888170983693,0.03477486913688188,0.77404812221769,-0.2622241758324082,"[0, 1, 2, 3]",27.06600000000002
0.5142210608841222,0.4209031253761444,0.5623237068018645,-0.45208673235510255,0.6027783283863064,0.5567008319529783,0.9266764370389975,0.680015794893942,"[0, 1, 2, 3]",10.028000000000002
0.31972284553579944,0.6899221852875272,0.18705693899664588,0.4527844626458635,-0.4242981397847021,0.09443717241060945,-0.6182892322020686,0.6379328609425057,"[0, 1, 2, 3]",12.026
0.07224242975578399,0.8987314659696055,0.44547152651077115,0.3859277097710543,0.6257091013309428,0.773684850838118,0.6024638963247104,0.7603449693258253,"[0, 1, 2, 3]",10.030000000000003
