weight_holes,weight_height,weight_bumpiness,weight_line_clear,weight_hollow_columns,weight_row_transition,weight_col_transition,weight_pit_count,weight_to_consider ,score
-0.9532522698094339,-0.1261686734099361,-0.6118775898858448,-0.6031306491590169,-0.4654814428913141,0.6995416869207696,0.2231181899092718,-0.6870024178407359,"[0, 1, 2, 3]",366.3619999999981
0.3597273248676951,0.8426663767290334,0.8505815779625525,-0.6937181363863933,-0.906717064721976,-0.5032122618402941,0.9661213020803803,-0.23731799467709824,"[0, 1, 2, 3]",11.027000000000003
-0.3569316447398272,0.3926223361379624,0.3992541069899902,-0.5975513559802481,-0.35965592852109496,-0.549147372486416,0.6277455241337193,0.5952216303821785,"[0, 1, 2, 3]",9.019000000000002
-0.11388018574357295,0.6892366711344728,0.17056313621129293,-0.32990261431488443,-0.5467121740783949,-0.36549921842614697,0.40354762751016415,0.3016505981745159,"[0, 1, 2, 3]",15.035999999999998
-0.14426968551969743,0.480915150098562,0.5661387762180505,-0.9348760817958737,-0.6954163452249409,-0.3455677213521515,0.348313987130243,-0.530922389421143,"[0, 1, 2, 3]",9.018
0.4400738941730731,-0.9238787899573637,-0.7556934359129628,0.09503343001583042,-0.42082153650052634,0.773112938593711,0.04526846568037657,-0.7505682770452757,"[0, 1, 2, 3]",325.35099999999875
0.9267106778776397,-0.2841009092876585,0.04120303135014791,0.10877729550878268,-0.5919560791760294,0.9308787497859161,0.5163644850713074,0.11821827127248175,"[0, 1, 2, 3]",14.033999999999997
0.05650599202653295,-0.9302765388975944,-0.7051051357472222,-0.03755669166575348,0.508326144301394,0.7276049408946368,0.9014978734715948,-0.9371697275500304,"[0, 1, 2, 3]",334.36599999999873
-0.10441787359590804,0.5494045864923189,-0.00985583218209829,-0.5129487163191384,-0.23336080382095892,-0.36011663677076466,-0.9071286939299485,0.5833557566877867,"[0, 1, 2, 3]",13.029999999999998
