weight_holes,weight_height,weight_bumpiness,weight_line_clear,weight_hollow_columns,weight_row_transition,weight_col_transition,weight_pit_count,weight_to_consider ,score
-0.8763745042686357,-0.8548918228899867,-0.6872497601069834,0.6610416905384566,0.8988626805998146,-0.8721182363049036,-0.3877985328188518,0.23860063599726278,"[0, 1, 2, 3]",370.3619999999987
0.6490555107752454,-0.2128859211024572,-0.4585573915968417,0.9847914801544573,-0.04013556619333447,0.7143101458719685,0.9495917117897619,0.09619839144638753,"[0, 1, 2, 3]",16.037999999999993
0.6786291719710835,-0.7222863843060006,-0.6191554272937823,-0.20560215210939647,0.5251222012058201,-0.6186349228558008,0.841711777509319,-0.17720438625385282,"[0, 1, 2, 3]",271.3220000000004
0.7079593526021946,-0.0577300925718649,0.891879851168133,0.07685137947646203,0.9455216445781387,-0.11919745648560132,0.6241669350690084,-0.9689562901067261,"[0, 1, 2, 3]",8.016000000000002
-0.684714366123029,0.7769678036640177,0.9101645347187584,0.9658908887873596,0.9226181622802159,0.08367203115335564,-0.7370247095580544,-0.5906384220376919,"[0, 1, 2, 3]",12.032
0.37399475887392475,0.7373732210144626,0.17440157227295106,0.07731580511579339,0.21003397559920844,-0.5423595475567773,-0.19016664374100922,-0.8961921417150032,"[0, 1, 2, 3]",13.03
0.23566670536586054,0.24542433409674702,-0.7881646405320002,0.26801240765231404,0.6035554960509535,0.6506997781643524,-0.46628338509600775,-0.03938915891649297,"[0, 1, 2, 3]",19.042
0.5619769990603485,-0.7535880092331573,0.1953219430453368,-0.21808950007812,0.761263273067778,-0.40217645066591134,-0.5452301408115279,0.228033788260946,"[0, 1, 2, 3]",12.031
0.4935770530017962,0.2746759480828662,0.18541347838963151,0.7989847962048584,0.14126575578759715,0.011851576182734247,0.6828233210740944,-0.7088760375356986,"[0, 1, 2, 3]",15.033999999999995
