weight_holes,weight_height,weight_bumpiness,weight_line_clear,weight_hollow_columns,weight_row_transition,weight_col_transition,weight_pit_count,weight_to_consider ,score
-0.9497924300856502,-0.5599295032159921,-0.22303377207700703,-0.09042674134705209,-0.6465041250578667,-0.06967772067861255,-0.348793724371403,-0.36136708124296435,"[0, 1, 2, 3]",395.36499999999785
-0.6373641418701015,-0.2198252610537521,-0.7435984708857442,-0.4932815820989034,-0.036145839789476275,-0.992218967685089,-0.37903499683506925,0.94774203256788,"[0, 1, 2, 3]",271.32000000000045
-0.9633935035704275,0.25124138697340737,0.4549538358867127,-0.16955384201389134,-0.5812867108457587,0.1586258155618212,-0.18526086223767457,-0.5292822091986407,"[0, 1, 2, 3]",14.038999999999996
0.639738401098884,0.6044928851531752,-0.36691948466695035,-0.9350762856452026,0.8536441241572406,0.1779332231403543,0.44170017029647846,-0.28700000911384405,"[0, 1, 2, 3]",13.029999999999998
0.5780152985216405,0.4840834707219783,0.5593738332381739,-0.9497475480071127,-0.491489560385701,0.6245029318143382,0.6466394580491373,0.578123699325654,"[0, 1, 2, 3]",13.034999999999997
-0.3081499557104732,-0.3301052193046379,0.9870230902650405,-0.38114677205867786,-0.3280642316209743,-0.08881126455673005,0.206971109898211,0.7253230703551958,"[0, 1, 2, 3]",12.025999999999998
0.06654716167207742,0.8838465496832413,-0.03844578537432741,0.9856639851596638,-0.6027195918104034,-0.7899894116224015,0.9832489734030805,0.6554046236851001,"[0, 1, 2, 3]",14.029999999999996
-0.20664082502329562,-0.7157038831537161,0.2635978027689325,-0.846699386296679,-0.7749566117510591,-0.2529411675750266,-0.20905126133636331,-0.40735834075512467,"[0, 1, 2, 3]",16.04999999999999
-0.6724248920013263,0.29847836082706647,0.4498217240432887,0.8963638449891058,0.9403074194598597,0.6973649084147384,-0.7700228133906042,0.7141562654959004,"[0, 1, 2, 3]",16.046999999999993
