weight_holes,weight_height,weight_bumpiness,weight_line_clear,weight_hollow_columns,weight_row_transition,weight_col_transition,weight_pit_count,weight_to_consider ,score
-0.8763745042686357,-0.8548918228899867,-0.6872497601069834,0.6610416905384566,0.8988626805998146,-0.8721182363049036,-0.3877985328188518,0.23860063599726278,"[0, 1, 2, 3]",401.36299999999744
-0.41725139698911784,-0.4358538985132818,-0.6255915578858808,0.3326850247650226,-0.5866935383193963,-0.6485173386394278,0.4388051025374786,-0.08018176255894405,"[0, 1, 2, 3]",374.365999999998
-0.9723583926190493,-0.795646699753404,-0.3756585312009002,-0.9334078091659432,0.5516122019961234,-0.3159922568194944,0.8824379463561189,0.3883335753825221,"[0, 1, 2, 3]",381.3589999999981
-0.13997867138952746,-0.5702372264659588,-0.8918271248253904,-0.15134671730222093,-0.7231498819265598,0.39076374168350037,0.20214076876057518,-0.6736991709475195,"[0, 1, 2, 3]",266.3080000000006
-0.03381992763727304,0.5441673113067533,-0.7901499871660551,0.4833261158819553,0.8181714449255364,-0.833793270400512,-0.16663532800318848,0.42966645352185595,"[0, 1, 2, 3]",16.038999999999994
-0.3333572348883549,0.6034245825418019,0.585575311797002,-0.4626601996413693,-0.9867480765150951,-0.5837892341199518,-0.1319423957389081,-0.03161831064890319,"[0, 1, 2, 3]",10.025
0.24006430220878827,-0.3386331174295729,-0.6012645107900065,0.6614908841072773,-0.7476602493544229,0.6084537683574358,0.1050320218919567,-0.3412528067132339,"[0, 1, 2, 3]",136.18800000000044
-0.31928583719860426,0.5284038556694877,0.8771059614700161,-0.47563844859121307,0.011041007964808225,-0.8824573907607345,0.621425088224109,0.8238240269161314,"[0, 1, 2, 3]",9.021000000000003
-0.18549138262197284,0.6441644168393941,-0.2659607389758647,-0.3094992701504078,0.021997394985185492,0.8334623186998984,-0.9484562520369941,-0.48292932984095494,"[0, 1, 2, 3]",18.044999999999998
