weight_holes,weight_height,weight_bumpiness,weight_line_clear,weight_hollow_columns,weight_row_transition,weight_col_transition,weight_pit_count,weight_to_consider ,score
0.10255843287652766,-0.9507909055983108,-0.11907788485430149,-0.8783151431621299,0.0601092932626901,0.8474713161343042,0.5600803064969613,-0.8209298909325371,"[0, 1, 2, 3]",455.36099999999766
-0.28573595116317807,-0.0773853397172024,0.6125085778033661,0.10118516400266464,0.08103506543957617,-0.0663077584403231,-0.43370493516503306,-0.5549329778771797,"[0, 1, 2, 3]",15.039999999999997
-0.035429425977118845,-0.37740939211676805,-0.4652026886710283,-0.2992125064011477,-0.49367362963146766,-0.530641171269977,0.4717801974313758,-0.8596409387076684,"[0, 1, 2, 3]",229.25300000000084
0.8517695627945829,-0.013982831992498168,-0.7977736802255242,-0.02290343389848548,0.634999180298568,0.8834617973952397,0.7057466976236044,0.8630350701942386,"[0, 1, 2, 3]",21.050000000000004
0.14381646331589937,0.2389720533302444,0.5807257142920661,-0.8010450645111131,-0.08393308800139665,-0.25237871026205916,-0.47490675192767706,-0.9453570189340041,"[0, 1, 2, 3]",10.017999999999999
0.18030974281349876,-0.7036018279433376,0.13405741644421476,-0.5727656165418384,-0.2827799037154606,-0.13268048232835783,0.5654967137764109,0.46037584215627425,"[0, 1, 2, 3]",17.041
-0.596376065040044,-0.9756871937911593,0.49159830471995014,0.434930806914706,-0.5662044119338683,0.3775392710689933,-0.9019337060566655,-0.876929982803752,"[0, 1, 2, 3]",23.06600000000001
-0.06825132565050884,-0.3465504581268948,-0.04666927980948632,-0.19230673381187624,0.13107228520565029,-0.23446233580217268,0.6660427959597055,0.767895305680941,"[0, 1, 2, 3]",518.3659999999979
0.1282399524027682,-0.5223713800225989,-0.9887922307128725,0.3076503765115497,-0.8828899179218963,-0.8765462675986817,-0.08207538631061584,-0.5379792215256636,"[0, 1, 2, 3]",272.29600000000045
