weight_holes,weight_height,weight_bumpiness,weight_line_clear,weight_hollow_columns,weight_row_transition,weight_col_transition,weight_pit_count,weight_to_consider ,score
-0.9497924300856502,-0.5599295032159921,-0.22303377207700703,-0.09042674134705209,-0.6465041250578667,-0.06967772067861255,-0.348793724371403,-0.36136708124296435,"[0, 1, 2, 3]",344.3719999999989
-0.95321399557566,-0.9665380124264276,-0.1358368851335896,0.04496960456302923,-0.8037001107985471,0.5084195468511108,0.3516726741483267,-0.5175672588628843,"[0, 1, 2, 3]",341.3669999999988
0.12199234579609453,-0.21744268964650093,0.915029242446521,-0.2190162460409506,-0.1904011056010224,0.3573832619833621,0.8886449446540814,0.7017630477631667,"[0, 1, 2, 3]",14.040999999999995
0.03342000563331493,-0.8178394579739527,-0.5246298885066638,0.08234634250786321,0.3413521122509804,-0.546466792062936,0.8401051701372289,-0.8905438465104276,"[0, 1, 2, 3]",332.3679999999993
-0.6788789285821977,-0.5475167004574346,-0.6042220343983757,-0.44455025477930743,0.28965715341508513,0.8859064062806057,0.536528963799324,0.5430254700524102,"[0, 1, 2, 3]",370.36199999999803
0.8252601815635618,-0.27458796935524976,-0.8468649625320981,-0.31800336704598386,-0.6256953159013889,0.8325051287934813,0.49947345856410297,-0.41210892449070835,"[0, 1, 2, 3]",24.05900000000002
-0.9860463223519311,0.6499010043276887,0.2984972523937486,-0.36848126087755784,0.5981673647301282,0.029601093269300938,-0.13899021842372683,0.7145150942975942,"[0, 1, 2, 3]",15.040999999999995
-0.9877562864100979,0.5312752966806635,-0.38591786191003363,-0.9699454897289452,0.12297268135775141,0.07869998703658987,0.899476885227352,0.6693135789147695,"[0, 1, 2, 3]",35.08100000000003
0.7054058510169416,0.9490114637625608,0.49445777776374733,-0.3696197702877273,-0.048704469109307924,-0.5184956455090581,0.6166907571845544,-0.1544290277243754,"[0, 1, 2, 3]",13.030999999999995
