weight_holes,weight_height,weight_bumpiness,weight_line_clear,weight_hollow_columns,weight_row_transition,weight_col_transition,weight_pit_count,weight_to_consider ,score
-0.8763745042686357,-0.8548918228899867,-0.6872497601069834,0.6610416905384566,0.8988626805998146,-0.8721182363049036,-0.3877985328188518,0.23860063599726278,"[0, 1, 2, 3]",382.3699999999981
0.8425970964001579,0.5674307563990635,-0.7131405466338492,0.42189778628210495,-0.22185834434654694,0.3160846784062672,0.7232565217679878,0.015733603190252632,"[0, 1, 2, 3]",20.046999999999997
-0.8808031341543658,-0.7292489142521972,-0.21042272367219583,0.5810192408414419,-0.7167803984698058,0.21607408523044858,0.9247322920675605,-0.6968473198389031,"[0, 1, 2, 3]",374.3659999999977
0.9917490053338587,0.6449710841620977,0.45188682836698546,0.2909965439970801,0.2462852160244411,0.9437538299173454,-0.9306050406099005,0.3558322047283127,"[0, 1, 2, 3]",11.029
0.6113969779959523,0.525562362135841,-0.20701276702980342,0.3022706865494751,0.22365632301731364,-0.23162066645363688,0.8363927906172268,0.5902532254914172,"[0, 1, 2, 3]",13.026999999999997
-0.6961027453114361,-0.5998037803194185,0.7787687250612749,0.612733505265411,0.4110516604964627,0.21165735597629354,0.17370378077200677,0.14344982836117448,"[0, 1, 2, 3]",19.045999999999996
0.10255843287652766,-0.9507909055983108,-0.11907788485430149,-0.8783151431621299,0.0601092932626901,0.8474713161343042,0.5600803064969613,-0.8209298909325371,"[0, 1, 2, 3]",427.3649999999976
0.7204361282970877,0.7827289712882355,0.8310211208170557,-0.6040291290165658,-0.8496725135891152,0.21570328431063324,0.3946969729056433,0.15613562329821007,"[0, 1, 2, 3]",11.024
-0.7534981197502126,-0.8546951061868129,-0.4755330521722132,0.9190118060210823,0.7386174480766969,-0.6867446239969737,0.3883203671002171,-0.4407797005061922,"[0, 1, 2, 3]",371.36099999999783
