weight_holes,weight_height,weight_bumpiness,weight_line_clear,weight_hollow_columns,weight_row_transition,weight_col_transition,weight_pit_count,weight_to_consider ,score
-0.45721905410160724,-0.5148379779412229,-0.3169882927693213,0.5526692808158695,-0.6888663263955255,-0.29360518425559334,-0.38637431762668606,0.6813996953023858,"[0, 1, 2, 3]",378.3619999999976
-0.1734665059164795,-0.9661421315865035,0.2970073763851466,-0.7219594163640473,0.9894062908581533,0.8774304372066135,0.9068977285188169,0.7820136962724209,"[0, 1, 2, 3]",12.022999999999998
0.697337006559013,0.6734253503202037,-0.6767404089593914,-0.6358660954289563,-0.8404624506595628,0.9725448952676079,-0.9393739673219357,-0.3814816815130999,"[0, 1, 2, 3]",12.032999999999998
0.47798606259834164,-0.43195325322234557,-0.8066945867051052,0.5449602246469307,-0.07038315270928663,0.980598189101614,-0.23244187717485665,0.16046383080171078,"[0, 1, 2, 3]",75.12199999999999
0.08225856250797525,-0.264557162364234,0.6996005650523549,0.4001635685453022,0.120012828626755,-0.2096522735447306,-0.5029625468627175,-0.18298224345279257,"[0, 1, 2, 3]",15.041999999999993
-0.3610996951587775,-0.24798692630444252,0.7441315394075372,0.08384449090822743,0.10265896767361027,-0.9740622392672453,0.3672271390689992,-0.7864146403864352,"[0, 1, 2, 3]",12.030999999999997
0.7339823319232066,0.9937674713786804,-0.6487304893576635,-0.23014158384610983,0.3120769452786323,-0.5895654663265035,-0.4312552802485423,0.09432442225706206,"[0, 1, 2, 3]",13.030999999999997
0.2600406255508003,-0.8644626757549398,-0.3985866761694403,-0.6199667134808822,-0.2582766877636513,-0.8384935840120893,0.5640979545864484,-0.8443160677453632,"[0, 1, 2, 3]",360.36399999999844
0.7089430383662791,0.6174885392533704,-0.9889374660674435,0.40095558495006545,0.6607030851835418,0.6336033047271974,-0.3038114821867064,-0.6993539460802738,"[0, 1, 2, 3]",16.035999999999994
