weight_holes,weight_height,weight_bumpiness,weight_line_clear,weight_hollow_columns,weight_row_transition,weight_col_transition,weight_pit_count,weight_to_consider ,score
0.030071692925247806,-0.8100977812545918,-0.2218988171166223,-0.05314911227852526,-0.344471739871536,0.0052159511047604745,0.048385025750536936,0.12372940335546434,"[0, 1, 2, 3]",367.3689999999981
0.9783432577853921,0.16179998493128678,0.7997775025164753,-0.986931930455186,0.5638995900982766,0.20787684516185378,-0.43039129903280227,0.540518759041247,"[0, 1, 2, 3]",13.028999999999996
0.6525396312355041,-0.8978693260005841,0.15729486643643886,-0.2586875799445314,0.06054350604039915,0.522221743532653,-0.15664272071735885,0.907436696521315,"[0, 1, 2, 3]",14.043999999999993
-0.8941379170925667,0.8496283158812956,-0.7200472604115913,-0.7889343431847828,0.4607455077571547,0.5493380897987941,-0.7687712051634721,-0.5396457243481647,"[0, 1, 2, 3]",33.07800000000003
-0.855435662621661,0.44263867123650336,0.9212579086826285,-0.45612041723421437,0.45103210174522745,0.8652618063364761,-0.5847582190639424,0.07704389047546045,"[0, 1, 2, 3]",12.030999999999999
-0.47605599340716864,-0.2712900694459284,0.6472715997385323,-0.5005490706378297,0.06345114765384263,0.6305820335007044,-0.4940705445079572,-0.5477903185634752,"[0, 1, 2, 3]",14.035999999999996
0.9296900828415242,-0.6950828741659734,-0.12903115430566192,-0.7204727794507952,-0.549212199755988,0.7762936801709925,-0.498297685833369,-0.9498165057878061,"[0, 1, 2, 3]",30.059000000000037
-0.33140006211943174,-0.533521685592701,-0.6699362878272113,0.14909632302279263,0.4340152190680302,0.025363812949579012,-0.2751061068106744,0.3475427671501903,"[0, 1, 2, 3]",379.36099999999806
-0.7108811664671273,0.8902702403863654,0.8026220308996368,-0.0045758371325650415,0.9677459174661949,0.5049975103345414,-0.4729883829343231,0.11365481998405058,"[0, 1, 2, 3]",8.016000000000002
