weight_holes,weight_height,weight_bumpiness,weight_line_clear,weight_hollow_columns,weight_row_transition,weight_col_transition,weight_pit_count,weight_to_consider ,score
-0.4033057170220373,-0.5776778823663056,-0.40434784163158266,0.23797436291245933,-0.5185443202073807,-0.850059891011482,-0.34879944739559376,0.37383029031728277,"[0, 1, 2, 3]",315.3769999999994
-0.7475095451591136,-0.2218675006061781,-0.6868841945651696,-0.8001869183426749,0.019641942171047644,-0.2879854023769768,-0.3568665859714757,-0.746506724059564,"[0, 1, 2, 3]",370.3619999999979
-0.39947445151913663,0.19115410846892567,0.4729612715082363,0.9841777827560296,-0.5481307944468061,0.19496169517907647,-0.2868972341421405,-0.06691522430425945,"[0, 1, 2, 3]",15.038999999999994
0.5964957061628908,-0.30333106377387686,-0.8853528295922999,-0.9494198394252051,0.966619399843105,0.04731539638314364,0.3066304308308634,-0.9308802470908464,"[0, 1, 2, 3]",28.073000000000025
-0.7206989487757636,-0.05159186811782668,-0.2572044066594279,-0.9720389097067457,0.6454751293084555,-0.9006491085060744,0.2640150940956332,0.394830782166703,"[0, 1, 2, 3]",75.11300000000003
-0.43048994346428704,0.019957141143020163,-0.3018877181368971,0.04495366117453026,-0.42162229672642737,-0.12704612916707414,0.010764959705718002,-0.8669115578280497,"[0, 1, 2, 3]",390.3619999999976
0.04987183046803256,-0.797901123817303,-0.47211451686609296,0.6307134980367324,0.699051466381823,0.4089446145698352,0.5741435368139698,-0.5899160387265712,"[0, 1, 2, 3]",379.3569999999977
0.2423090856809038,0.7680496026330748,-0.8710817032756675,0.16533965743903933,-0.25550913741955084,0.2564741739756997,0.7228539844412756,0.6186814982165008,"[0, 1, 2, 3]",21.051999999999996
-0.8628376510573486,-0.778847946731074,-0.9790348172382197,-0.7712796291244133,-0.026733058456117842,-0.3628511934713943,-0.8741151344990279,-0.13734995788022242,"[0, 1, 2, 3]",400.3639999999977
