weight_holes,weight_height,weight_bumpiness,weight_line_clear,weight_hollow_columns,weight_row_transition,weight_col_transition,weight_pit_count,weight_to_consider ,score
-0.8763745042686357,-0.8548918228899867,-0.6872497601069834,0.6610416905384566,0.8988626805998146,-0.8721182363049036,-0.3877985328188518,0.23860063599726278,"[0, 1, 2, 3]",443.36499999999717
0.24876720761006377,-0.3960053166053883,-0.8042431630668236,-0.743594733951817,0.5523744173194864,0.09837369798144802,-0.30404239685290624,0.5951847040415785,"[0, 1, 2, 3]",328.363999999999
-0.3851221555794331,0.7278435312329661,0.062350980714629856,0.03991234236020724,-0.17801617158038918,-0.22071305489347348,0.4651202259014162,0.4633588840615439,"[0, 1, 2, 3]",15.033999999999994
-0.6688993544310535,0.32619256895228577,0.05346334190659752,-0.7007494484253323,0.7377862472775254,0.797325084810067,0.48912390373039005,-0.8627144102771709,"[0, 1, 2, 3]",12.034999999999995
-0.1624886107668082,0.44811636728232385,-0.06377385809797786,0.5197822917608335,-0.25166808714082145,-0.03351528798593728,-0.7212482287214812,-0.3125596826938237,"[0, 1, 2, 3]",12.029999999999998
-0.02020448098716754,-0.6279235624035526,0.9366432739969344,0.4753796355587345,-0.5144058015796282,0.38280497812044234,-0.04765883769554513,0.020608762160805982,"[0, 1, 2, 3]",12.032999999999998
-0.7937708551279761,-0.88097565044771,-0.6523286009127465,0.7466498082569148,0.9329967418348677,-0.2710904883848586,-0.2678635792881323,-0.4552534162556112,"[0, 1, 2, 3]",389.3669999999978
0.2756423890209405,-0.1695746648449823,0.5559201757572934,-0.7145718132463708,0.32284486288021164,-0.9242895618491904,-0.6262256091902152,-0.5970886832607278,"[0, 1, 2, 3]",8.015
0.0946251644314835,0.6328309304150654,-0.1348069555787803,-0.6093736448400064,-0.6638599051984038,0.5407313067989394,-0.6559239238496695,-0.29940020502587195,"[0, 1, 2, 3]",14.030999999999993
