weight_holes,weight_height,weight_bumpiness,weight_line_clear,weight_hollow_columns,weight_row_transition,weight_col_transition,weight_pit_count,weight_to_consider ,score
-0.6324194412718809,-0.06845120504577218,-0.06357047642469871,0.8190942734664821,-0.7156662161446865,-0.4411142235473817,0.4922787957909256,-0.7804543815041256,"[0, 1, 2, 3]",380.36799999999744
0.8457505706630597,0.12528020523894923,0.8160707441362889,0.5152506796195422,0.42223213828681594,-0.8495637853769602,0.6063732411566947,-0.3366439686262819,"[0, 1, 2, 3]",12.026000000000002
0.6919099324578102,-0.6493186937612605,0.8541946537434137,-0.799647499447594,0.32806877581730354,0.37489618696535,0.8396924546289903,-0.826705034744214,"[0, 1, 2, 3]",14.033999999999997
0.34401129459141644,0.03408122846708106,-0.6894393377967596,0.15732291975144053,0.2995341406428198,-0.9637567424347417,0.22445524324126542,-0.7718224230105886,"[0, 1, 2, 3]",17.040999999999997
0.3094687663458042,0.48485067419823435,-0.8480776825643888,0.2584771442025673,-0.21698833796336947,-0.5501065537765177,-0.39121419402243585,0.4493785977749336,"[0, 1, 2, 3]",19.049999999999997
-0.4412404170545139,0.6611755235848618,-0.3304936337420523,0.855111766861284,-0.31686402547112613,0.2815655909197803,0.18427635461562053,-0.07750582870145117,"[0, 1, 2, 3]",23.061000000000007
-0.5602289436203669,0.2350605333316771,-0.12030621862969548,0.06662911153204631,-0.7695407877738993,-0.5699906131477412,0.6977575544332955,-0.2946578713051218,"[0, 1, 2, 3]",35.08400000000003
0.16275512678346704,0.135241327852337,-0.14019289864396467,-0.10319350974125063,-0.48742239284967237,-0.8166075895521219,-0.37357611709142713,-0.5887888879332304,"[0, 1, 2, 3]",15.038999999999994
-0.19678881881633847,-0.23299428553215362,-0.17266289378130883,0.2524215625227968,-0.8189306809552137,0.695103939471289,-0.07136123444953801,-0.28905314047028474,"[0, 1, 2, 3]",353.36699999999854
