weight_holes,weight_height,weight_bumpiness,weight_line_clear,weight_hollow_columns,weight_row_transition,weight_col_transition,weight_pit_count,weight_to_consider ,score
-0.8763745042686357,-0.8548918228899867,-0.6872497601069834,0.6610416905384566,0.8988626805998146,-0.8721182363049036,-0.3877985328188518,0.23860063599726278,"[0, 1, 2, 3]",327.37299999999925
0.46977611299071165,0.632114324809806,0.06204187750672996,0.008798578063537787,-0.9152223455611961,-0.8792463498251935,0.8224552304594293,0.7392923837840686,"[0, 1, 2, 3]",13.030999999999993
0.6171165674005372,0.6196188972746335,0.5992182979602261,-0.18280968939613707,0.5477469536877517,0.8728748167520921,0.14910105357889814,-0.2977472693498897,"[0, 1, 2, 3]",12.027999999999999
0.22030603087878098,-0.41320456728225374,0.2265944232873145,-0.366494104710424,-0.07425671058966632,0.5984705186034742,0.5382721267546033,-0.8485446938564676,"[0, 1, 2, 3]",13.041999999999998
-0.507855650211585,0.5132002949790238,-0.23428229030690995,-0.28231899361466417,-0.2157766213578396,0.6472994348380692,-0.005482248205325835,0.315353118332119,"[0, 1, 2, 3]",28.071000000000023
-0.3226917524708628,0.5581428843772325,-0.8442911863335947,0.7301099352536602,0.09608484355726876,0.15742626099996393,-0.1358935255075404,-0.528664417354002,"[0, 1, 2, 3]",29.075000000000028
-0.35115650484359673,0.4274131742213019,0.7921135321452306,0.8059494968487373,-0.09183313359333312,-0.9908781729719924,0.9007849353704984,0.37467639834340694,"[0, 1, 2, 3]",12.034
-0.4161811717835906,0.9791544297178782,-0.19565936788460214,0.39253642400022626,0.5293857660995585,0.766328088618452,-0.7034504497146294,0.5232817507904766,"[0, 1, 2, 3]",12.029999999999998
-0.36746793010648093,-0.0021406142667741435,-0.5593833996256903,-0.10134138681730431,0.18916493116757205,0.8919264678288505,-0.36794616415843895,0.5934582121032317,"[0, 1, 2, 3]",53.09199999999991
