weight_holes,weight_height,weight_bumpiness,weight_line_clear,weight_hollow_columns,weight_row_transition,weight_col_transition,weight_pit_count,weight_to_consider ,score
0.13038983446234975,-0.5858144960332357,-0.07229227863528598,-0.8279115079049917,-0.6234614954280993,-0.7116643732632764,0.9522880308967436,-0.19831786497761628,"[0, 1, 2, 3]",366.36999999999813
-0.8763745042686357,-0.8548918228899867,-0.6872497601069834,0.6610416905384566,0.8988626805998146,-0.8721182363049036,-0.3877985328188518,0.23860063599726278,"[0, 1, 2, 3]",440.35999999999694
-0.42175612609311286,-0.017560276241611827,-0.45133036841020235,-0.0820054328828983,-0.5459108262960675,0.07448238042965771,0.6395899911616911,-0.8341257992354671,"[0, 1, 2, 3]",232.26600000000087
-0.49491626580344095,0.611516430211652,0.20105703576281964,0.5256029035560645,-0.7387642710820845,0.2661441161798428,-0.8113603042134294,0.19172493886606268,"[0, 1, 2, 3]",13.029999999999998
0.9428805489275973,0.9021197797200984,-0.8176699424818834,-0.13239540568843777,0.1391842747630072,0.6338388054976594,0.8417319999525585,-0.08773625642311411,"[0, 1, 2, 3]",18.036999999999992
0.2431342762461477,0.26836284669697097,-0.3362943585402274,0.9905737480319201,-0.7333022608982058,0.411095123980721,-0.04278608723321309,0.01079045062264683,"[0, 1, 2, 3]",15.033999999999995
0.4554398740293262,-0.3405686712817808,0.4686482151593816,0.027094176778343693,-0.9689990852782608,0.7225566810944539,0.7699817558705813,-0.4093591788754989,"[0, 1, 2, 3]",14.041999999999994
0.5188866758349062,0.45053991227588686,-0.7765422932023185,-0.3909173296307402,-0.15847431729123174,-0.339767626416005,-0.05722095671768335,0.10659032016164294,"[0, 1, 2, 3]",14.031999999999995
0.040854558248729855,-0.6885759574321098,-0.2890581771746026,0.9780495378587739,0.5775894126631738,-0.33593081126757407,-0.6554594410500925,0.5079950765183525,"[0, 1, 2, 3]",371.3609999999984
