weight_holes,weight_height,weight_bumpiness,weight_line_clear,weight_hollow_columns,weight_row_transition,weight_col_transition,weight_pit_count,weight_to_consider ,score
-0.4033057170220373,-0.5776778823663056,-0.40434784163158266,0.23797436291245933,-0.5185443202073807,-0.850059891011482,-0.34879944739559376,0.37383029031728277,"[0, 1, 2, 3]",353.36699999999877
-0.33594725359975275,-0.47219127030518115,-0.9018902569432976,0.29103448995772485,-0.6495787752980444,0.48555247215119546,-0.24132127676508786,0.33393068104242607,"[0, 1, 2, 3]",348.359999999999
0.43862161325209925,-0.2886163596105855,0.6890861803080466,-0.06954360543272431,0.024647961359695048,0.35621662926086817,0.27215849171903184,0.05632752842249067,"[0, 1, 2, 3]",14.036999999999997
-0.37354372268756353,-0.4233184481970662,0.997292078356333,0.704247022399314,-0.7767966643424844,0.7378261127979531,0.6589147335657828,-0.11956775733701064,"[0, 1, 2, 3]",14.033999999999994
-0.7894956491444991,-0.820358719868665,0.3492123023951754,-0.41032319707551124,-0.1291994029706729,-0.8147541378920315,-0.9935599873295147,-0.32338507418485296,"[0, 1, 2, 3]",19.05199999999999
0.17261461085254437,-0.7089191402155923,-0.39580830830420366,0.6906235915127759,0.4466787755277344,-0.6535699520477352,0.8961135118949548,0.14689576102304747,"[0, 1, 2, 3]",336.3679999999987
0.37284081301711414,-0.21963022948237776,-0.5457814667596332,0.8345512428941182,-0.2934549125381609,0.0966194980259365,-0.14810397004218157,0.3874870050703929,"[0, 1, 2, 3]",30.07700000000003
-0.06732369173590991,0.9674322181472805,-0.050059002419007514,-0.2795483323977175,0.44200016526731045,-0.11224452918106897,0.33536581820421785,-0.3459754213106363,"[0, 1, 2, 3]",15.035999999999994
-0.15252233340067511,-0.19982131017938065,-0.9877541942970809,-0.9031595713788956,0.12506460809512765,0.7273281879363322,0.9011645874689047,-0.11405227265330842,"[0, 1, 2, 3]",128.19000000000034
