weight_holes,weight_height,weight_bumpiness,weight_line_clear,weight_hollow_columns,weight_row_transition,weight_col_transition,weight_pit_count,weight_to_consider ,score
-0.6788789285821977,-0.5475167004574346,-0.6042220343983757,-0.44455025477930743,0.28965715341508513,0.8859064062806057,0.536528963799324,0.5430254700524102,"[0, 1, 2, 3]",388.3679999999979
-0.09349098130162226,0.9640935999113078,-0.08662959309246587,0.24211667686855254,-0.36105799605949795,-0.4599345967777664,-0.6397245273715464,0.377870444394778,"[0, 1, 2, 3]",15.032999999999996
-0.32741777555676066,0.6340188404882965,-0.6363588605241166,0.6851274901251732,-0.3710067270172839,-0.4895644679667408,0.07510695963861092,-0.3081354373443057,"[0, 1, 2, 3]",25.061000000000014
-0.43556689303693963,-0.791726408908658,0.7002816544798167,0.915086856544129,-0.11106372877550341,-0.05530222674711438,0.9626189775466396,-0.9075595175877305,"[0, 1, 2, 3]",20.05399999999999
-0.3268675126714973,0.2570195742708701,-0.6958337322563954,-0.9773092650007533,-0.10096061372132725,0.13719430143338962,0.5561235709564147,0.7916518051763717,"[0, 1, 2, 3]",34.07700000000004
-0.8598116465417966,0.10484678008890347,-0.5958881741388573,-0.17691019277263953,0.3759762096019841,0.9842808709016884,0.6639461781946707,0.17119918544990442,"[0, 1, 2, 3]",90.12200000000021
-0.3393904810686763,0.2447203553518218,-0.7024402847841704,0.9495361884813427,0.6149390041356873,-0.24427316684279043,-0.5078700490237766,-0.5708820898827769,"[0, 1, 2, 3]",31.072000000000035
0.8490065368184139,-0.11920181930198859,-0.0031302686418586134,-0.33162991186748836,-0.9159060048700975,-0.46902596151729536,-0.17677350748830878,0.07636348553777572,"[0, 1, 2, 3]",13.023
0.27785449650798144,0.28061437935670486,-0.11645660283757886,-0.1189647872037145,0.23075582372973358,-0.005280579900235116,0.9686245303367924,-0.00970622002262167,"[0, 1, 2, 3]",17.04199999999999
