weight_holes,weight_height,weight_bumpiness,weight_line_clear,weight_hollow_columns,weight_row_transition,weight_col_transition,weight_pit_count,weight_to_consider ,score
-0.8628376510573486,-0.778847946731074,-0.9790348172382197,-0.7712796291244133,-0.026733058456117842,-0.3628511934713943,-0.8741151344990279,-0.13734995788022242,"[0, 1, 2, 3]",344.36399999999804
-0.8107034973609175,0.7049518510548529,0.8693609303853533,-0.8426464919456635,0.3343234029212374,0.3165647620081147,-0.0011351247554778343,-0.5855806439138256,"[0, 1, 2, 3]",20.052
0.1082644628734637,-0.24594671232234178,-0.830498764812367,0.2764622716462053,-0.14102179380363866,0.25976448578937683,0.4774918825849548,0.8593961656700062,"[0, 1, 2, 3]",58.10099999999995
-0.3074135641616855,-0.9058713178189832,0.48213562821213807,-0.8318167247368837,0.495194881889498,0.8912274746993629,-0.833126760296083,-0.38070966031136244,"[0, 1, 2, 3]",22.061000000000007
-0.9764344004915377,0.6476507395865267,0.4279126191110987,0.20027550357763269,-0.2540164489093901,0.7572913965309855,-0.7932416622040102,-0.9891966870485396,"[0, 1, 2, 3]",14.039999999999992
0.04042619225092081,-0.6006810208186661,0.7619632211210496,0.4557801801597281,-0.8346937776682484,0.7840368902307047,0.8440488301988538,-0.2617171816358057,"[0, 1, 2, 3]",17.047999999999995
-0.6833117379212268,0.40118575107672094,0.6632874307936951,0.9438253595744777,0.09045362319219397,-0.6384009413100655,0.43719203773710835,-0.9525393724343467,"[0, 1, 2, 3]",13.033999999999999
-0.06836312358782104,0.5793981557555121,-0.8377270962574681,-0.07389805692209284,0.740962157694379,-0.04966407955027763,-0.4946639076046804,-0.7241475029732818,"[0, 1, 2, 3]",28.075000000000028
0.4704479567921558,0.5314314392599786,0.47804798773748924,0.832136709850239,0.330864703015352,0.9072316311013591,0.9778468118483665,0.7288694030704479,"[0, 1, 2, 3]",14.036999999999994
