weight_holes,weight_height,weight_bumpiness,weight_line_clear,weight_hollow_columns,weight_row_transition,weight_col_transition,weight_pit_count,weight_to_consider ,score
-0.33140006211943174,-0.533521685592701,-0.6699362878272113,0.14909632302279263,0.4340152190680302,0.025363812949579012,-0.2751061068106744,0.3475427671501903,"[0, 1, 2, 3]",349.36699999999905
0.09608388972087245,-0.624554333216045,-0.2691370728332425,0.1288272625557707,0.6265838051841546,0.06898179832750806,-0.010808606396544684,0.22639560470035325,"[0, 1, 2, 3]",374.36199999999906
-0.5144469488687233,-0.8248922080142225,0.6229099062296759,0.5106698812861796,-0.7955007652469512,-0.8346115204858353,-0.27612749033589057,-0.7470882673438617,"[0, 1, 2, 3]",16.04499999999999
-0.120465545998242,-0.5400958596479657,-0.5651565687026976,0.19088700317621998,0.6048149386849946,-0.7712849933272099,-0.9846667520193497,0.6111512508257071,"[0, 1, 2, 3]",339.36499999999853
0.4230542875111798,-0.20370344591005285,-0.6398186843355862,0.19454603607264387,0.5173279661959338,-0.5401135850642398,-0.3315273758432795,0.4553183258473983,"[0, 1, 2, 3]",40.07999999999998
-0.44990587157347317,-0.7037966343917892,-0.6844032313102149,0.31164944685783036,0.07020696701739437,-0.6202899788110969,0.15953567727788376,-0.19355582456823117,"[0, 1, 2, 3]",326.36999999999875
0.2713403385570887,0.06725933148871155,0.6890144029907486,-0.9971650980735347,-0.19398569431647728,0.43849474763369267,0.7085761113968296,0.9912145938792629,"[0, 1, 2, 3]",12.028999999999998
0.5592264991496301,0.6777411964841689,-0.9240752269003352,0.7317965470578189,-0.30308770934921014,0.07901560773916727,-0.5230575771844042,0.921981044007607,"[0, 1, 2, 3]",16.036999999999992
0.9507906495316194,-0.45851582102292077,0.5095460910872616,0.15364916363524683,0.9293792487464643,0.4557914750058929,0.31720778447399556,-0.6568854970325506,"[0, 1, 2, 3]",10.023
