weight_holes,weight_height,weight_bumpiness,weight_line_clear,weight_hollow_columns,weight_row_transition,weight_col_transition,weight_pit_count,weight_to_consider ,score
-0.8763745042686357,-0.8548918228899867,-0.6872497601069834,0.6610416905384566,0.8988626805998146,-0.8721182363049036,-0.3877985328188518,0.23860063599726278,"[0, 1, 2, 3]",368.3679999999979
0.3633723996106051,0.44747158648665186,0.9969583420252601,0.5484840882347586,-0.9472102881166433,0.6609395163681104,0.5802365677803318,0.43688069668347973,"[0, 1, 2, 3]",10.028000000000004
-0.7747097935922058,-0.05784227556790422,0.6145889633953714,0.011892035378836763,-0.5820386093230796,-0.8728277929483808,-0.8805885581538784,-0.16673602625106665,"[0, 1, 2, 3]",14.030999999999999
0.9065566285906845,0.5347384230195158,0.08464346873192152,0.9817150184476664,0.5799539532209284,0.9443783397695009,-0.39563395822786385,0.5232786398707021,"[0, 1, 2, 3]",15.029999999999994
-0.24160700874508012,0.8856700783721825,-0.5562611234162138,-0.21953504747319963,0.9051469280074276,-0.6117042770435761,0.40009451097708104,0.5110118389684839,"[0, 1, 2, 3]",14.037999999999995
-0.47360778916450985,-0.3468167158191324,-0.8962824330013144,0.43731240270074023,0.8536512328603325,-0.18843896911672475,-0.5869933735673927,0.26342379283023964,"[0, 1, 2, 3]",327.3609999999992
0.6493497510600894,-0.2953015939808161,-0.9995465204540381,0.5555446296799753,-0.531584524530744,0.28391577139932855,0.9194662820301167,-0.6192468235582986,"[0, 1, 2, 3]",26.062000000000022
0.8962724216249416,0.751838828251491,0.6270111441857651,-0.06885581867874269,0.8580429148168192,-0.4237463995291373,0.45452214771359745,0.17025345348811705,"[0, 1, 2, 3]",12.028999999999995
0.03553952892845902,-0.2847246889883215,-0.18897332924273513,0.5896877937718794,0.955073727322155,0.718993975471683,-0.4375891869247621,-0.34142900106521146,"[0, 1, 2, 3]",362.3659999999988
