weight_holes,weight_height,weight_bumpiness,weight_line_clear,weight_hollow_columns,weight_row_transition,weight_col_transition,weight_pit_count,weight_to_consider ,score
-0.06825132565050884,-0.3465504581268948,-0.04666927980948632,-0.19230673381187624,0.13107228520565029,-0.23446233580217268,0.6660427959597055,0.767895305680941,"[0, 1, 2, 3]",383.36899999999787
-0.923278982825471,-0.3240384929072706,-0.30462681843910744,0.6134938533437517,-0.770522760909095,0.9193354590470968,-0.05047359643464677,-0.6108782431000206,"[0, 1, 2, 3]",389.3669999999977
0.36169497407963735,-0.29711417685650177,0.08457422907453482,0.8054116216855125,-0.24062921212489208,0.4018117290718952,0.9590743150813155,-0.96574633698429,"[0, 1, 2, 3]",10.023000000000001
-0.2801303038298666,0.4723330787647939,-0.583282776066645,0.25034073095095777,0.4889905428707413,-0.32772607878905924,-0.6209560177803151,-0.38284953856065695,"[0, 1, 2, 3]",23.061000000000014
-0.4425714257412452,-0.4982371908511787,-0.21536515244296472,-0.17571223658915325,-0.9955596920074765,-0.31358118518607436,0.0023190562865895714,-0.770055456607037,"[0, 1, 2, 3]",381.3629999999979
-0.6870952928155509,0.49694553296416055,0.6849093974990157,-0.08911165720676628,-0.9378943223586904,-0.24078274219786588,-0.9215028739590672,0.2957591328728981,"[0, 1, 2, 3]",13.027999999999997
-0.7180279109449996,0.6122916729882706,-0.40053152877108733,-0.5213456299384416,-0.15875564522753427,0.3614290010781922,0.4618706301009279,0.1646891757700848,"[0, 1, 2, 3]",29.05800000000002
-0.5497230181183901,-0.5534194525868128,-0.3428254062340328,0.8828835509763571,-0.39521591166308734,-0.2530111313394987,0.6417204199407904,-0.8896946597945723,"[0, 1, 2, 3]",407.3649999999974
-0.588965150890324,-0.5849320917346679,0.13517476024233255,0.572593695549068,0.9888463879865195,0.346131421833342,0.17985588814290043,-0.6172340577992206,"[0, 1, 2, 3]",15.042999999999996
