weight_holes,weight_height,weight_bumpiness,weight_line_clear,weight_hollow_columns,weight_row_transition,weight_col_transition,weight_pit_count,weight_to_consider ,score
-0.8763745042686357,-0.8548918228899867,-0.6872497601069834,0.6610416905384566,0.8988626805998146,-0.8721182363049036,-0.3877985328188518,0.23860063599726278,"[0, 1, 2, 3]",358.3659999999984
0.716684016790806,0.7797894588211045,0.7870495594145612,-0.2569041465583666,0.4474253451159431,-0.5574549814414036,-0.859829966041618,0.8207797367714544,"[0, 1, 2, 3]",15.032999999999996
-0.9359796153831383,0.39517637294993513,-0.007888170418551388,0.27143395739305,-0.025966904777429578,0.23032020223271288,0.5333796112359928,0.13376340498775052,"[0, 1, 2, 3]",30.07000000000003
0.853468833758098,-0.1456155110329922,0.6737187673303653,-0.46734875622800653,-0.12205538053643661,-0.22650752122823792,0.7150003773757174,-0.35009983206222706,"[0, 1, 2, 3]",10.026
0.641286746899776,0.4488354955248559,-0.29291990868679374,-0.29246309064134035,-0.5296405937739663,-0.6199812856793239,-0.7187029173045334,0.5655511123898735,"[0, 1, 2, 3]",16.038999999999994
0.7132304941875987,-0.08092014269804748,0.42524010624381203,-0.09883953834763415,-0.07873290424024071,0.741137240530918,-0.03844314722045716,-0.3730624951208579,"[0, 1, 2, 3]",15.034999999999997
-0.4977807512405026,0.6664626108492389,-0.8295605935200312,0.4868703098973379,-0.30561141145356197,-0.3639323615740535,-0.40606053001138975,-0.06683314527658024,"[0, 1, 2, 3]",28.068000000000023
-0.43728573588986697,0.31790864694567444,-0.6729199566812356,-0.6124595304330671,0.8449980230938823,-0.9747249881165447,-0.9359740286316036,-0.9089015956724438,"[0, 1, 2, 3]",34.07000000000003
-0.7217893084343905,0.47999500331884826,-0.9799680896760445,0.014113059448935816,0.23143455875931607,-0.6747672141801686,0.19173001504552523,-0.03586347824858516,"[0, 1, 2, 3]",37.070000000000014
