weight_holes,weight_height,weight_bumpiness,weight_line_clear,weight_hollow_columns,weight_row_transition,weight_col_transition,weight_pit_count,weight_to_consider ,score
-0.6324194412718809,-0.06845120504577218,-0.06357047642469871,0.8190942734664821,-0.7156662161446865,-0.4411142235473817,0.4922787957909256,-0.7804543815041256,"[0, 1, 2, 3]",483.36499999999785
-0.7486883811274527,-0.25075778431136375,0.09986674645069238,0.6892773137516846,-0.11014433323499229,0.9826407548556035,-0.10716556636216912,0.24079644284579738,"[0, 1, 2, 3]",15.039999999999992
0.5276803082679369,0.9769962606635891,0.9423063454622309,0.6660133629929228,-0.036058807970667184,-0.9636019825291353,-0.7488087688725109,-0.8379138068024468,"[0, 1, 2, 3]",11.027000000000003
0.6496539974085414,0.06471301168095644,-0.789266727789445,-0.5856674844775036,0.5685689190255987,-0.42094655631068734,0.49386264034545624,0.5706460925870973,"[0, 1, 2, 3]",19.045
0.17404428898867108,0.6023324540945014,-0.8569897759134446,-0.5039932607401081,0.6951244796547948,-0.5641103651016206,-0.5975005487614136,-0.4913627981532913,"[0, 1, 2, 3]",22.058000000000007
-0.2540064565154574,-0.9390973466582089,0.5458777249641427,-0.3982787971814059,-0.622961659024144,0.9270177630500664,-0.8783781172366558,-0.04645381580766861,"[0, 1, 2, 3]",13.030999999999995
-0.8668324440736506,0.8805647249514095,0.8142552484447985,-0.1541279254829988,0.07069654659487656,-0.4402984471048006,0.8641570623054429,0.9624533217804896,"[0, 1, 2, 3]",10.025
-0.5540406978970682,-0.09848249458599856,0.6567883597705775,-0.5251669622968946,-0.05068138765737484,0.2055487108915206,-0.9244465958344892,0.6200283301962899,"[0, 1, 2, 3]",13.035999999999998
-0.5463281258223647,-0.2528084840378302,-0.3600159854576155,0.9276843193139037,-0.8833253448367993,-0.015262420744424299,-0.5926688293366809,-0.03434039872823291,"[0, 1, 2, 3]",346.3659999999985
