weight_holes,weight_height,weight_bumpiness,weight_line_clear,weight_hollow_columns,weight_row_transition,weight_col_transition,weight_pit_count,weight_to_consider ,score
-0.6324194412718809,-0.06845120504577218,-0.06357047642469871,0.8190942734664821,-0.7156662161446865,-0.4411142235473817,0.4922787957909256,-0.7804543815041256,"[0, 1, 2, 3]",376.37199999999814
0.17569974937845223,-0.7413103613781993,0.9350581960797375,0.4524508218510632,-0.31973239455042757,0.28812305961769935,-0.2865820082645367,-0.4374545567043959,"[0, 1, 2, 3]",17.043999999999993
-0.8604672111414169,0.9148656064096794,-0.08987986240921231,0.9745379460848416,-0.943136027376108,0.25568540575947507,0.7012250947886032,-0.8446370034509474,"[0, 1, 2, 3]",26.062000000000015
-0.9577223206800116,-0.7753294817005059,0.7924515685736437,0.3388846415724991,0.9810353428075382,-0.24250077668612202,-0.7151264542077493,0.12017507100835201,"[0, 1, 2, 3]",17.05199999999999
-0.24680449571155338,0.05996767202594344,0.7548538398418505,-0.3613918536221903,0.0753539607673499,-0.19302551865569129,-0.8981809805260192,-0.3457228085919626,"[0, 1, 2, 3]",14.036000000000001
-0.8002685406053613,0.25373916120453854,0.28415189775086525,0.1418158788479411,0.03202031721218579,-0.23407008110617955,0.7746894367297623,-0.1702012852795134,"[0, 1, 2, 3]",15.047999999999991
0.12534813609539652,0.490000393331689,-0.4586847550799491,-0.5280621215482979,-0.3301346954488993,-0.21022151901261932,-0.058711149363947834,0.6155770185950302,"[0, 1, 2, 3]",19.043999999999993
-0.3190064797782435,0.5551772994156994,-0.7324535851176419,0.06371334199013012,-0.5779138437717495,0.17050109434027383,-0.6646874616455618,-0.5553333764435364,"[0, 1, 2, 3]",28.06700000000003
0.9353802676082474,0.1328821072870472,0.9129967607718543,-0.2357689254732258,0.099779604143031,0.837688481910664,0.25863004653513677,-0.9998387561301836,"[0, 1, 2, 3]",11.025
