weight_holes,weight_height,weight_bumpiness,weight_line_clear,weight_hollow_columns,weight_row_transition,weight_col_transition,weight_pit_count,weight_to_consider ,score
-0.8763745042686357,-0.8548918228899867,-0.6872497601069834,0.6610416905384566,0.8988626805998146,-0.8721182363049036,-0.3877985328188518,0.23860063599726278,"[0, 1, 2, 3]",363.3649999999985
0.4337252410147989,0.4036427702483265,0.40300841953813804,0.021948849177049423,-0.9243077464630671,-0.7172400578423919,0.932430667279964,-0.45081212567931517,"[0, 1, 2, 3]",13.027000000000001
0.31655441287427144,-0.3969134425678982,-0.6740976313284444,-0.32759161234793877,-0.3187968592642674,-0.40358338520369763,-0.20018503475647775,0.8776944706401346,"[0, 1, 2, 3]",117.1550000000002
-0.12694647101519307,0.24099458883185165,-0.16813538987672327,0.2691097372718996,-0.5521751573312073,0.5393212058859327,-0.39346941685749437,0.6550947418745037,"[0, 1, 2, 3]",21.052000000000003
0.3396458433164238,-0.2439445113001486,0.6205105497802792,0.4704989766804497,0.6798590702787166,0.32746126129052366,0.6672956857140584,-0.8009833651468752,"[0, 1, 2, 3]",8.017000000000003
-0.6049352877487446,0.7991542774684646,-0.0930747211717613,-0.7609012842915204,-0.9850665682229165,0.8275182730771584,0.8164387597206806,0.07281038083691982,"[0, 1, 2, 3]",15.038999999999996
-0.8302272848826622,-0.5781801879687918,0.6444899089406393,0.8749142083766657,0.7474971617942008,0.5290133011599605,0.2986919635758507,-0.9204723691846683,"[0, 1, 2, 3]",14.030999999999997
0.04245060408047174,0.1577112434031982,0.487736378694555,-0.22020697873386896,-0.50312381453962,-0.9511041686769386,-0.14936242857825266,0.2659530652419939,"[0, 1, 2, 3]",11.027000000000003
-0.6794025495684339,0.7299899018509075,-0.5659531196256249,0.6112321365459252,-0.1051082509155834,0.8231481225332404,0.1001270569796604,-0.4321099728925024,"[0, 1, 2, 3]",26.06000000000002
