weight_holes,weight_height,weight_bumpiness,weight_line_clear,weight_hollow_columns,weight_row_transition,weight_col_transition,weight_pit_count,weight_to_consider ,score
-0.6115151063351638,-0.3628357905474635,-0.26461333703035095,-0.2885847790044833,0.9680220591510815,-0.07978453845494893,0.673307596329229,-0.02965963988749598,"[0, 1, 2, 3]",388.3679999999986
-0.292454214992768,-0.9233591698922881,-0.9536080915903913,-0.7070714049159803,0.5123149853391049,0.7730016791057157,-0.17899244983843188,-0.8996119581032345,"[0, 1, 2, 3]",358.36599999999794
0.13038983446234975,-0.5858144960332357,-0.07229227863528598,-0.8279115079049917,-0.6234614954280993,-0.7116643732632764,0.9522880308967436,-0.19831786497761628,"[0, 1, 2, 3]",424.35999999999774
0.9935146594613382,0.3459336343154582,0.021239595601537653,-0.6737183324878429,-0.06973830614867249,0.9174044810538102,0.9165675937765894,0.16696607982753897,"[0, 1, 2, 3]",13.033999999999999
-0.10652449306993295,-0.2595509388739028,-0.5980543450375306,0.8809882953605825,-0.2686701073468274,0.8011968982236921,-0.12453906051946562,0.6832421205543204,"[0, 1, 2, 3]",347.3609999999985
0.08169267736136132,0.6362091148541114,0.5774483183465164,-0.28074066497317607,0.26001673744983367,-0.4210385866806021,-0.7581623868857212,-0.2174797458690827,"[0, 1, 2, 3]",11.025
-0.5290871151312633,0.208079154833954,0.30926330204616415,-0.30372272452327476,-0.6349696047321518,0.5646581190757818,0.81204490289258,0.007816132931727449,"[0, 1, 2, 3]",18.04799999999999
-0.6167589520646994,0.27172461707110096,-0.1498376666000536,0.978565220918592,-0.4529097540031166,-0.44375717759713407,0.5509535176729385,0.37260826849106965,"[0, 1, 2, 3]",29.07600000000004
0.581309201389846,-0.10667385132842044,0.015452950738157556,0.23072744550482027,-0.3219802461691976,0.17980728934902523,0.0723424776052104,0.19761888451870435,"[0, 1, 2, 3]",15.035999999999996
