weight_holes,weight_height,weight_bumpiness,weight_line_clear,weight_hollow_columns,weight_row_transition,weight_col_transition,weight_pit_count,weight_to_consider ,score
-0.6324194412718809,-0.06845120504577218,-0.06357047642469871,0.8190942734664821,-0.7156662161446865,-0.4411142235473817,0.4922787957909256,-0.7804543815041256,"[0, 1, 2, 3]",404.36799999999795
0.43199532433295573,0.7661895168710342,-0.8778576813121328,0.18548744409252405,0.6867753769815106,-0.3508185779153705,0.7637649943386993,-0.9442302926080706,"[0, 1, 2, 3]",15.036999999999995
0.13558571599697378,0.05745854774468184,0.9102120757386132,0.015198885527527128,-0.474309027979704,-0.915073044923524,-0.6798365955989742,0.1925024399311943,"[0, 1, 2, 3]",9.019
-0.21477587552515942,0.1570431614300949,0.647483715829321,-0.7482742911006957,-0.64149903490645,-0.12126385090231029,-0.07370718202541293,0.1511364479171895,"[0, 1, 2, 3]",12.033999999999999
0.5056756920817107,0.24878477573972457,0.552051626158905,-0.9593850660799712,0.17286099185873516,-0.2602120781773387,-0.9670853815103178,0.258609656706283,"[0, 1, 2, 3]",10.024000000000003
-0.17036503826608462,0.7216261892228244,0.211970660718382,0.06159927092647344,-0.5231353510397376,-0.6401060122915663,-0.37246394307317887,-0.7561662011843027,"[0, 1, 2, 3]",12.020999999999997
0.09887768346287129,-0.0023667268728115864,-0.844894984976658,-0.07369813652637003,0.6630897853533397,-0.972627536172874,-0.7009346132113712,0.7959442298730921,"[0, 1, 2, 3]",27.068000000000023
-0.7280094980698382,-0.19870587469114254,0.4513829889643941,0.8769509902657888,0.8323638472500909,-0.5830040718169209,-0.916234958681178,0.6504256949595499,"[0, 1, 2, 3]",13.022999999999998
0.12731507298610456,0.7531721380131962,-0.27139732047496135,-0.7259167155398307,-0.8190452390782199,0.3581960370366497,-0.060810807429331426,-0.2816063695807638,"[0, 1, 2, 3]",12.025
