weight_holes,weight_height,weight_bumpiness,weight_line_clear,weight_hollow_columns,weight_row_transition,weight_col_transition,weight_pit_count,weight_to_consider ,score
-0.6324194412718809,-0.06845120504577218,-0.06357047642469871,0.8190942734664821,-0.7156662161446865,-0.4411142235473817,0.4922787957909256,-0.7804543815041256,"[0, 1, 2, 3]",396.3639999999979
-0.5397030268054375,0.038530138552076654,0.1565466627895269,0.31791297955986586,0.4510823505816661,-0.9276945009460613,0.9084354668604333,0.9816714654484502,"[0, 1, 2, 3]",14.035999999999996
0.1920666926766612,0.19394494345142443,-0.4229453047249607,-0.18145358230253672,-0.8400032266323956,-0.002675384866311248,-0.12453018578563135,-0.08346305730092451,"[0, 1, 2, 3]",24.057000000000013
0.3444509076556723,-0.8712240845892762,0.34423379719796876,-0.5059738673309477,-0.6360221140158329,-0.28124566274927654,0.934328145987833,-0.34986107174550996,"[0, 1, 2, 3]",15.039
0.5637582831997618,-0.20678188597707692,0.4929604125479057,-0.0710843809834727,-0.7964368573163396,0.43838261459875794,0.48426665530146007,-0.021846726523310878,"[0, 1, 2, 3]",10.025
0.7778792453074419,0.5610589198906766,-0.749724492640645,0.37353147091476013,0.23427927076644894,0.14395035700252956,-0.941533064731991,-0.737149954902115,"[0, 1, 2, 3]",14.031999999999996
0.1919141046817705,-0.3572929604631494,-0.8854340557465923,0.5188773943200002,0.2836403145733073,0.7668689967728737,-0.7226819205854575,-0.3878411901692076,"[0, 1, 2, 3]",288.3180000000001
-0.8281230672196038,-0.31302744965169804,-0.4030520699548752,0.012023156511340005,-0.19584135813451908,-0.3333864515285465,0.7108225195665208,0.7302255012804244,"[0, 1, 2, 3]",396.3639999999972
-0.9497924300856502,-0.5599295032159921,-0.22303377207700703,-0.09042674134705209,-0.6465041250578667,-0.06967772067861255,-0.348793724371403,-0.36136708124296435,"[0, 1, 2, 3]",410.365999999997
