weight_holes,weight_height,weight_bumpiness,weight_line_clear,weight_hollow_columns,weight_row_transition,weight_col_transition,weight_pit_count,weight_to_consider ,score
-0.4033057170220373,-0.5776778823663056,-0.40434784163158266,0.23797436291245933,-0.5185443202073807,-0.850059891011482,-0.34879944739559376,0.37383029031728277,"[0, 1, 2, 3]",340.3679999999987
0.18212432715136795,0.4162235778835961,0.08689488588727179,-0.34108768799322564,-0.3497931095430402,-0.162969973446637,0.7184755369022797,-0.08019156643059677,"[0, 1, 2, 3]",14.038999999999994
0.06171350338262371,-0.6671927123391554,0.6985880563395919,-0.8255002405501617,-0.38365123012988067,0.5005088943350491,0.11766095963011569,-0.21745084201337184,"[0, 1, 2, 3]",12.034999999999998
0.4620040716807321,0.48137657666339106,-0.5284202958712292,-0.9656894492435495,0.49427717594462917,0.044767714224478006,-0.043584752377865854,-0.07374712733146782,"[0, 1, 2, 3]",18.040999999999993
0.707038037744047,-0.2834721217746219,0.5994549664244493,-0.7205221712536372,0.6579272150674007,-0.6427719432756895,-0.5749311933950967,0.4333430606168338,"[0, 1, 2, 3]",11.027000000000001
-0.9045556587994785,-0.6118587292631468,0.9384033907649529,-0.34219461981066623,-0.22001864554810302,0.44811228892301025,0.4819322285957781,-0.46916017093746953,"[0, 1, 2, 3]",16.041999999999994
0.09319817048924417,0.9558540187154843,-0.6139560370180055,0.7792673491041018,-0.20797658254297424,0.3206250084641491,0.2996046229608038,-0.06836435849622369,"[0, 1, 2, 3]",16.03899999999999
0.4973101004287803,-0.10566795744997437,-0.22119705833221537,-0.029090679149518017,0.6247811124309066,0.23239803601491915,-0.9126742495841083,-0.5798964330154244,"[0, 1, 2, 3]",17.045999999999996
0.7786292368382626,-0.33331780710111847,-0.8207620927387596,0.6515134507639369,0.3119056581079571,0.5541672479287774,0.24003883652164482,-0.48982805333882906,"[0, 1, 2, 3]",33.075000000000024
