weight_holes,weight_height,weight_bumpiness,weight_line_clear,weight_hollow_columns,weight_row_transition,weight_col_transition,weight_pit_count,weight_to_consider ,score
-0.6788789285821977,-0.5475167004574346,-0.6042220343983757,-0.44455025477930743,0.28965715341508513,0.8859064062806057,0.536528963799324,0.5430254700524102,"[0, 1, 2, 3]",477.37499999999727
-0.1248570133272664,-0.7698808161831407,-0.15125684081105972,0.34604228145851534,-0.5820227865570713,-0.5815649077611462,-0.6503645538051637,0.8901832410231767,"[0, 1, 2, 3]",341.3669999999987
-0.10896229565234505,0.37155722597646346,0.21844429182201996,0.9458436029817809,-0.43715305941961957,0.6525385572043776,0.5474393187897932,0.9304357615302146,"[0, 1, 2, 3]",10.023000000000001
-0.7044630553560105,-0.40037992198817096,0.8829572682834541,-0.30820835475204533,-0.21530599187816235,-0.446476917961413,0.7898206609614258,0.5667247138486162,"[0, 1, 2, 3]",11.031999999999998
0.4472437102064233,0.9224899251621648,-0.5027531875568212,0.8669343974570691,0.4356284140889317,-0.5436320622657089,0.3415740344863971,0.004212737903750652,"[0, 1, 2, 3]",15.036999999999994
0.8417182907635294,0.4211296949865577,-0.5206697643878753,-0.003657027731824858,0.758193918060803,-0.07137350160959932,-0.12370022079215204,0.3188793045172733,"[0, 1, 2, 3]",16.037999999999997
-0.4211446501140963,-0.7910012880446731,-0.7231819761942695,-0.41621177279836674,-0.7831326676264883,-0.5671448710581417,0.10708605183246855,-0.9939680852725563,"[0, 1, 2, 3]",344.3679999999988
0.218840970019609,-0.5993453854116522,0.17154489680476348,-0.9443465082790254,-0.4509227522293455,0.12274212624070469,-0.5673010643601228,0.1515716841400514,"[0, 1, 2, 3]",15.040999999999993
-0.00692855047934926,0.9250138061282098,-0.1156799825152508,0.45369385079315294,-0.7309767019008881,0.46721772756861135,0.6004275811528892,0.9867249219687588,"[0, 1, 2, 3]",16.038999999999994
