weight_holes,weight_height,weight_bumpiness,weight_line_clear,weight_hollow_columns,weight_row_transition,weight_col_transition,weight_pit_count,weight_to_consider ,score
-0.4033057170220373,-0.5776778823663056,-0.40434784163158266,0.23797436291245933,-0.5185443202073807,-0.850059891011482,-0.34879944739559376,0.37383029031728277,"[0, 1, 2, 3]",336.3679999999987
-0.2781909415910584,0.428492040090628,-0.033744797626157785,0.026845941241816718,0.183363864365643,-0.3598180493293677,0.8436845433431106,-0.41715503913748475,"[0, 1, 2, 3]",13.030999999999997
-0.23999143269524637,0.918616563848631,0.6330616448518016,0.801345214546241,-0.8991403996151774,-0.24734279689564254,-0.024196574854073782,-0.5704554656745549,"[0, 1, 2, 3]",11.027000000000001
-0.355058179095584,-0.11392092462892811,0.14778305153904014,0.9480871310801657,0.38369935539721056,0.6430123581451357,0.9148504130818937,0.5974053814392997,"[0, 1, 2, 3]",20.067999999999994
0.07837401747052342,0.9227939695125285,-0.19987838976432304,0.4223197008508881,0.710531540131524,0.5441273958182127,0.8375414389094482,-0.9247243672273928,"[0, 1, 2, 3]",16.043999999999993
-0.4788185740976465,0.009346490877089275,0.9641536649959337,0.9628033530042586,-0.5940433129013536,0.04766661506342085,0.19391492044042025,0.7313246437660823,"[0, 1, 2, 3]",12.031999999999996
-0.5502914582842477,0.6712444526118813,0.5055149679882625,0.9728070594280469,0.4976326580962742,-0.6101533595587239,0.1909083272430987,-0.7787943279806662,"[0, 1, 2, 3]",9.014000000000001
-0.17130321410666682,0.9157164416264001,0.5332336629609391,0.6383657100704785,0.9828028038356118,0.2848140003353812,-0.4577575316827862,-0.7918005350855761,"[0, 1, 2, 3]",10.020000000000003
-0.5086935712503167,0.6776473583366593,-0.007383174429100414,0.4517247640197497,0.13599709361070822,-0.5108365946534656,0.09717127764890532,-0.5442193011117877,"[0, 1, 2, 3]",15.037999999999993
