weight_holes,weight_height,weight_bumpiness,weight_line_clear,weight_hollow_columns,weight_row_transition,weight_col_transition,weight_pit_count,weight_to_consider ,score
-0.8628376510573486,-0.778847946731074,-0.9790348172382197,-0.7712796291244133,-0.026733058456117842,-0.3628511934713943,-0.8741151344990279,-0.13734995788022242,"[0, 1, 2, 3]",332.3639999999985
-0.7386884285283652,-0.28047568249989174,0.09133498411339636,0.23783557794666144,0.4647643042584788,-0.9277329808392107,-0.02421672786926532,0.5274812777026936,"[0, 1, 2, 3]",44.081999999999944
0.06780198348377975,-0.33869237995574286,0.8950661669713429,0.02194311496154655,-0.46641537993596116,0.5590333200423152,0.4643495880766577,-0.847165342210104,"[0, 1, 2, 3]",14.039999999999994
-0.20281349414016847,-0.7321081388605399,0.13927632056231887,0.5307654347862454,0.91802865125135,0.2846900441881719,-0.27320617963384586,-0.1518160351882798,"[0, 1, 2, 3]",19.046
0.4913413354483984,-0.12716251584715232,-0.6665936654940854,-0.8119905899355437,0.8928780452115042,0.9904827725177925,-0.796702551694342,-0.36275555405263504,"[0, 1, 2, 3]",28.077000000000027
0.008089757471181791,-0.1023387585710569,0.9363490390885496,-0.6429882096309449,0.3869434289963978,-0.18580010151614101,0.8632969579669951,-0.7081433018907044,"[0, 1, 2, 3]",19.049999999999994
0.23473732176225548,-0.2796724983679819,0.7514354340645848,0.13102171640170224,-0.6670514566722077,0.16565499320204546,0.48695380684647116,0.6405326721676419,"[0, 1, 2, 3]",14.041999999999996
-0.9092881394549315,0.07586174963428216,0.2683496852949334,-0.8429593542436291,-0.5284209107442668,-0.9472031316534246,-0.38817286033558385,-0.0530077053611393,"[0, 1, 2, 3]",16.038999999999994
0.8483492577902587,-0.19871610763069936,0.38807781113447315,0.5313249882386017,-0.17075108319659527,0.5087043577635217,0.513838315789283,-0.7735352217820419,"[0, 1, 2, 3]",12.031999999999998
