weight_holes,weight_height,weight_bumpiness,weight_line_clear,weight_hollow_columns,weight_row_transition,weight_col_transition,weight_pit_count,weight_to_consider ,score
-0.6788789285821977,-0.5475167004574346,-0.6042220343983757,-0.44455025477930743,0.28965715341508513,0.8859064062806057,0.536528963799324,0.5430254700524102,"[0, 1, 2, 3]",351.3649999999988
-0.5082919032342526,0.5522878326339731,0.48662931131519804,0.3001826357748125,0.25435918663391077,0.18600558602326855,-0.1562270689785492,0.147410133490955,"[0, 1, 2, 3]",8.024000000000001
0.7022966316672432,-0.2601550042280052,-0.6403166093009844,0.06350359202439804,0.6663401285607466,-0.10610762667119,0.5108805533931031,0.21975898813248085,"[0, 1, 2, 3]",17.040999999999993
0.04510338461103891,0.9795522919892883,-0.8029663413076118,-0.6868466988384605,0.14957532296657705,0.33488873634068894,-0.06373734515553764,-0.46137573966916223,"[0, 1, 2, 3]",15.035999999999996
-0.7365204114634014,0.38647206129684175,-0.8992074203695943,-0.9854858088213276,-0.5220307359221545,0.3220896951992629,0.5179096789538686,-0.31047056591798317,"[0, 1, 2, 3]",34.07900000000003
-0.353407214552363,-0.9197664390853466,0.20098837530745794,0.342669989156527,0.2513584195321874,0.17982763760279696,0.7072260562496016,-0.8860389954727428,"[0, 1, 2, 3]",24.07300000000002
0.5530922360450632,0.03689217324617888,0.5114459657709882,-0.5780960025985611,0.47792378484075204,-0.506457150620023,0.508716731129341,-0.6519659835686604,"[0, 1, 2, 3]",14.026999999999996
0.9231689504786509,-0.17303769322815765,-0.1992932192911765,0.13275301394377248,0.8833213052729232,-0.5312972691185855,0.11375384974997527,-0.6077744162715806,"[0, 1, 2, 3]",14.038999999999993
0.02748243307344289,-0.5357691409179421,0.6473108112686365,-0.8884217599480182,-0.2141347786372061,0.28971396012608364,-0.6556459015342666,0.015762107230743228,"[0, 1, 2, 3]",13.033999999999995
