weight_holes,weight_height,weight_bumpiness,weight_line_clear,weight_hollow_columns,weight_row_transition,weight_col_transition,weight_pit_count,weight_to_consider ,score
-0.6788789285821977,-0.5475167004574346,-0.6042220343983757,-0.44455025477930743,0.28965715341508513,0.8859064062806057,0.536528963799324,0.5430254700524102,"[0, 1, 2, 3]",396.3639999999981
0.6703711065472773,0.3161435967321,0.9117675404628516,0.5113134989522019,-0.553057311093567,0.7246296270063193,-0.7650423525075218,0.13164838504938015,"[0, 1, 2, 3]",12.030999999999999
-0.2595681285696856,-0.6820731781365172,0.6747890984680323,-0.8997146464669434,0.12261804372609508,0.4831498872601221,-0.21707809433781944,-0.7923342507189779,"[0, 1, 2, 3]",17.044999999999995
0.38497336831514883,-0.03848906936552554,0.9543268973625134,-0.8039030929683411,-0.8192434824905097,0.732684940366592,-0.4417083066612617,0.7941513778795395,"[0, 1, 2, 3]",9.019
0.017489250697328096,-0.18553302927559345,0.1029528887804001,-0.8575084877330754,-0.5214152651524593,-0.13732704361650283,0.12315202838639472,0.6832336358053741,"[0, 1, 2, 3]",13.030999999999997
-0.5929615053299755,-0.7264376080654253,-0.6357920845491258,0.5785875555620639,0.7058398274532252,-0.3604807312054408,0.938298995752983,0.3950880670746766,"[0, 1, 2, 3]",360.37199999999876
0.7685234917537762,-0.5648675309221145,-0.6584926088281913,-0.3129241371282785,-0.5909030130430093,0.5535433649300849,0.9508739644563109,0.1607271846307572,"[0, 1, 2, 3]",67.10199999999995
-0.9905687824330851,-0.27863357928642296,0.5856313539784903,0.9360729214242232,0.9300157109267582,0.965188538867318,0.32344611384914645,0.8164871843796735,"[0, 1, 2, 3]",19.048999999999992
0.6389042704027679,-0.6677214798851656,-0.48769639913257623,-0.3430762841266488,-0.6414419857156817,-0.29606796061465634,-0.41995119414231086,-0.43454616181999617,"[0, 1, 2, 3]",151.19300000000047
