weight_holes,weight_height,weight_bumpiness,weight_line_clear,weight_hollow_columns,weight_row_transition,weight_col_transition,weight_pit_count,weight_to_consider ,score
-0.6788789285821977,-0.5475167004574346,-0.6042220343983757,-0.44455025477930743,0.28965715341508513,0.8859064062806057,0.536528963799324,0.5430254700524102,"[0, 1, 2, 3]",385.36299999999835
-0.9823478748423036,0.2608993074724373,0.008505064071107071,-0.7413780128966228,-0.538070907188094,-0.7452490188697047,0.14335799867965449,-0.8109311486728055,"[0, 1, 2, 3]",17.043999999999997
-0.039175472245248644,0.09006235178862787,0.9795358865627599,0.8492613850110469,0.8281662300455854,-0.45377054455989474,-0.1120108800433508,0.49023276339930466,"[0, 1, 2, 3]",14.040999999999993
-0.14488907118847316,0.05919054148567948,-0.9440700654584202,0.1298777362084529,-0.9669311384459158,0.2122841028102187,-0.6435114418051693,0.6504264468784631,"[0, 1, 2, 3]",48.08699999999996
-0.29522521316339145,-0.6065616613278562,0.2655852308477127,-0.15072296075820923,-0.8513810574151617,-0.3319166591242151,0.4022720234545718,-0.023137043278532277,"[0, 1, 2, 3]",17.039999999999996
0.15447352831107697,-0.5154169220935623,0.6543595093417338,0.7282690979081239,0.4523841266988389,-0.9642819057404417,-0.3931211441864666,0.9234717361082394,"[0, 1, 2, 3]",16.042999999999992
0.22955049164823627,-0.7251312485946841,0.6603044414158363,0.28820686571450516,-0.9097298615434426,0.5077711693853826,-0.7982048239987123,-0.5525764629830858,"[0, 1, 2, 3]",16.042999999999992
0.6522263676847788,0.7468508545348349,0.1777840897362004,-0.9871420690063657,-0.058022503264484326,0.4823683243960477,-0.8764817106509082,0.8595346597570834,"[0, 1, 2, 3]",15.031999999999993
0.4077402099159666,-0.21155809155083882,-0.7519718922824836,-0.03846633284506429,-0.1587973650366643,0.5594169598545193,0.3484861743668317,-0.4197045610075447,"[0, 1, 2, 3]",27.07300000000002
