weight_holes,weight_height,weight_bumpiness,weight_line_clear,weight_hollow_columns,weight_row_transition,weight_col_transition,weight_pit_count,weight_to_consider ,score
-0.6324194412718809,-0.06845120504577218,-0.06357047642469871,0.8190942734664821,-0.7156662161446865,-0.4411142235473817,0.4922787957909256,-0.7804543815041256,"[0, 1, 2, 3]",345.3709999999984
0.4334423517030168,0.8508767157671537,-0.2866833084163172,-0.16701141129785912,-0.7501339965169775,-0.42551791845686293,0.7343934494901889,0.30715965463683403,"[0, 1, 2, 3]",15.037999999999997
0.28606739517364965,0.4495521332215149,0.16754983045266347,-0.024488424274068388,-0.1138350856655912,0.20294677170708475,-0.2410391005610104,-0.1453727466035586,"[0, 1, 2, 3]",12.027999999999997
0.17177809180970494,0.41973534181760463,-0.7217600860707514,-0.5521390399287129,-0.25158260064158977,0.44080437149068796,0.8327332570028496,0.8442598214797832,"[0, 1, 2, 3]",17.037999999999997
-0.2839140046164428,-0.8876410496196812,0.06091032527796325,-0.7044256947042298,-0.9291734305887678,0.0615374703249989,-0.20976441086578745,0.444485193945811,"[0, 1, 2, 3]",20.057000000000006
0.468203061643498,0.5343686448205367,-0.22808488123541126,-0.798754744790406,-0.741404770886869,-0.48362702371846855,0.7099061091033201,0.6159982790047349,"[0, 1, 2, 3]",14.04099999999999
0.03137866678880452,-0.6884331958253178,0.6510293434496672,-0.49396946773640016,0.19121874913939108,-0.335781939095257,-0.8205409719065284,0.16919867518059317,"[0, 1, 2, 3]",19.057999999999993
0.7359246911544004,-0.3835019132614186,-0.08050798518861502,-0.9644694844651724,-0.861427728409871,0.34555915166729667,0.27499306307560034,-0.5945139986080983,"[0, 1, 2, 3]",12.026999999999996
0.8465624675435652,-0.12246424507977527,-0.23908440207620196,0.4341905665796508,-0.8892713358593749,-0.2022394021535463,-0.8443014019858854,0.17853977845966096,"[0, 1, 2, 3]",13.024999999999997
