weight_holes,weight_height,weight_bumpiness,weight_line_clear,weight_hollow_columns,weight_row_transition,weight_col_transition,weight_pit_count,weight_to_consider ,score
-0.6324194412718809,-0.06845120504577218,-0.06357047642469871,0.8190942734664821,-0.7156662161446865,-0.4411142235473817,0.4922787957909256,-0.7804543815041256,"[0, 1, 2, 3]",416.36799999999675
0.5794366422926145,-0.8689702279441058,0.6443843157847993,-0.21184406329287753,-0.5306825467073202,0.49771947828753826,0.447350551338042,0.08636856080017763,"[0, 1, 2, 3]",15.041999999999996
-0.20047158134756904,0.7156317296873196,-0.7554362253110396,0.9390608958919728,0.9569571239278687,0.9335323155253556,0.6395137639212072,-0.9543331176760237,"[0, 1, 2, 3]",22.056
0.019809567707710807,-0.5166231454313264,-0.4465362135636666,0.16113757514512805,-0.10826460443402186,-0.76344349292834,0.7397890697886349,0.03536808418667725,"[0, 1, 2, 3]",351.3689999999982
0.09134493023592105,-0.29191059215754067,0.9731736384131469,-0.6396474558361298,-0.3837667182070461,0.8137729344384856,0.3877433000636219,0.14126162718461877,"[0, 1, 2, 3]",11.026
-0.5344821153474306,-0.45086053745581745,-0.5267608183860302,0.4695331521272612,0.14559045389421188,-0.23706314565623798,0.3781745351046366,0.874489213347533,"[0, 1, 2, 3]",317.36699999999905
-0.29815746744908855,0.3663633383878002,0.17515956803665,-0.24517907810350703,0.6658561831158669,0.820665678743798,0.7129383194885437,0.6959309527728472,"[0, 1, 2, 3]",13.03
-0.4934874577670729,-0.09789511119472705,-0.3518139052615059,-0.5121187100555162,-0.2020379744926275,0.3335663509233038,-0.6628835291873447,0.6537667125868947,"[0, 1, 2, 3]",390.36599999999765
-0.8305317887786343,0.1647127823016048,-0.5701003856034041,0.8532177444489846,-0.7747612315198096,0.18680182951022806,0.01154208854985539,0.1868571596891626,"[0, 1, 2, 3]",88.10900000000007
