weight_holes,weight_height,weight_bumpiness,weight_line_clear,weight_hollow_columns,weight_row_transition,weight_col_transition,weight_pit_count,weight_to_consider ,score
-0.4033057170220373,-0.5776778823663056,-0.40434784163158266,0.23797436291245933,-0.5185443202073807,-0.850059891011482,-0.34879944739559376,0.37383029031728277,"[0, 1, 2, 3]",364.3639999999983
-0.6788355888724593,0.4076218397391336,0.43220030801193543,-0.4580068037127021,0.14562473688101463,0.2973698115678536,0.23577316813688443,0.11315890078558843,"[0, 1, 2, 3]",16.041999999999994
0.9838250127133565,0.9422601507827904,0.6830089610158863,-0.9014418493854095,0.9242899399728721,0.4952050464106972,-0.8558325820151862,-0.20037652606820244,"[0, 1, 2, 3]",11.028999999999996
-0.12597603278404934,-0.9838933283815416,0.10924474547674423,0.8463876420539118,0.19027359978717895,0.29494635702738026,-0.570266457103392,0.7964772028326865,"[0, 1, 2, 3]",17.046999999999993
-0.6863603791004969,-0.7916930457155009,-0.5010150558298827,0.5745743569617792,-0.5521240574990796,-0.241293363731528,-0.8039241718129322,-0.8801886193990831,"[0, 1, 2, 3]",353.36699999999837
-0.7367355643576774,-0.5594906768996717,0.467573019320793,-0.8022619926843115,-0.3414475476354002,0.40889815793974393,-0.37489282310634864,0.6220300387420878,"[0, 1, 2, 3]",12.023
-0.11976455734995506,0.9815587518649223,-0.07036839177806109,-0.37531395525333666,-0.7093718989340787,0.1183842255962424,-0.3118602187193791,-0.7613553049838222,"[0, 1, 2, 3]",14.032999999999994
-0.18771242697700163,-0.7618126831605312,0.49503313618682476,-0.3725055918520659,0.16995717653608766,-0.09759411907324567,-0.11236753579479397,-0.9860083312040289,"[0, 1, 2, 3]",18.047999999999988
0.9494560135868806,0.4895638252272201,0.5765715977864363,0.3479759549418404,-0.6940541606889898,0.4614419968713739,-0.021709805010141636,-0.20767969767080663,"[0, 1, 2, 3]",12.027999999999999
