weight_holes,weight_height,weight_bumpiness,weight_line_clear,weight_hollow_columns,weight_row_transition,weight_col_transition,weight_pit_count,weight_to_consider ,score
-0.4033057170220373,-0.5776778823663056,-0.40434784163158266,0.23797436291245933,-0.5185443202073807,-0.850059891011482,-0.34879944739559376,0.37383029031728277,"[0, 1, 2, 3]",445.36299999999767
0.9573057008437833,0.4243287208065236,-0.5435398967018266,0.9247671481172335,-0.3475666554145116,0.7702795932923627,0.7639870078702169,0.05327213586480051,"[0, 1, 2, 3]",13.027999999999997
0.023085545999413704,-0.7553472841971061,-0.22678794764803745,-0.9852407786769739,-0.770697783589233,0.6071676273002455,0.29313338756863705,-0.48504431566917083,"[0, 1, 2, 3]",372.3679999999986
-0.885492335976797,0.38233470286392546,0.8203477289328558,-0.5537510960874084,0.3657894014231915,-0.5091765103735746,-0.5193804316755903,0.25153439967084723,"[0, 1, 2, 3]",12.030999999999999
0.6733379996662388,-0.22816501360001995,-0.3496221101092627,0.9378760333158338,-0.9115330692877484,-0.6744303921036878,0.7022535684843445,0.08937250004348685,"[0, 1, 2, 3]",17.039999999999992
-0.9566982461052909,-0.958840077448579,0.256153938714649,0.2401841364095516,-0.9238672796597491,0.6430163295841649,-0.9417832235422507,0.7709742977991518,"[0, 1, 2, 3]",24.076000000000008
0.14444847271842742,-0.22960550668004576,0.5335024346150035,0.8736556454340128,-0.6059119937786523,0.6211548416223358,-0.7884369958326307,0.09564846916398917,"[0, 1, 2, 3]",14.034999999999998
-0.9191150561466983,-0.9592779930331319,0.2434001761528941,0.8998130393490358,0.6204618077367487,-0.19357141735591754,0.5849696393990091,-0.7867442082928986,"[0, 1, 2, 3]",20.055999999999997
-0.2308612655477873,0.19653751977409772,0.16702299291125655,-0.9023081541619009,0.1085191043735978,-0.20013368593524916,0.7427061890488842,-0.43216452584731524,"[0, 1, 2, 3]",10.029000000000002
