weight_holes,weight_height,weight_bumpiness,weight_line_clear,weight_hollow_columns,weight_row_transition,weight_col_transition,weight_pit_count,weight_to_consider ,score
-0.45721905410160724,-0.5148379779412229,-0.3169882927693213,0.5526692808158695,-0.6888663263955255,-0.29360518425559334,-0.38637431762668606,0.6813996953023858,"[0, 1, 2, 3]",475.3649999999953
-0.15081612755841034,-0.5001257535944645,-0.6692824980515599,-0.2873413088271035,0.6461668957630295,0.7689339523174699,0.453773910401414,0.8976462040605087,"[0, 1, 2, 3]",322.36199999999894
0.08559945448366912,0.6154964440240012,0.04607763810065113,0.5352691246196644,-0.9401881861856363,0.05173437897834088,0.48312821289199626,-0.5230686786045728,"[0, 1, 2, 3]",17.036999999999995
0.1344225077272423,0.23302587717444068,-0.3654598318232387,-0.7403887433500531,0.533444430915085,0.39687684756546004,0.8941009581708812,-0.880820528652329,"[0, 1, 2, 3]",20.048999999999996
-0.29731876784401123,-0.45814542111139445,-0.34943285754559716,0.12007936175623102,0.03933564930847311,0.2333541818608038,0.40694087670160517,-0.19593570794565496,"[0, 1, 2, 3]",380.3639999999979
0.5249223108547274,0.4778239547452352,0.6020361909159182,-0.8307248023611835,0.1159839528223725,0.5700797697975541,0.38431638617484976,-0.6081445227349787,"[0, 1, 2, 3]",11.019
-0.10082228208724642,0.03229498640544448,-0.4751744216652747,-0.5478731475659973,-0.1642329757556824,0.8589192191699837,-0.8059118098684341,0.8621972848424808,"[0, 1, 2, 3]",35.07700000000002
-0.28244764088966945,0.920049086430379,0.87926858924946,-0.3965975571302405,0.9491571598859074,0.7639869583118124,-0.8721856856288488,-0.25015574371575133,"[0, 1, 2, 3]",11.024000000000001
-0.2943214022498666,0.7812108741090269,0.30671007471988077,-0.5840104557058452,-0.3086253435427997,0.40540738455633796,0.20977337614632585,-0.9373176417944089,"[0, 1, 2, 3]",11.028000000000004
