weight_holes,weight_height,weight_bumpiness,weight_line_clear,weight_hollow_columns,weight_row_transition,weight_col_transition,weight_pit_count,weight_to_consider ,score
-0.6324194412718809,-0.06845120504577218,-0.06357047642469871,0.8190942734664821,-0.7156662161446865,-0.4411142235473817,0.4922787957909256,-0.7804543815041256,"[0, 1, 2, 3]",380.3639999999983
-0.8099164400223193,-0.3827711768677289,-0.3093322133046841,-0.26615990963467406,0.17549232536962456,-0.4286330917459311,0.8049394621516319,0.2621803869019683,"[0, 1, 2, 3]",361.37099999999816
0.7963686522247433,0.03666531434526488,-0.1698526180341886,-0.25802622193790237,0.509097041075383,0.8935027908203976,0.8140858016883425,-0.4760977838412437,"[0, 1, 2, 3]",18.042999999999992
-0.20600993399803635,-0.644952182861523,-0.47445043630032346,-0.6307421242890072,0.846506389068169,-0.7233866126718673,0.9986970713377257,0.22052266605217286,"[0, 1, 2, 3]",329.3669999999987
0.20583521732224463,-0.5498655459477721,-0.7603689068524853,0.7538330144983032,0.495515767384648,-0.341730762057491,-0.17742148779682476,0.25218275193390904,"[0, 1, 2, 3]",330.36199999999883
0.5404782544793243,-0.8810501241421413,0.5515802209675704,-0.4416492657656592,-0.033352719232743855,0.8970628345310572,-0.861815266429246,0.3134067661806208,"[0, 1, 2, 3]",15.042999999999994
-0.3536585557972891,0.537385187329573,-0.3364617194129802,0.10891556457856066,-0.09461583847245159,-0.4629753078930221,0.21642803689035106,-0.6026380655518948,"[0, 1, 2, 3]",24.054000000000016
0.3939738945851352,-0.36743113849617126,0.19540212649311717,0.17881811026821515,-0.06127671819256286,0.044505845993297655,-0.10084843674390331,0.26864411834655444,"[0, 1, 2, 3]",8.017000000000001
0.5226805207211163,-0.9738211060138933,0.5224886836640312,-0.8815980905195111,0.0278735284274354,0.5646751637441298,-0.26137810946565376,-0.3890240566532308,"[0, 1, 2, 3]",13.036999999999999
