weight_holes,weight_height,weight_bumpiness,weight_line_clear,weight_hollow_columns,weight_row_transition,weight_col_transition,weight_pit_count,weight_to_consider ,score
-0.45721905410160724,-0.5148379779412229,-0.3169882927693213,0.5526692808158695,-0.6888663263955255,-0.29360518425559334,-0.38637431762668606,0.6813996953023858,"[0, 1, 2, 3]",367.36899999999787
0.981579114909318,0.6674805122847374,0.8298331718640688,0.7013437330481238,0.7438463558404085,0.6063842622827136,-0.26417955866014475,-0.08759244961740387,"[0, 1, 2, 3]",14.035999999999996
-0.15320407518232093,0.20130217259337102,-0.7960558554558921,-0.694651573965982,-0.7297994816364184,-0.8960611648263193,-0.41134669144552594,0.7776031269725068,"[0, 1, 2, 3]",30.07200000000003
0.6494382165505603,-0.5350186804590384,-0.7538821364258834,0.703879505400498,0.8304336483006831,-0.5304590682450439,0.20104479377166928,-0.665246061313628,"[0, 1, 2, 3]",36.076000000000015
0.8488124497725524,-0.3962086235794946,-0.7725272411882493,0.023293140206674057,-0.7590176343314643,0.6449603649458038,0.33711686860472434,0.0025402479930927147,"[0, 1, 2, 3]",20.049
-0.08258357400905614,-0.19174885892290972,-0.5809722257845273,0.006703358756227962,-0.860764135781225,0.9054828788723224,0.6931746210725684,-0.47534715039643194,"[0, 1, 2, 3]",235.2860000000009
0.3607235978992591,-0.8762882368195648,0.9340691264106937,0.7177336677093673,0.2568892829189875,0.6391642992078144,0.8805748733881316,0.7160883238813347,"[0, 1, 2, 3]",13.031999999999998
0.49086499058853117,0.7290964038741141,0.8311333475514782,-0.7513158382313709,-0.7761686287129057,0.599203019141207,-0.6918883789941392,0.7359481497479601,"[0, 1, 2, 3]",11.021000000000003
0.7639363069195719,0.24984642712727023,-0.7571154889351523,0.4120006393644313,-0.2927033669259871,-0.8925438629086406,0.02939798763500412,0.46939009293841094,"[0, 1, 2, 3]",17.039999999999996
