weight_holes,weight_height,weight_bumpiness,weight_line_clear,weight_hollow_columns,weight_row_transition,weight_col_transition,weight_pit_count,weight_to_consider ,score
-0.8763745042686357,-0.8548918228899867,-0.6872497601069834,0.6610416905384566,0.8988626805998146,-0.8721182363049036,-0.3877985328188518,0.23860063599726278,"[0, 1, 2, 3]",350.3699999999984
0.15558350644025976,0.5177902640478935,-0.12161880544686454,0.5607695704752902,0.08705018303576217,-0.5995620975158495,-0.5414325814963472,0.9959041114580118,"[0, 1, 2, 3]",12.03
0.7022709830555034,-0.009113892083350228,0.9005705993493658,-0.24970471684176876,-0.562746061435925,-0.09485313650222493,-0.3740304526168188,0.3789411862107801,"[0, 1, 2, 3]",11.02
-0.4183256725717288,0.369909294572752,0.8166033467415612,0.8258181910913176,0.9747956303288461,0.35493205359079094,0.9846121404837245,0.13694777229570043,"[0, 1, 2, 3]",16.042999999999992
-0.20947359419540934,0.8731761628623294,-0.6507155780288558,0.3768659068046314,0.6477202630407961,-0.554919118519908,0.7059303049023768,-0.2921235246569249,"[0, 1, 2, 3]",16.042999999999985
-0.952372188977745,-0.8449397939524101,0.42367093867770667,-0.29569494587687184,-0.09219901900764249,0.8499142938203115,0.711798463314917,0.06469507245141592,"[0, 1, 2, 3]",12.028
0.721268463551106,-0.39938734637040985,0.07213295641807016,0.5818812861583649,-0.11953824639359012,0.6435740047103358,0.9052413802087562,-0.7645769842205079,"[0, 1, 2, 3]",15.029999999999994
0.9763087788130298,0.22403297407631872,0.8949677665681572,0.06704305409867173,0.8227302307273963,0.8695298519544123,0.41572829154759283,-0.02897522924319973,"[0, 1, 2, 3]",13.025999999999996
-0.00032722917864447254,0.598973134546203,-0.06360429227189668,0.7477659968054253,-0.943062865142859,0.9838889788782277,-0.14210758362344755,0.9033654892270397,"[0, 1, 2, 3]",12.026
