weight_holes,weight_height,weight_bumpiness,weight_line_clear,weight_hollow_columns,weight_row_transition,weight_col_transition,weight_pit_count,weight_to_consider ,score
-0.6788789285821977,-0.5475167004574346,-0.6042220343983757,-0.44455025477930743,0.28965715341508513,0.8859064062806057,0.536528963799324,0.5430254700524102,"[0, 1, 2, 3]",364.36399999999884
0.5322193882036956,-0.23133733539389367,0.18589178704011045,-0.2352557942942406,-0.6849260961385766,0.9583076634544765,0.09571412723329531,0.63137394397245,"[0, 1, 2, 3]",12.027
-0.8982362979171006,-0.8301837075347416,0.2988522583424378,0.929674388295032,-3.8158929928533425e-05,0.16268285740002808,-0.9805615423708389,0.8542955130844114,"[0, 1, 2, 3]",15.044999999999993
0.7309412894462375,0.542885210213111,-0.01036834821575816,-0.4044970279164066,-0.372067969071755,-0.07481079375074207,0.09348189553055364,0.5207924172563356,"[0, 1, 2, 3]",11.028
-0.3911407698903324,-0.10953971274248797,-0.8370232887428413,0.48170983023894576,0.6456626215721455,0.7322513350790849,0.12514929701843758,-0.8902974663838392,"[0, 1, 2, 3]",202.22800000000072
-0.05845448047528423,-0.7208271124929915,0.8556264718217703,-0.3804785331389846,-0.6769045012191299,0.08194556334168213,0.9652217020416709,-0.1305851036057899,"[0, 1, 2, 3]",12.028999999999996
0.07301261897050937,-0.5554403339818506,0.47234703377332243,-0.2756780998309758,-0.8591626725974582,0.31499382645604035,-0.6637660484101506,0.6750773727031578,"[0, 1, 2, 3]",17.048999999999992
-0.10302115264213074,0.16553485196914441,-0.5064631284363341,0.025134253288976227,0.24222716570031455,0.4984569715735274,0.26788222620814994,-0.7802221682695265,"[0, 1, 2, 3]",31.079000000000033
0.22776398581313528,-0.9946067826495504,-0.5464497701178079,0.9399878789686469,0.851812153564556,-0.02363849224632486,-0.3477456491417137,0.2323184140647081,"[0, 1, 2, 3]",330.35799999999904
