weight_holes,weight_height,weight_bumpiness,weight_line_clear,weight_hollow_columns,weight_row_transition,weight_col_transition,weight_pit_count,weight_to_consider ,score
-0.6788789285821977,-0.5475167004574346,-0.6042220343983757,-0.44455025477930743,0.28965715341508513,0.8859064062806057,0.536528963799324,0.5430254700524102,"[0, 1, 2, 3]",417.36299999999795
-0.9372346909537759,-0.912388555985044,0.14778006596510962,0.3060900099258894,-0.097853689440899,0.1580664640649112,-0.9897900302193459,0.184048224669481,"[0, 1, 2, 3]",23.072000000000013
-0.46770843759798586,-0.45081086382390567,0.6380237084913316,-0.7960811472644189,-0.24774055839107145,-0.6802997588072524,0.928141232900076,-0.05145403053519715,"[0, 1, 2, 3]",15.046999999999992
0.7165411552780974,-0.7957059418156955,0.987804440295202,-0.3973233390668012,0.11329131179854035,0.8402629320806037,0.6279832756935337,-0.03283851632681012,"[0, 1, 2, 3]",12.029
-0.5595202013999065,0.18538064034914847,-0.20354768187502814,-0.7828532578263021,0.5357277178267315,-0.9432997893999944,-0.24360991435597157,0.7476190668332976,"[0, 1, 2, 3]",32.07400000000004
0.9129456106569862,0.4383850996856171,-0.5848075367721639,-0.06012090099819889,-0.4271567292402434,0.5087716731253851,0.7280315671398816,0.7041348875554274,"[0, 1, 2, 3]",14.035999999999996
0.012199075063312526,0.23903543422895157,0.7467739078323852,0.922983104706232,0.31137029990294374,0.9238797174785094,0.8469885441980383,-0.7049112817619971,"[0, 1, 2, 3]",11.026999999999996
-0.05455227686947017,-0.5452538803989078,0.9084317481847091,0.8527579795235609,0.2710024227321923,0.37483813264851973,0.7859602829757424,0.2607720434756924,"[0, 1, 2, 3]",13.029999999999998
-0.1917734294433835,0.8167126433106815,-0.7965241332820034,-0.32981467736910197,-0.100207277673529,0.0356392157097396,0.4612012239557084,-0.7371237983435219,"[0, 1, 2, 3]",17.044999999999995
