weight_holes,weight_height,weight_bumpiness,weight_line_clear,weight_hollow_columns,weight_row_transition,weight_col_transition,weight_pit_count,weight_to_consider ,score
0.7691573675321055,-0.08343029432640359,-0.11350525364438169,-0.8482830471661542,0.6253437804147968,0.623641188017636,0.8814225497595396,-0.1907310309298651,"[0, 1, 2, 3]",15.034999999999997
-0.6795506997854828,0.3901507277047398,-0.9344648164302234,0.2814242798217985,-0.6130105311238718,-0.9608344219230271,-0.6341568196414651,0.07126301162639082,"[0, 1, 2, 3]",36.078000000000024
-0.7261572903177016,0.6531609836105492,-0.28303003870504306,0.5733518581317307,-0.6987429383445329,-0.7953500178737618,0.8837517580829919,0.6026828608518988,"[0, 1, 2, 3]",35.07100000000001
-0.6031351493938859,-0.2138248091741839,0.9296100809363503,0.015382005916212194,0.010037329857948363,0.6270040529701473,0.6384471749207781,-0.28284671362896274,"[0, 1, 2, 3]",14.037999999999997
0.2500102022737316,0.3052023605058167,-0.9197772069581256,0.38657773107654503,-0.6187389573412221,-0.8010028092389994,0.21112412041882922,0.006055492212880154,"[0, 1, 2, 3]",23.053
-0.2426789375661238,0.771283495984376,0.06052620626663474,-0.7383390880361185,-0.7113676621089817,-0.7708304329229863,0.042452860606098985,-0.8185501358168443,"[0, 1, 2, 3]",12.032
0.28831650778747586,-0.6674847522247966,0.84298978058716,0.5077338251791865,0.5031176145844203,0.35896735907158517,0.029599421834588746,0.8089506643161981,"[0, 1, 2, 3]",13.036999999999997
0.2544689736236785,-0.03774680540911968,-0.8196383396192697,0.5072467714991853,-0.5920794684686841,0.8035574367283718,-0.9303072197397604,-0.9071702597851186,"[0, 1, 2, 3]",34.07800000000002
-0.7668206490087977,0.5844069555537343,0.8499273009369466,-0.19308942709027654,-0.3936061424827091,-0.9992325830136417,-0.20852274602849463,0.8993350474863087,"[0, 1, 2, 3]",16.04399999999999
