weight_holes,weight_height,weight_bumpiness,weight_line_clear,weight_hollow_columns,weight_row_transition,weight_col_transition,weight_pit_count,weight_to_consider ,score
-0.33140006211943174,-0.533521685592701,-0.6699362878272113,0.14909632302279263,0.4340152190680302,0.025363812949579012,-0.2751061068106744,0.3475427671501903,"[0, 1, 2, 3]",368.36799999999835
-0.1991091525910469,-0.12588607499756055,0.3648336069601066,-0.2140369128517028,0.2661799441985291,-0.3791727998818972,0.9609586164627615,0.15928456224385878,"[0, 1, 2, 3]",14.040999999999993
0.7756220810118712,-0.7355190728657863,0.6416069178832526,-0.20793402452977183,0.25331416628994474,0.4165311546161037,-0.21736090972350985,0.19064605312192562,"[0, 1, 2, 3]",13.040999999999997
-0.5224367336794504,-0.49065263780945645,0.24946080266657966,-0.18610187089435448,0.7943100977199413,-0.8350490027100155,-0.30423274648223875,0.9699368165685063,"[0, 1, 2, 3]",15.043999999999995
-0.4956716840021731,0.6607359007407876,-0.833713953344088,-0.8314343122388193,-0.40967791087993466,-0.45166825186332327,-0.48709951936418405,-0.4175644635607929,"[0, 1, 2, 3]",29.07400000000003
0.25722399100989524,0.4449783956876525,0.4996728790165519,0.9145538017028132,0.3207850186761749,-0.8395233414776477,0.573624820214589,0.2558287943338098,"[0, 1, 2, 3]",12.027000000000001
0.23785569518290073,0.7010173188751887,-0.24173541805312704,-0.4215247074334847,0.9747971730399059,0.826587175346214,-0.8086503165457362,0.7467778887691532,"[0, 1, 2, 3]",15.038999999999993
0.21656014284465974,-0.5894769220044054,0.8575111007889173,-0.6853832048895288,-0.2630079986566627,-0.2462376256676011,-0.34133598492004724,-0.3656477080333729,"[0, 1, 2, 3]",13.034999999999997
-0.11982060852493137,0.6847558125371589,-0.04461588581675402,0.2870017846136548,0.4646985654320266,-0.7167388184469567,0.248155293227468,0.21066417928651737,"[0, 1, 2, 3]",12.027999999999999
