weight_holes,weight_height,weight_bumpiness,weight_line_clear,weight_hollow_columns,weight_row_transition,weight_col_transition,weight_pit_count,weight_to_consider ,score
-0.6788789285821977,-0.5475167004574346,-0.6042220343983757,-0.44455025477930743,0.28965715341508513,0.8859064062806057,0.536528963799324,0.5430254700524102,"[0, 1, 2, 3]",356.36799999999886
-0.8137460712172713,0.17573769029604902,-0.9684598879115645,-0.20039292450487478,0.49866102236350285,0.5318044914110085,-0.8232479298560833,0.4395154267265853,"[0, 1, 2, 3]",34.07900000000003
0.14096154687814844,-0.6230378981141147,-0.8426508925121281,0.09732732739115879,0.2320564989287477,-0.6113966612477968,-0.8988552197825275,-0.010987101176812564,"[0, 1, 2, 3]",175.2120000000006
-0.9128124125730759,-0.4695969690691262,0.8408157622588492,-0.9638873516148689,0.1813620348909486,0.279382988262014,0.6155732837006576,0.46231257553074534,"[0, 1, 2, 3]",18.050999999999995
0.43380099645272363,-0.9346038441406295,0.27789821771268564,0.14172915011860332,-0.22658093977813354,0.1517178526837848,0.6511924820360424,0.8639055690303301,"[0, 1, 2, 3]",13.032
-0.4845239405625139,-0.5227989172971468,0.22703785440588664,0.202098469472616,-0.7232628166490345,0.9644637579316653,-0.38493412507274205,0.9067826301790736,"[0, 1, 2, 3]",13.028999999999995
0.16687650956369393,0.3059302029786992,-0.3943150605054495,0.5274413879301858,0.44838913473657804,-0.030996959691552917,0.8951708571347814,-0.4037258276332025,"[0, 1, 2, 3]",21.049999999999997
0.4199642140734239,0.5253440159181886,-0.4054812518415929,-0.09240697512534268,0.9280928352676918,0.9275335909116054,0.24373843838836518,0.2747738982933272,"[0, 1, 2, 3]",16.03799999999999
-0.401818517710282,-0.16389406945052953,0.9146056056607867,0.562009205682144,-0.4957810491513517,0.9014406597441218,0.43443583806517183,-0.49696391215453195,"[0, 1, 2, 3]",16.047999999999995
