weight_holes,weight_height,weight_bumpiness,weight_line_clear,weight_hollow_columns,weight_row_transition,weight_col_transition,weight_pit_count,weight_to_consider ,score
-0.6788789285821977,-0.5475167004574346,-0.6042220343983757,-0.44455025477930743,0.28965715341508513,0.8859064062806057,0.536528963799324,0.5430254700524102,"[0, 1, 2, 3]",353.36699999999826
-0.9322730983476502,-0.3352140590641539,0.8942899588680295,-0.6920106058902105,0.5157178315404061,-0.41090945301584414,-0.08270444948045297,-0.6107328042639197,"[0, 1, 2, 3]",15.039999999999996
-0.40557743537816626,0.2327978178802259,0.0012473935944663506,-0.8148376821328989,0.4975209555092901,0.6302373845312164,0.4838406511558686,0.7507590178994881,"[0, 1, 2, 3]",25.076000000000015
-0.8590767807219906,0.43866062352000523,-0.8109931349187467,-0.4075588673913404,-0.9728861569688056,0.6574129653251071,0.35122813068200576,0.2275629777653907,"[0, 1, 2, 3]",34.08400000000003
0.9071167010971284,-0.6805127333628189,0.5370571712397487,-0.5862123991956294,0.14283186894467326,-0.47403735496432464,-0.7384753812341007,-0.8106790521782694,"[0, 1, 2, 3]",13.036999999999999
-0.5096760310978445,-0.17493981544941972,0.8506803254366511,0.17135762064122595,0.5946551437260406,-0.08830239208177137,-0.786697384684409,-0.9968371247802756,"[0, 1, 2, 3]",14.030999999999997
-0.30157917452449157,0.7341543440016356,0.4220640085049001,-0.09465249805432974,0.8361497686354247,-0.389908575949653,-0.12210761802766257,0.7968499015832113,"[0, 1, 2, 3]",11.029
-0.9394569897498981,0.4648897288272458,-0.053164087436335494,0.7511020287266255,0.17760415103985694,-0.1561379330928745,-0.1480670845497667,-0.9556005453394827,"[0, 1, 2, 3]",29.073000000000036
-0.6862939489187272,-0.552045746501133,0.7547025896313182,-0.30772193692009986,0.4140311161586583,0.4286650241896439,-0.2740463407407838,0.6033683178953724,"[0, 1, 2, 3]",18.05399999999999
