weight_holes,weight_height,weight_bumpiness,weight_line_clear,weight_hollow_columns,weight_row_transition,weight_col_transition,weight_pit_count,weight_to_consider ,score
-0.6788789285821977,-0.5475167004574346,-0.6042220343983757,-0.44455025477930743,0.28965715341508513,0.8859064062806057,0.536528963799324,0.5430254700524102,"[0, 1, 2, 3]",369.36299999999824
-0.7511635343488683,0.29568357773672416,-0.061350474622604345,-0.6853944592167329,-0.061793355657419946,0.4793360022875317,0.987495820580216,-0.7123165583174109,"[0, 1, 2, 3]",30.07800000000003
0.5110948991194753,-0.6654757926263282,0.5704791943403205,-0.06456907729354744,0.34561801777672363,0.5644535071927017,-0.0026273387086919175,0.2731945056444527,"[0, 1, 2, 3]",12.03
-0.9283246252437771,-0.5937629849170087,0.6255081492434571,-0.6574864970082264,-0.8297886159321259,-0.40511562073187135,0.02011046835526109,0.6541918008460508,"[0, 1, 2, 3]",19.05999999999999
0.04533669932992135,-0.5912242346942449,0.37674553667601707,-0.0123492383187509,0.8408808635845484,-0.5914142476686126,-0.39440948192571446,-0.9448335301024793,"[0, 1, 2, 3]",12.028999999999995
-0.5127119162951459,-0.2941480327251196,0.7013994181112795,-0.04222735657813259,-0.29747187026394273,0.012949422283841772,-0.8960797398070006,-0.39182682288834036,"[0, 1, 2, 3]",16.043999999999993
0.359607698779431,0.2930319697349866,-0.7845575244190417,0.14913733759974357,0.7606518809152554,-0.010456078724072837,-0.3283005616699528,0.08435487234181394,"[0, 1, 2, 3]",22.055000000000007
-0.6928480187275894,0.7291973185089551,-0.5507717888057369,0.7295782547910714,-0.6229949750945944,-0.4730823716879078,0.0898429993689378,-0.5715453233939547,"[0, 1, 2, 3]",29.07100000000003
0.04402491944458764,-0.06216844709406821,0.26021138360951435,-0.8236955109460979,0.9384856536307662,0.8480130774798098,0.43450147743268275,0.26824236188371997,"[0, 1, 2, 3]",16.044999999999987
