weight_holes,weight_height,weight_bumpiness,weight_line_clear,weight_hollow_columns,weight_row_transition,weight_col_transition,weight_pit_count,weight_to_consider ,score
-0.6788789285821977,-0.5475167004574346,-0.6042220343983757,-0.44455025477930743,0.28965715341508513,0.8859064062806057,0.536528963799324,0.5430254700524102,"[0, 1, 2, 3]",356.37199999999774
0.13194314980503163,-0.9900756757856686,0.9846486022757228,0.906659116942738,0.7452758223476308,-0.03328427938245482,0.34349989814104864,-0.42629184002908027,"[0, 1, 2, 3]",17.05199999999999
0.17279830946271701,0.005541810726413798,-0.45733765575045426,-0.816361957361438,-0.5235346811063715,-0.6897277939822914,0.3619443825879072,0.6996374183466205,"[0, 1, 2, 3]",27.065000000000023
0.2621358782854857,0.1950238715649002,0.21852855871540333,0.6882756837904969,0.852565510305733,-0.3957826013748209,0.0830331189658593,0.40366381764746473,"[0, 1, 2, 3]",13.030999999999997
0.5349751880315978,0.9114326073151053,-0.4256672652558422,-0.8095084006113364,-0.05984753445230617,-0.1836644411560684,-0.8394181829943699,-0.3677159746069354,"[0, 1, 2, 3]",13.029999999999996
0.7835656942179055,0.7844040705095805,0.468879665702719,-0.5302698467605764,-0.5165095115409557,0.03409040419084164,0.7731054157458896,-0.6468963824908833,"[0, 1, 2, 3]",12.023999999999997
-0.1861505476335048,0.8275009276515246,0.7196744532661279,0.15181807336881037,0.862006446560496,0.9886523295094958,-0.8730136611511168,-0.24665943015005642,"[0, 1, 2, 3]",10.022000000000002
-0.7514102066071218,0.3687194066318782,0.3301237537267183,-0.973155997245869,-0.6000500944709115,-0.2522965312053327,-0.6832937915891837,0.2538612650989096,"[0, 1, 2, 3]",20.059999999999995
-0.01017633162596554,0.03820232488160902,0.31773220518315615,0.5675599867429901,0.2954048604618382,-0.8423612371246971,-0.7552201821220974,0.5417973239804621,"[0, 1, 2, 3]",8.022000000000002
