weight_holes,weight_height,weight_bumpiness,weight_line_clear,weight_hollow_columns,weight_row_transition,weight_col_transition,weight_pit_count,weight_to_consider ,score
-0.6788789285821977,-0.5475167004574346,-0.6042220343983757,-0.44455025477930743,0.28965715341508513,0.8859064062806057,0.536528963799324,0.5430254700524102,"[0, 1, 2, 3]",373.3669999999979
0.42731420816580123,-0.528773159045473,0.1765243419556144,0.770769128532045,-0.03237196028375222,-0.4041674822903032,-0.5185212519238849,-0.14630719284436666,"[0, 1, 2, 3]",10.023000000000003
0.6750988234843065,0.7289612852745453,-0.6003268646529087,-0.4399735269855012,-0.7961456954774737,0.2810935178110845,0.1035359948663983,-0.5266611601744429,"[0, 1, 2, 3]",12.022999999999998
0.4174725593151576,-0.07756089945555766,0.12364956863374577,-0.7470692979269189,-0.7566149722076192,-0.5645616450100113,0.1523958412972386,-0.10791441696196502,"[0, 1, 2, 3]",13.035999999999996
-0.8145144574358754,-0.6739916760973499,0.19763476226355192,0.43570229105317226,0.4619090977593334,0.22575234066997196,-0.1786128108623002,-0.03501083500390778,"[0, 1, 2, 3]",21.068000000000005
-0.8744472614924006,0.07008011933432123,0.6057536825271899,-0.4712109243647449,-0.09193303594486935,0.39458464796370785,0.6077720954997725,-0.5280048633728214,"[0, 1, 2, 3]",12.026
0.46095552854523736,0.2225272262067406,0.9288422116681816,-0.7956044504679225,-0.24361863651694482,0.7987316595955241,-0.8881092794671777,-0.9918484034734028,"[0, 1, 2, 3]",12.026000000000002
0.81730083521301,0.8742110201522104,0.3040541991406793,-0.3735440315345542,0.3067726114373224,0.8006058595789396,-0.6399007327459538,-0.062357842295757804,"[0, 1, 2, 3]",14.031999999999995
0.5785686662168397,0.4027927679453014,0.07099896247571613,0.38535576706834984,-0.6645821542594355,0.9616700281060049,-0.11866121578551714,-0.8414909727541777,"[0, 1, 2, 3]",13.029
