weight_holes,weight_height,weight_bumpiness,weight_line_clear,weight_hollow_columns,weight_row_transition,weight_col_transition,weight_pit_count,weight_to_consider ,score
-0.33140006211943174,-0.533521685592701,-0.6699362878272113,0.14909632302279263,0.4340152190680302,0.025363812949579012,-0.2751061068106744,0.3475427671501903,"[0, 1, 2, 3]",329.3629999999988
-0.838323035073927,0.7555469402598873,0.9408289620859847,-0.39518339421024073,0.40010795476493977,-0.14379718599307068,-0.40485368996821824,0.48678404600184155,"[0, 1, 2, 3]",11.035
-0.8310222754670133,0.3252294465444585,0.821947673247027,0.09395132734399292,0.47544943714988497,0.534183014403814,-0.2372743859710691,0.29964178717870005,"[0, 1, 2, 3]",13.034999999999998
-0.545611756276627,-0.8725103807620878,0.8452298591220346,-0.7340849155627727,0.8343585163817981,-0.7075539680412795,0.08659019383990807,-0.39068264833531874,"[0, 1, 2, 3]",11.026
-0.700724267507816,-0.17867623250486275,0.773256682646762,-0.7637669051561844,0.24968403201592726,0.3313109311305451,0.9118292056935777,0.10509959349077658,"[0, 1, 2, 3]",13.028999999999998
0.39283694441622674,0.9012379125006063,0.23076334389612962,-0.9064515839408336,0.5691320380311491,0.7976430105089369,0.7309761823643146,0.8406701300731849,"[0, 1, 2, 3]",13.032999999999996
-0.03732017556329725,0.7415494653475523,-0.030910989296922375,-0.0433151534658045,0.18503271487268647,-0.905337865576572,-0.47774947158023084,0.4712119191235058,"[0, 1, 2, 3]",12.023999999999997
0.27448075020813256,0.11806793035805918,-0.35993625119780503,0.4835203072890042,0.7045108643794737,0.1545496318731412,0.8237197354305841,0.2938851225775514,"[0, 1, 2, 3]",19.04499999999999
-0.13723803609485108,0.2535507875068068,0.5502430963912928,0.12122314573835324,-0.2332229883580188,-0.9542275081088252,0.10365296852529982,-0.7640046883088534,"[0, 1, 2, 3]",9.017000000000001
