weight_holes,weight_height,weight_bumpiness,weight_line_clear,weight_hollow_columns,weight_row_transition,weight_col_transition,weight_pit_count,weight_to_consider ,score
-0.6788789285821977,-0.5475167004574346,-0.6042220343983757,-0.44455025477930743,0.28965715341508513,0.8859064062806057,0.536528963799324,0.5430254700524102,"[0, 1, 2, 3]",393.35899999999776
-0.40786893246604117,0.9551992743088433,-0.8848986142826487,-0.6687915073370654,0.793277989196032,-0.270552672478771,0.25637555304769477,0.8233282938962216,"[0, 1, 2, 3]",20.054
0.38498356828692204,0.26198215690697646,0.3014889958489051,-0.8207236531673647,0.7551133693701586,0.8080391597607,0.02720489128374215,-0.8970076404928928,"[0, 1, 2, 3]",12.028999999999996
-0.196088367992457,0.7639913130866551,0.6256043735555192,0.5977024948499932,-0.9875294167068074,0.9952364826274569,-0.9390063122572703,0.11725014262049482,"[0, 1, 2, 3]",9.023000000000001
0.2920859951617383,-0.6815256489909607,-0.08575235878418797,-0.9180678925138994,-0.17552831753067832,0.7641929459279324,-0.8336974104788153,0.03735960062933352,"[0, 1, 2, 3]",349.37099999999884
-0.9505287055158342,0.7240238275444022,-0.2270809284957671,0.9281635740423133,0.772818509165365,-0.2525818772929944,0.08074564728901623,0.8642410061515984,"[0, 1, 2, 3]",39.08500000000002
0.3434317204434987,0.5157578775167624,-0.7355384031044183,0.03464281386774504,0.9417310173047162,-0.2921246590901647,-0.2932239419878262,0.852074855139612,"[0, 1, 2, 3]",21.053000000000004
0.17955052909673097,0.5996009556676982,-0.43228010202002953,-0.7399014576980063,0.02232127570567699,-0.1631982996436605,0.6426644467142686,0.13010685086780405,"[0, 1, 2, 3]",17.039999999999996
-0.4411865516981761,0.380829089149632,-0.15400147740451664,0.2385500596329706,-0.5190848032414506,0.22039228099082298,0.012213625079545265,-0.43911504385731703,"[0, 1, 2, 3]",36.07700000000003
