weight_holes,weight_height,weight_bumpiness,weight_line_clear,weight_hollow_columns,weight_row_transition,weight_col_transition,weight_pit_count,weight_to_consider ,score
-0.8628376510573486,-0.778847946731074,-0.9790348172382197,-0.7712796291244133,-0.026733058456117842,-0.3628511934713943,-0.8741151344990279,-0.13734995788022242,"[0, 1, 2, 3]",342.3659999999987
0.6051000216416522,0.2853875517173252,-0.9308502794386142,0.8473149005717842,-0.3497327197896398,-0.24668727122863832,-0.04008823343162726,-0.4166706415957606,"[0, 1, 2, 3]",21.053000000000004
0.07115038204880797,0.0904036431015296,0.3837619602393303,0.740495646455698,-0.4018686672874425,-0.6975283259351064,-0.8239098100077558,0.2782759000320487,"[0, 1, 2, 3]",9.022
0.14333149802333356,0.48700815027582256,-0.7734144970946177,-0.6653593929962058,0.5122315974649656,0.2925979859340311,-0.16507359426697832,-0.2827803878193609,"[0, 1, 2, 3]",18.041999999999994
-0.6777241403601588,0.41915884745863896,0.08397611772307578,-0.8604582135577314,0.9224509691192115,0.46800217994616555,-0.7236038392122672,-0.35077126287279903,"[0, 1, 2, 3]",14.036999999999995
0.14511787612708615,0.5784828332161975,-0.9884912578825795,-0.42622076485526095,-0.6428420915782669,0.6531769383977901,-0.46426625802481714,-0.3794541189235383,"[0, 1, 2, 3]",23.06300000000001
0.7041305523310808,0.4442046244179285,-0.6004372393402246,0.9808809884402292,0.9484121298454786,-0.4785856565222155,0.6782901657135751,0.3567435861880648,"[0, 1, 2, 3]",16.035999999999994
-0.9704787146576699,-0.20197505195341403,0.9936457089324215,0.04013232653759946,-0.9618991541821256,-0.737923937474952,-0.32208071939211513,0.5651729361373083,"[0, 1, 2, 3]",13.028
0.054322556934307986,0.8757920043529965,0.9605453337806578,-0.7862469302770161,0.5266578329467355,0.2271647740787972,0.016586056433410157,0.7316270238595699,"[0, 1, 2, 3]",13.027999999999999
