weight_holes,weight_height,weight_bumpiness,weight_line_clear,weight_hollow_columns,weight_row_transition,weight_col_transition,weight_pit_count,weight_to_consider ,score
-0.8763745042686357,-0.8548918228899867,-0.6872497601069834,0.6610416905384566,0.8988626805998146,-0.8721182363049036,-0.3877985328188518,0.23860063599726278,"[0, 1, 2, 3]",369.36699999999814
-0.18532167191945415,-0.10524511880692855,-0.23146272109978505,-0.18574712208913247,0.49177437793837697,0.07156839548842298,-0.9251810333961368,0.4418726909477897,"[0, 1, 2, 3]",359.3649999999983
-0.10184288206715242,-0.24202627720790448,0.8106595365937055,-0.08099069269393921,0.4060241992560907,-0.11739724007590158,0.9003780637415371,0.718875204432837,"[0, 1, 2, 3]",18.051999999999992
0.9811847568062313,-0.6561851809977386,0.09472380303581729,-0.5097632674760215,-0.9722568317585008,-0.24031302372087593,0.6458087310625851,-0.6950362025255343,"[0, 1, 2, 3]",14.037999999999995
-0.5623087672885834,-0.9364175500443006,0.022545235373514494,0.8869251793259221,0.7751295179972932,-0.34390139719755575,0.6347779276435184,0.5128631419820042,"[0, 1, 2, 3]",18.044999999999995
0.6886710639627316,0.40679368955433204,-0.983986490070524,-0.7613816247308198,0.5054759351990474,-0.10074018981636579,-0.21609372732791488,0.023135038362709803,"[0, 1, 2, 3]",16.042999999999992
0.014275917129815241,-0.9977565598527698,0.47101657836072985,-0.48803566706566426,0.7684006247084274,-0.5045780089818295,0.19288835188626585,-0.10224161054048975,"[0, 1, 2, 3]",18.051999999999985
-0.6919374509386151,-0.5088038697854831,0.030648202132670832,-0.6524836501336286,0.9248911397002799,-0.1130626846502365,-0.7393714637583999,0.7516589992283267,"[0, 1, 2, 3]",22.07700000000001
0.16459116353005676,0.9595255547902373,0.4308804913875053,0.12824786584240822,0.9710316134495682,-0.9062562382777464,0.45625713749901053,-0.943081412838723,"[0, 1, 2, 3]",12.021999999999998
