weight_holes,weight_height,weight_bumpiness,weight_line_clear,weight_hollow_columns,weight_row_transition,weight_col_transition,weight_pit_count,weight_to_consider ,score
-0.45721905410160724,-0.5148379779412229,-0.3169882927693213,0.5526692808158695,-0.6888663263955255,-0.29360518425559334,-0.38637431762668606,0.6813996953023858,"[0, 1, 2, 3]",350.3699999999982
0.10520929512005917,0.27089703361393846,-0.6564319079368126,-0.24530888855391053,-0.7739632749452552,-0.9430911312839065,0.13560963209468402,0.6207098363526222,"[0, 1, 2, 3]",29.070000000000025
0.4482505809457509,0.8153159292585144,0.13548777844777793,0.05746664820796976,-0.060262112875483,0.43289014059248276,-0.7058639421272477,-0.43864150022447745,"[0, 1, 2, 3]",13.030999999999997
-0.1283188206577821,-0.35932043718320217,-0.3519819841357459,-0.8818489034254227,-0.7895512290735103,0.43101793002508293,-0.7038693265620013,-0.17468750363847207,"[0, 1, 2, 3]",331.36899999999895
-0.5104285001931357,0.08803292708079691,-0.6943834917806575,0.23339191451054364,0.8739250158854543,0.7130586424288401,0.3655039418718171,-0.601695649105848,"[0, 1, 2, 3]",46.09399999999994
0.3646262869000163,0.06740674121365275,-0.8768994977218092,0.28179317644339674,0.9250448785318675,-0.47667534897878494,0.8904155142331283,0.7322492503149038,"[0, 1, 2, 3]",26.065000000000026
0.7880980312652524,-0.2645325138194763,-0.5519162429559978,0.20352966027970854,0.4762558081633763,-0.1398739572636376,-0.05503857969177561,0.04955424336100478,"[0, 1, 2, 3]",21.056000000000004
0.17082472347490585,0.5406804114785386,0.8482748278490975,0.7273198727427863,-0.026080137808223602,-0.03674333699337495,-0.844913989259489,0.7570040786546448,"[0, 1, 2, 3]",13.027
-0.49365119711990557,0.07679085151220932,0.2720362631692721,0.22987347392321777,-0.07743952352959949,-0.2413215041380996,0.4594413370890449,-0.9137535064730051,"[0, 1, 2, 3]",14.038
