weight_holes,weight_height,weight_bumpiness,weight_line_clear,weight_hollow_columns,weight_row_transition,weight_col_transition,weight_pit_count,weight_to_consider ,score
-0.33140006211943174,-0.533521685592701,-0.6699362878272113,0.14909632302279263,0.4340152190680302,0.025363812949579012,-0.2751061068106744,0.3475427671501903,"[0, 1, 2, 3]",356.35999999999854
0.2611586240197552,0.11851928968209724,0.8173671077383389,-0.7992321998502976,-0.4452199736370577,0.5670922569499264,-0.9167590195985842,0.04554089333510292,"[0, 1, 2, 3]",14.035999999999996
0.6256348088935957,-0.4566360782446073,0.3908688916048575,-0.2020750607616828,-0.4144199712457721,-0.7825049596736044,-0.48778022135636534,-0.25614050359070095,"[0, 1, 2, 3]",10.022000000000002
-0.7752784654427936,0.20410080525029617,-0.7192495621588295,0.9188189659438326,-0.24843873779788694,-0.7798147662613151,0.669449411248682,-0.3479897995922343,"[0, 1, 2, 3]",63.1129999999999
0.7670554601457529,0.3960313134765032,0.5644014386138434,-0.06709717614086319,-0.9843489952588111,-0.4710689940620829,0.7977767217468372,-0.32273202878511253,"[0, 1, 2, 3]",13.03
-0.07551572366489401,-0.5675394389572579,0.1700172601171237,-0.9286367249497085,-0.2218205343305335,-0.462109870184056,-0.17060968320211978,-0.9188369849504012,"[0, 1, 2, 3]",18.049
0.7068731084784992,-0.6213706049813474,0.6567155186352192,-0.1930423649837727,-0.1202418042650546,-0.17288734988658305,0.32645521111490194,0.8532218162806979,"[0, 1, 2, 3]",18.05099999999999
-0.3544291983915324,0.7088664697202733,0.6572195557023153,0.6151401828139351,0.5444472291189102,0.6927908787893959,-0.030836477513837002,-0.2277885258347021,"[0, 1, 2, 3]",11.030000000000001
-0.6919796435270498,-0.786666072573974,0.08211822786976875,0.4328933396459853,-0.5465384883327351,-0.6865673148579343,-0.2904304001678606,0.3751689734940744,"[0, 1, 2, 3]",22.060000000000006
