weight_holes,weight_height,weight_bumpiness,weight_line_clear,weight_hollow_columns,weight_row_transition,weight_col_transition,weight_pit_count,weight_to_consider ,score
0.09608388972087245,-0.624554333216045,-0.2691370728332425,0.1288272625557707,0.6265838051841546,0.06898179832750806,-0.010808606396544684,0.22639560470035325,"[0, 1, 2, 3]",340.36399999999867
-0.6324194412718809,-0.06845120504577218,-0.06357047642469871,0.8190942734664821,-0.7156662161446865,-0.4411142235473817,0.4922787957909256,-0.7804543815041256,"[0, 1, 2, 3]",520.3599999999949
0.20545892998987259,-0.6933816305535503,-0.5711124286632501,-0.509752462607308,-0.11792181410769031,-0.006253222683909598,0.7298359228229692,-0.6158475322857566,"[0, 1, 2, 3]",315.36499999999955
0.9703909989347614,0.4966221213801043,-0.11944981844743663,-0.17087023530501244,-0.9123223894970647,-0.36936703610191857,-0.4668657698638765,-0.335116590857939,"[0, 1, 2, 3]",15.031999999999993
-0.7657177854185246,-0.39156045909506854,0.49710382124922203,-0.4035522859500509,0.6878805929226981,0.4739858424814838,-0.7542809379321882,-0.5437994146940754,"[0, 1, 2, 3]",18.052999999999987
0.7937956419213461,-0.4194745108982447,0.4307197234863289,-0.04280383354153505,-0.5401092346452379,0.819977390075088,0.03548015131696092,-0.49289892098928667,"[0, 1, 2, 3]",13.025
-0.8580876238170461,0.42026538474622765,0.0512681714096499,0.5026812475716211,-0.96052565815736,-0.1844088271455646,-0.7121129434805191,0.40590635850299117,"[0, 1, 2, 3]",24.062000000000005
-0.4774870569600007,0.7941406797041164,0.9116700933734081,-0.7805939863616393,-0.8781802182259499,-0.8593866850097804,-0.9830334526531275,-0.42171149295100463,"[0, 1, 2, 3]",9.019000000000002
-0.48232440031176305,-0.4983216916041715,0.6879822801718136,0.98294747745271,0.0467070618016594,-0.5609693451820292,-0.9093252588044249,0.671672355357886,"[0, 1, 2, 3]",15.042999999999997
