weight_holes,weight_height,weight_bumpiness,weight_line_clear,weight_hollow_columns,weight_row_transition,weight_col_transition,weight_pit_count,weight_to_consider ,score
-0.45721905410160724,-0.5148379779412229,-0.3169882927693213,0.5526692808158695,-0.6888663263955255,-0.29360518425559334,-0.38637431762668606,0.6813996953023858,"[0, 1, 2, 3]",359.36099999999846
-0.7896762108080457,-0.9177439691910987,0.21400599567321277,-0.624307444232983,-0.7138416856656484,0.36989447418890253,-0.38662408643821555,0.3829408517269248,"[0, 1, 2, 3]",43.09299999999995
0.8337023959983472,0.26318815350162317,0.03652250507837973,0.22398120959938517,-0.48632940524186563,-0.6562051984714372,0.20845078952956952,0.04808488573378278,"[0, 1, 2, 3]",14.031999999999995
0.6731422652850212,0.10503388705277983,-0.9442700919271656,-0.11087734307456665,-0.1940364287794516,-0.8399151656681692,0.9423762708509544,-0.2568962764290692,"[0, 1, 2, 3]",16.039999999999992
0.6055661684342688,0.7497879712190822,0.9838770391177449,-0.7351257369715325,0.09993394663553024,0.6625958388849083,-0.7100657375123429,0.3640288280920765,"[0, 1, 2, 3]",11.031
0.683357600599785,0.5628010798458212,-0.7972058649817491,-0.8832945343021648,0.3331334134602495,-0.8726318314401527,0.5643277614834901,0.8343822082712915,"[0, 1, 2, 3]",19.047
0.6119568673180216,0.5413918647543985,-0.7771909938048307,0.8644587295553918,0.2541810213391491,-0.6218441141084528,0.35526059469985016,-0.004809142283096035,"[0, 1, 2, 3]",19.05
0.6758151176775913,-0.16519047590545832,0.35756821746881995,-0.27953355361205423,-0.9698030438225802,-0.19900357356092346,-0.7229477524171617,0.6786221104524992,"[0, 1, 2, 3]",11.025999999999996
0.20561274370747062,0.33417608867794657,0.8627470564503681,-0.5226686635767344,-0.9068763242523388,-0.9289301365789953,-0.565661867738785,0.7437295876182632,"[0, 1, 2, 3]",11.026000000000003
