weight_holes,weight_height,weight_bumpiness,weight_line_clear,weight_hollow_columns,weight_row_transition,weight_col_transition,weight_pit_count,weight_to_consider ,score
-0.6795506997854828,0.3901507277047398,-0.9344648164302234,0.2814242798217985,-0.6130105311238718,-0.9608344219230271,-0.6341568196414651,0.07126301162639082,"[0, 1, 2, 3]",34.07000000000003
0.4905763699065948,0.5891234202735898,-0.14828986714331327,-0.6522663694305639,0.8084162981929404,-0.8775014337797791,-0.7068797020608513,0.8879452114003297,"[0, 1, 2, 3]",14.029999999999996
0.5117347548969262,0.3008295658605664,0.21295197969898005,0.15886597193568264,0.18569771825613857,0.09949169992264673,0.12345702963889416,-0.4343375009472463,"[0, 1, 2, 3]",11.026
-0.04928838921554757,0.058968560999544506,0.996544284376321,0.10024069521858414,0.9372077936663528,0.8039274905592104,0.6957257959726761,0.7493975108685396,"[0, 1, 2, 3]",8.020000000000001
-0.29499624409007175,-0.278300524957537,-0.5021580103957044,-0.3015907763303485,-0.9725414367326171,0.9225581839660077,-0.6118498783332198,0.845612058344797,"[0, 1, 2, 3]",352.36799999999835
0.030071692925247806,-0.8100977812545918,-0.2218988171166223,-0.05314911227852526,-0.344471739871536,0.0052159511047604745,0.048385025750536936,0.12372940335546434,"[0, 1, 2, 3]",388.36799999999823
0.9498017714794975,-0.17914480424379753,0.5655387556847133,0.3153829617332178,-0.1822602074247308,-0.7849852830442456,-0.7770129246061406,0.6961510907773967,"[0, 1, 2, 3]",13.024000000000001
-0.27261758992118024,0.7169544000686736,0.05204191244599499,0.017329328126167276,0.7687457768519839,-0.7899020601034679,-0.5119216061681264,0.4239755274958539,"[0, 1, 2, 3]",17.044999999999995
0.17037052579074774,0.534080879891969,-0.7021997476075583,-0.4680619736592373,0.10442502584050395,-0.04302595143916976,0.3797664359640138,0.10092020516476996,"[0, 1, 2, 3]",16.036999999999992
