weight_holes,weight_height,weight_bumpiness,weight_line_clear,weight_hollow_columns,weight_row_transition,weight_col_transition,weight_pit_count,weight_to_consider ,score
-0.45721905410160724,-0.5148379779412229,-0.3169882927693213,0.5526692808158695,-0.6888663263955255,-0.29360518425559334,-0.38637431762668606,0.6813996953023858,"[0, 1, 2, 3]",346.3699999999991
0.681949296750211,0.13869097624945836,-0.49927484341918227,0.31753990821969635,-0.9423649024054188,-0.39628370115525535,0.3074817953948552,-0.36281137380860073,"[0, 1, 2, 3]",17.037999999999993
0.9910320406092177,0.6053890942731093,0.2615907183915316,0.12856307037434922,0.12113705359934324,0.8715275810309759,-0.7582836443905696,-0.6123591347703643,"[0, 1, 2, 3]",14.032999999999998
-0.08833184198364807,-0.8372113875771665,0.2303219533712142,-0.5084749403661784,-0.7040116533796865,-0.8250637637902152,-0.009966690794721345,0.24309547128402587,"[0, 1, 2, 3]",22.066000000000006
-0.8522417706654752,0.8648403163650755,0.03325847431862505,-0.16637270113072633,0.4958669218369225,0.42302507746262674,0.1493200663836296,-0.69627716677424,"[0, 1, 2, 3]",8.019000000000002
0.4068890418643638,0.4012954181514634,0.2991275154565576,0.263265302460846,0.09709683658438184,-0.3306966976945609,-0.17156517873952226,0.4272275277869819,"[0, 1, 2, 3]",14.032999999999998
-0.32082975341724795,-0.960947169216392,-0.334150835184408,-0.1633154769669869,-0.9171159503470867,0.15694732851445625,0.58407898137754,-0.4708498538364341,"[0, 1, 2, 3]",358.3659999999983
-0.22619002125249832,0.4282828541196855,-0.1003454073354555,-0.7233764396838471,-0.016504506886854786,-0.09080775541211206,0.7724086641084038,0.28761130102341204,"[0, 1, 2, 3]",16.042999999999992
-0.037865608504785486,-0.9423097130280824,0.4450673060310606,-0.5863692609153595,-0.6894960749842438,-0.012060191559730704,0.09349898287858216,0.9888259322198696,"[0, 1, 2, 3]",15.038999999999993
