weight_holes,weight_height,weight_bumpiness,weight_line_clear,weight_hollow_columns,weight_row_transition,weight_col_transition,weight_pit_count,weight_to_consider ,score
-0.33140006211943174,-0.533521685592701,-0.6699362878272113,0.14909632302279263,0.4340152190680302,0.025363812949579012,-0.2751061068106744,0.3475427671501903,"[0, 1, 2, 3]",365.36299999999824
-0.3032496837455114,0.8433039668445825,0.2036817713640786,-0.5736103997562916,-0.8992234224218323,0.20135375980371606,-0.7156503529844052,0.19760766550551545,"[0, 1, 2, 3]",12.026
-0.8188207977588249,-0.09947465336966688,0.871693451789505,-0.9891456163047927,0.7093862767999313,0.06492432112654489,-0.1636505979038383,-0.40053758398280914,"[0, 1, 2, 3]",19.057999999999996
-0.28681953308983,0.2520484853013478,0.43174143156287603,0.14683246450239307,-0.6033693460737757,0.9995947515359491,0.883048953189481,0.265018642807308,"[0, 1, 2, 3]",13.036999999999997
0.2431200698691316,-0.8735619210204233,0.9226297194148636,0.2065926576087258,-0.14228223350000002,-0.7380935496016645,-0.9023254694793972,-0.19247721938679518,"[0, 1, 2, 3]",14.041999999999998
-0.5192482114484256,-0.24633935071562818,-0.4242776855297845,-0.16145500927223644,-0.7515675648365125,-0.7052308900313391,-0.5229987549446384,0.22634484410804467,"[0, 1, 2, 3]",335.3689999999991
0.4299663299908283,-0.5074870013479591,-0.3417140427616434,0.4267124463805647,0.10038464736243147,-0.014523482857374592,-0.7203365749496944,-0.9163071330629626,"[0, 1, 2, 3]",218.26700000000085
0.03510621656505353,0.6946760273781558,-0.30907543083987554,0.19030949592279867,-0.269051738854714,0.1354731435478893,-0.17661620086140029,0.6225062680520248,"[0, 1, 2, 3]",12.028999999999998
0.31091325499757705,-0.8003173434053377,0.100377842711314,-0.1777183495320065,-0.9351650331594585,-0.6408049210133593,-0.04533709410585707,-0.9937599626066871,"[0, 1, 2, 3]",30.07700000000002
